Record ID,Employee ID,Employee Name,Team,Process,Date,Shift,Records Received,Records Processed,Records Pending,Errors,Rework,SLA Target,SLA Achieved,Processing Time,Working Hours,Quality Score,Attendance,Status,Productivity,Productivity %,Error Rate %,Accuracy %,Rework Rate %,SLA %,SLA Breach,Attendance %,Absenteeism %,Processing Ratio %,Opening Backlog,Closing Backlog,Backlog Status,Productivity Band,Quality Band,SLA Band
REC000001,EMP001,Employee 001,Team A,Document Verification,2026-07-01,General,116,82,34,3,1,95,79,4.07,8.0,96.56,Present,Partial,10.25,68.33,3.66,96.34,1.22,96.34,No,100,0,70.69,0,1266,Backlog Exists,Low,Good,Met
REC000002,EMP002,Employee 002,Team A,Document Verification,2026-07-01,General,118,84,34,2,1,95,74,4.38,8.0,97.88,Present,Partial,10.5,70.0,2.38,97.62,1.19,88.1,Yes,100,0,71.19,0,1266,Backlog Exists,Low,Good,Breached
REC000003,EMP003,Employee 003,Team A,Document Verification,2026-07-01,General,0,0,0,0,0,95,0,4.79,0.0,96.17,Absent,Pending,0.0,0.0,0.0,100.0,0.0,0.0,Yes,0,100,0.0,0,1266,Backlog Exists,Low,Good,Breached
REC000004,EMP004,Employee 004,Team A,Document Verification,2026-07-01,Night,87,61,26,3,1,95,54,4.48,8.0,95.76,Present,Partial,7.62,50.83,4.92,95.08,1.64,88.52,Yes,100,0,70.11,0,1266,Backlog Exists,Low,Good,Breached
REC000005,EMP005,Employee 005,Team A,Document Verification,2026-07-01,Night,143,101,42,2,3,95,98,6.57,8.0,97.73,Present,Partial,12.62,84.17,1.98,98.02,2.97,97.03,No,100,0,70.63,0,1266,Backlog Exists,Average,Good,Met
REC000006,EMP006,Employee 006,Team A,Document Verification,2026-07-01,Afternoon,142,101,41,3,3,95,86,5.78,8.0,97.08,Present,Partial,12.62,84.17,2.97,97.03,2.97,85.15,Yes,100,0,71.13,0,1266,Backlog Exists,Average,Good,Breached
REC000007,EMP007,Employee 007,Team A,Document Verification,2026-07-01,General,72,51,21,3,1,95,40,7.15,8.0,94.01,Present,Partial,6.38,42.5,5.88,94.12,1.96,78.43,Yes,100,0,70.83,0,1266,Backlog Exists,Low,Average,Breached
REC000008,EMP008,Employee 008,Team A,Document Verification,2026-07-01,General,109,77,32,4,0,95,74,4.59,8.0,94.74,Present,Partial,9.62,64.17,5.19,94.81,0.0,96.1,No,100,0,70.64,0,1266,Backlog Exists,Low,Average,Met
REC000009,EMP009,Employee 009,Team A,Document Verification,2026-07-01,General,82,58,24,5,2,95,50,6.65,8.0,91.62,Present,Partial,7.25,48.33,8.62,91.38,3.45,86.21,Yes,100,0,70.73,0,1266,Backlog Exists,Low,Average,Breached
REC000010,EMP010,Employee 010,Team A,Document Verification,2026-07-01,General,163,117,46,2,3,95,112,3.11,8.0,98.62,Present,Partial,14.62,97.5,1.71,98.29,2.56,95.73,No,100,0,71.78,0,1266,Backlog Exists,High,Excellent,Met
REC000011,EMP011,Employee 011,Team B,Data Entry,2026-07-01,General,175,105,70,7,2,95,94,4.47,8.0,93.09,Present,Partial,13.12,87.5,6.67,93.33,1.9,89.52,Yes,100,0,60.0,0,1266,Backlog Exists,Average,Average,Breached
REC000012,EMP012,Employee 012,Team B,Data Entry,2026-07-01,Afternoon,180,108,72,1,3,95,100,4.58,7.5,99.23,Late,Partial,14.4,96.0,0.93,99.07,2.78,92.59,Yes,100,0,60.0,0,1266,Backlog Exists,High,Excellent,At Risk
REC000013,EMP013,Employee 013,Team B,Data Entry,2026-07-01,Night,105,63,42,4,1,95,60,4.95,8.0,94.25,Present,Partial,7.88,52.5,6.35,93.65,1.59,95.24,No,100,0,60.0,0,1266,Backlog Exists,Low,Average,Met
REC000014,EMP014,Employee 014,Team B,Data Entry,2026-07-01,Morning,171,103,68,3,2,95,93,5.58,8.0,97.53,Present,Partial,12.88,85.83,2.91,97.09,1.94,90.29,Yes,100,0,60.23,0,1266,Backlog Exists,Average,Good,At Risk
REC000015,EMP015,Employee 015,Team B,Data Entry,2026-07-01,Night,114,69,45,5,2,95,54,6.07,8.0,92.68,Present,Partial,8.62,57.5,7.25,92.75,2.9,78.26,Yes,100,0,60.53,0,1266,Backlog Exists,Low,Average,Breached
REC000016,EMP016,Employee 016,Team B,Data Entry,2026-07-01,Night,0,0,0,0,0,95,0,4.57,0.0,99.31,Leave,Pending,0.0,0.0,0.0,100.0,0.0,0.0,Yes,0,100,0.0,0,1266,Backlog Exists,Low,Excellent,Breached
REC000017,EMP017,Employee 017,Team B,Data Entry,2026-07-01,Afternoon,128,77,51,7,5,95,66,3.3,8.0,91.17,Present,Partial,9.62,64.17,9.09,90.91,6.49,85.71,Yes,100,0,60.16,0,1266,Backlog Exists,Low,Average,Breached
REC000018,EMP018,Employee 018,Team B,Data Entry,2026-07-01,Morning,165,99,66,5,1,95,89,4.94,7.5,94.53,Late,Partial,13.2,88.0,5.05,94.95,1.01,89.9,Yes,100,0,60.0,0,1266,Backlog Exists,Average,Average,Breached
REC000019,EMP019,Employee 019,Team B,Data Entry,2026-07-01,Night,175,105,70,2,2,95,104,6.49,8.0,98.12,Present,Partial,13.12,87.5,1.9,98.1,1.9,99.05,No,100,0,60.0,0,1266,Backlog Exists,Average,Excellent,Met
REC000020,EMP020,Employee 020,Team B,Data Entry,2026-07-01,Afternoon,41,27,14,3,0,95,21,5.0,4.0,89.46,Half Day,Partial,6.75,45.0,11.11,88.89,0.0,77.78,Yes,50,0,65.85,0,1266,Backlog Exists,Low,Needs Improvement,Breached
REC000021,EMP021,Employee 021,Team C,Application Processing,2026-07-01,Afternoon,189,132,57,3,4,95,120,4.29,8.0,97.98,Present,Partial,16.5,100.0,2.27,97.73,3.03,90.91,Yes,100,0,69.84,0,1266,Backlog Exists,High,Good,At Risk
REC000022,EMP022,Employee 022,Team C,Application Processing,2026-07-01,General,113,79,34,5,1,95,74,3.55,8.0,93.97,Present,Partial,9.88,65.83,6.33,93.67,1.27,93.67,Yes,100,0,69.91,0,1266,Backlog Exists,Low,Average,At Risk
REC000023,EMP023,Employee 023,Team C,Application Processing,2026-07-01,Night,149,104,45,3,4,95,102,2.8,8.0,97.4,Present,Partial,13.0,86.67,2.88,97.12,3.85,98.08,No,100,0,69.8,0,1266,Backlog Exists,Average,Good,Met
REC000024,EMP024,Employee 024,Team C,Application Processing,2026-07-01,Night,88,62,26,3,2,95,55,3.74,8.0,95.17,Present,Partial,7.75,51.67,4.84,95.16,3.23,88.71,Yes,100,0,70.45,0,1266,Backlog Exists,Low,Good,Breached
REC000025,EMP025,Employee 025,Team C,Application Processing,2026-07-01,Afternoon,98,68,30,4,1,95,62,6.66,8.0,93.4,Present,Partial,8.5,56.67,5.88,94.12,1.47,91.18,Yes,100,0,69.39,0,1266,Backlog Exists,Low,Average,At Risk
REC000026,EMP026,Employee 026,Team C,Application Processing,2026-07-01,Afternoon,143,100,43,2,1,95,92,6.28,8.0,98.33,Present,Partial,12.5,83.33,2.0,98.0,1.0,92.0,Yes,100,0,69.93,0,1266,Backlog Exists,Average,Excellent,At Risk
REC000027,EMP027,Employee 027,Team C,Application Processing,2026-07-01,Afternoon,95,66,29,3,1,95,57,3.19,8.0,95.58,Present,Partial,8.25,55.0,4.55,95.45,1.52,86.36,Yes,100,0,69.47,0,1266,Backlog Exists,Low,Good,Breached
REC000028,EMP028,Employee 028,Team C,Application Processing,2026-07-01,Morning,86,60,26,5,0,95,46,4.96,8.0,91.96,Present,Partial,7.5,50.0,8.33,91.67,0.0,76.67,Yes,100,0,69.77,0,1266,Backlog Exists,Low,Average,Breached
REC000029,EMP029,Employee 029,Team C,Application Processing,2026-07-01,Morning,157,110,47,3,2,95,109,3.49,8.0,97.28,Present,Partial,13.75,91.67,2.73,97.27,1.82,99.09,No,100,0,70.06,0,1266,Backlog Exists,High,Good,Met
REC000030,EMP030,Employee 030,Team C,Application Processing,2026-07-01,General,112,79,33,5,2,95,63,6.01,8.0,93.34,Present,Partial,9.88,65.83,6.33,93.67,2.53,79.75,Yes,100,0,70.54,0,1266,Backlog Exists,Low,Average,Breached
REC000031,EMP031,Employee 031,Team D,Quality Review,2026-07-01,General,102,90,12,6,2,95,81,5.62,7.5,93.19,Late,Partial,12.0,80.0,6.67,93.33,2.22,90.0,Yes,100,0,88.24,0,1266,Backlog Exists,Average,Average,At Risk
REC000032,EMP032,Employee 032,Team D,Quality Review,2026-07-01,Afternoon,41,36,5,3,1,95,28,6.18,8.0,90.7,Present,Partial,4.5,30.0,8.33,91.67,2.78,77.78,Yes,100,0,87.8,0,1266,Backlog Exists,Low,Average,Breached
REC000033,EMP033,Employee 033,Team D,Quality Review,2026-07-01,Morning,0,0,0,0,0,95,0,4.67,0.0,94.74,Leave,Pending,0.0,0.0,0.0,100.0,0.0,0.0,Yes,0,100,0.0,0,1266,Backlog Exists,Low,Average,Breached
REC000034,EMP034,Employee 034,Team D,Quality Review,2026-07-01,Night,93,82,11,6,4,95,74,3.51,8.0,92.19,Present,Partial,10.25,68.33,7.32,92.68,4.88,90.24,Yes,100,0,88.17,0,1266,Backlog Exists,Low,Average,At Risk
REC000035,EMP035,Employee 035,Team D,Quality Review,2026-07-01,Morning,105,92,13,5,2,95,88,5.25,7.5,94.25,Late,Partial,12.27,81.78,5.43,94.57,2.17,95.65,No,100,0,87.62,0,1266,Backlog Exists,Average,Average,Met
REC000036,EMP036,Employee 036,Team D,Quality Review,2026-07-01,Night,93,82,11,5,2,95,77,3.95,8.0,94.19,Present,Partial,10.25,68.33,6.1,93.9,2.44,93.9,Yes,100,0,88.17,0,1266,Backlog Exists,Low,Average,At Risk
REC000037,EMP037,Employee 037,Team D,Quality Review,2026-07-01,Afternoon,138,122,16,2,3,95,115,3.95,8.0,98.13,Present,Partial,15.25,100.0,1.64,98.36,2.46,94.26,Yes,100,0,88.41,0,1266,Backlog Exists,High,Excellent,At Risk
REC000038,EMP038,Employee 038,Team D,Quality Review,2026-07-01,General,96,85,11,6,3,95,81,4.42,8.0,93.27,Present,Partial,10.62,70.83,7.06,92.94,3.53,95.29,No,100,0,88.54,0,1266,Backlog Exists,Low,Average,Met
REC000039,EMP039,Employee 039,Team D,Quality Review,2026-07-01,Morning,98,87,11,2,2,95,80,4.97,8.0,97.78,Present,Partial,10.88,72.5,2.3,97.7,2.3,91.95,Yes,100,0,88.78,0,1266,Backlog Exists,Low,Good,At Risk
REC000040,EMP040,Employee 040,Team D,Quality Review,2026-07-01,Night,52,44,8,5,0,95,37,5.93,8.0,88.58,Present,Partial,5.5,36.67,11.36,88.64,0.0,84.09,Yes,100,0,84.62,0,1266,Backlog Exists,Low,Needs Improvement,Breached
REC000041,EMP001,Employee 001,Team A,Document Verification,2026-07-02,General,116,70,46,3,1,95,66,4.93,8.0,95.96,Present,Partial,8.75,58.33,4.29,95.71,1.43,94.29,Yes,100,0,60.34,1266,2762,Backlog Exists,Low,Good,At Risk
REC000042,EMP002,Employee 002,Team A,Document Verification,2026-07-02,General,0,0,0,0,0,95,0,4.32,0.0,94.89,Leave,Pending,0.0,0.0,0.0,100.0,0.0,0.0,Yes,0,100,0.0,1266,2762,Backlog Exists,Low,Average,Breached
REC000043,EMP003,Employee 003,Team A,Document Verification,2026-07-02,General,55,33,22,2,0,95,30,5.29,4.0,95.17,Half Day,Partial,8.25,55.0,6.06,93.94,0.0,90.91,Yes,50,0,60.0,1266,2762,Backlog Exists,Low,Good,At Risk
REC000044,EMP004,Employee 004,Team A,Document Verification,2026-07-02,Night,144,87,57,3,2,95,83,5.98,8.0,96.7,Present,Partial,10.88,72.5,3.45,96.55,2.3,95.4,No,100,0,60.42,1266,2762,Backlog Exists,Low,Good,Met
REC000045,EMP005,Employee 005,Team A,Document Verification,2026-07-02,Night,196,118,78,1,2,95,114,4.68,7.5,99.04,Late,Partial,15.73,100.0,0.85,99.15,1.69,96.61,No,100,0,60.2,1266,2762,Backlog Exists,High,Excellent,Met
REC000046,EMP006,Employee 006,Team A,Document Verification,2026-07-02,Afternoon,174,105,69,5,2,95,94,5.22,8.0,95.64,Present,Partial,13.12,87.5,4.76,95.24,1.9,89.52,Yes,100,0,60.34,1266,2762,Backlog Exists,Average,Good,Breached
REC000047,EMP007,Employee 007,Team A,Document Verification,2026-07-02,General,81,49,32,5,0,95,44,7.43,8.0,90.26,Present,Partial,6.12,40.83,10.2,89.8,0.0,89.8,Yes,100,0,60.49,1266,2762,Backlog Exists,Low,Average,Breached
REC000048,EMP008,Employee 008,Team A,Document Verification,2026-07-02,General,179,108,71,4,1,95,96,3.87,8.0,96.48,Present,Partial,13.5,90.0,3.7,96.3,0.93,88.89,Yes,100,0,60.34,1266,2762,Backlog Exists,High,Good,Breached
REC000049,EMP009,Employee 009,Team A,Document Verification,2026-07-02,General,101,61,40,6,2,95,52,5.77,8.0,90.06,Present,Partial,7.62,50.83,9.84,90.16,3.28,85.25,Yes,100,0,60.4,1266,2762,Backlog Exists,Low,Average,Breached
REC000050,EMP010,Employee 010,Team A,Document Verification,2026-07-02,General,212,130,82,0,5,95,123,4.34,8.0,99.75,Present,Partial,16.25,100.0,0.0,100.0,3.85,94.62,Yes,100,0,61.32,1266,2762,Backlog Exists,High,Excellent,At Risk
REC000051,EMP011,Employee 011,Team B,Data Entry,2026-07-02,General,168,94,74,2,2,95,89,4.57,8.0,97.93,Present,Partial,11.75,78.33,2.13,97.87,2.13,94.68,Yes,100,0,55.95,1266,2762,Backlog Exists,Average,Good,At Risk
REC000052,EMP012,Employee 012,Team B,Data Entry,2026-07-02,Afternoon,190,105,85,1,2,95,97,3.33,8.0,99.49,Present,Partial,13.12,87.5,0.95,99.05,1.9,92.38,Yes,100,0,55.26,1266,2762,Backlog Exists,Average,Excellent,At Risk
REC000053,EMP013,Employee 013,Team B,Data Entry,2026-07-02,Night,133,74,59,5,2,95,68,6.0,8.0,93.38,Present,Partial,9.25,61.67,6.76,93.24,2.7,91.89,Yes,100,0,55.64,1266,2762,Backlog Exists,Low,Average,At Risk
REC000054,EMP014,Employee 014,Team B,Data Entry,2026-07-02,Morning,118,65,53,2,1,95,61,6.03,8.0,97.57,Present,Partial,8.12,54.17,3.08,96.92,1.54,93.85,Yes,100,0,55.08,1266,2762,Backlog Exists,Low,Good,At Risk
REC000055,EMP015,Employee 015,Team B,Data Entry,2026-07-02,Night,105,58,47,5,0,95,45,4.78,8.0,90.64,Present,Partial,7.25,48.33,8.62,91.38,0.0,77.59,Yes,100,0,55.24,1266,2762,Backlog Exists,Low,Average,Breached
REC000056,EMP016,Employee 016,Team B,Data Entry,2026-07-02,Night,172,96,76,2,3,95,94,2.88,8.0,97.62,Present,Partial,12.0,80.0,2.08,97.92,3.12,97.92,No,100,0,55.81,1266,2762,Backlog Exists,Average,Good,Met
REC000057,EMP017,Employee 017,Team B,Data Entry,2026-07-02,Afternoon,163,90,73,11,5,95,75,3.35,8.0,87.62,Present,Partial,11.25,75.0,12.22,87.78,5.56,83.33,Yes,100,0,55.21,1266,2762,Backlog Exists,Average,Needs Improvement,Breached
REC000058,EMP018,Employee 018,Team B,Data Entry,2026-07-02,Morning,0,0,0,0,0,95,0,4.68,0.0,96.96,Leave,Pending,0.0,0.0,0.0,100.0,0.0,0.0,Yes,0,100,0.0,1266,2762,Backlog Exists,Low,Good,Breached
REC000059,EMP019,Employee 019,Team B,Data Entry,2026-07-02,Night,172,95,77,1,2,95,94,6.17,8.0,99.35,Present,Partial,11.88,79.17,1.05,98.95,2.11,98.95,No,100,0,55.23,1266,2762,Backlog Exists,Average,Excellent,Met
REC000060,EMP020,Employee 020,Team B,Data Entry,2026-07-02,Afternoon,108,63,45,3,1,95,51,4.59,8.0,94.86,Present,Partial,7.88,52.5,4.76,95.24,1.59,80.95,Yes,100,0,58.33,1266,2762,Backlog Exists,Low,Average,Breached
REC000061,EMP021,Employee 021,Team C,Application Processing,2026-07-02,Afternoon,183,139,44,0,3,95,127,4.04,8.0,99.92,Present,Partial,17.38,100.0,0.0,100.0,2.16,91.37,Yes,100,0,75.96,1266,2762,Backlog Exists,High,Excellent,At Risk
REC000062,EMP022,Employee 022,Team C,Application Processing,2026-07-02,General,116,89,27,6,2,95,82,4.42,8.0,93.16,Present,Partial,11.12,74.17,6.74,93.26,2.25,92.13,Yes,100,0,76.72,1266,2762,Backlog Exists,Low,Average,At Risk
REC000063,EMP023,Employee 023,Team C,Application Processing,2026-07-02,Night,164,125,39,0,1,95,120,4.05,8.0,99.68,Present,Partial,15.62,100.0,0.0,100.0,0.8,96.0,No,100,0,76.22,1266,2762,Backlog Exists,High,Excellent,Met
REC000064,EMP024,Employee 024,Team C,Application Processing,2026-07-02,Night,119,91,28,4,2,95,84,3.63,8.0,95.41,Present,Partial,11.38,75.83,4.4,95.6,2.2,92.31,Yes,100,0,76.47,1266,2762,Backlog Exists,Average,Good,At Risk
REC000065,EMP025,Employee 025,Team C,Application Processing,2026-07-02,Afternoon,123,93,30,5,0,95,87,5.39,8.0,94.89,Present,Partial,11.62,77.5,5.38,94.62,0.0,93.55,Yes,100,0,75.61,1266,2762,Backlog Exists,Average,Average,At Risk
REC000066,EMP026,Employee 026,Team C,Application Processing,2026-07-02,Afternoon,139,106,33,0,2,95,102,5.63,8.0,99.96,Present,Partial,13.25,88.33,0.0,100.0,1.89,96.23,No,100,0,76.26,1266,2762,Backlog Exists,Average,Excellent,Met
REC000067,EMP027,Employee 027,Team C,Application Processing,2026-07-02,Afternoon,105,80,25,3,0,95,69,5.75,8.0,96.6,Present,Partial,10.0,66.67,3.75,96.25,0.0,86.25,Yes,100,0,76.19,1266,2762,Backlog Exists,Low,Good,Breached
REC000068,EMP028,Employee 028,Team C,Application Processing,2026-07-02,Morning,78,60,18,4,1,95,45,7.32,8.0,93.91,Present,Partial,7.5,50.0,6.67,93.33,1.67,75.0,Yes,100,0,76.92,1266,2762,Backlog Exists,Low,Average,Breached
REC000069,EMP029,Employee 029,Team C,Application Processing,2026-07-02,Morning,171,130,41,2,1,95,128,3.3,8.0,98.19,Present,Partial,16.25,100.0,1.54,98.46,0.77,98.46,No,100,0,76.02,1266,2762,Backlog Exists,High,Excellent,Met
REC000070,EMP030,Employee 030,Team C,Application Processing,2026-07-02,General,79,62,17,4,0,95,52,4.78,8.0,93.88,Present,Partial,7.75,51.67,6.45,93.55,0.0,83.87,Yes,100,0,78.48,1266,2762,Backlog Exists,Low,Average,Breached
REC000071,EMP031,Employee 031,Team D,Quality Review,2026-07-02,General,112,100,12,7,3,95,96,6.59,8.0,93.09,Present,Partial,12.5,83.33,7.0,93.0,3.0,96.0,No,100,0,89.29,1266,2762,Backlog Exists,Average,Average,Met
REC000072,EMP032,Employee 032,Team D,Quality Review,2026-07-02,Afternoon,74,66,8,5,2,95,46,6.19,8.0,92.03,Present,Partial,8.25,55.0,7.58,92.42,3.03,69.7,Yes,100,0,89.19,1266,2762,Backlog Exists,Low,Average,Breached
REC000073,EMP033,Employee 033,Team D,Quality Review,2026-07-02,Morning,110,98,12,3,3,95,90,4.91,8.0,97.1,Present,Partial,12.25,81.67,3.06,96.94,3.06,91.84,Yes,100,0,89.09,1266,2762,Backlog Exists,Average,Good,At Risk
REC000074,EMP034,Employee 034,Team D,Quality Review,2026-07-02,Night,90,80,10,6,5,95,69,5.12,8.0,92.58,Present,Partial,10.0,66.67,7.5,92.5,6.25,86.25,Yes,100,0,88.89,1266,2762,Backlog Exists,Low,Average,Breached
REC000075,EMP035,Employee 035,Team D,Quality Review,2026-07-02,Morning,111,99,12,3,3,95,87,5.02,8.0,96.54,Present,Partial,12.38,82.5,3.03,96.97,3.03,87.88,Yes,100,0,89.19,1266,2762,Backlog Exists,Average,Good,Breached
REC000076,EMP036,Employee 036,Team D,Quality Review,2026-07-02,Night,92,81,11,2,1,95,75,4.48,8.0,97.66,Present,Partial,10.12,67.5,2.47,97.53,1.23,92.59,Yes,100,0,88.04,1266,2762,Backlog Exists,Low,Good,At Risk
REC000077,EMP037,Employee 037,Team D,Quality Review,2026-07-02,Afternoon,126,112,14,2,2,95,106,5.5,8.0,98.36,Present,Partial,14.0,93.33,1.79,98.21,1.79,94.64,Yes,100,0,88.89,1266,2762,Backlog Exists,High,Excellent,At Risk
REC000078,EMP038,Employee 038,Team D,Quality Review,2026-07-02,General,103,92,11,6,0,95,81,4.89,8.0,93.69,Present,Partial,11.5,76.67,6.52,93.48,0.0,88.04,Yes,100,0,89.32,1266,2762,Backlog Exists,Average,Average,Breached
REC000079,EMP039,Employee 039,Team D,Quality Review,2026-07-02,Morning,83,74,9,3,2,95,65,6.4,8.0,96.03,Present,Partial,9.25,61.67,4.05,95.95,2.7,87.84,Yes,100,0,89.16,1266,2762,Backlog Exists,Low,Good,Breached
REC000080,EMP040,Employee 040,Team D,Quality Review,2026-07-02,Night,83,74,9,5,1,95,67,7.67,8.0,93.22,Present,Partial,9.25,61.67,6.76,93.24,1.35,90.54,Yes,100,0,89.16,1266,2762,Backlog Exists,Low,Average,At Risk
REC000081,EMP001,Employee 001,Team A,Document Verification,2026-07-03,General,0,0,0,0,0,95,0,5.17,0.0,95.66,Leave,Pending,0.0,0.0,0.0,100.0,0.0,0.0,Yes,0,100,0.0,2762,3656,Backlog Exists,Low,Good,Breached
REC000082,EMP002,Employee 002,Team A,Document Verification,2026-07-03,General,120,95,25,5,1,95,89,5.77,8.0,95.16,Present,Partial,11.88,79.17,5.26,94.74,1.05,93.68,Yes,100,0,79.17,2762,3656,Backlog Exists,Average,Good,At Risk
REC000083,EMP003,Employee 003,Team A,Document Verification,2026-07-03,General,118,93,25,6,3,95,85,5.97,8.0,93.83,Present,Partial,11.62,77.5,6.45,93.55,3.23,91.4,Yes,100,0,78.81,2762,3656,Backlog Exists,Average,Average,At Risk
REC000084,EMP004,Employee 004,Team A,Document Verification,2026-07-03,Night,112,88,24,4,3,95,83,5.83,8.0,95.87,Present,Partial,11.0,73.33,4.55,95.45,3.41,94.32,Yes,100,0,78.57,2762,3656,Backlog Exists,Low,Good,At Risk
REC000085,EMP005,Employee 005,Team A,Document Verification,2026-07-03,Night,146,115,31,1,1,95,110,5.46,8.0,99.34,Present,Partial,14.38,95.83,0.87,99.13,0.87,95.65,No,100,0,78.77,2762,3656,Backlog Exists,High,Excellent,Met
REC000086,EMP006,Employee 006,Team A,Document Verification,2026-07-03,Afternoon,109,86,23,3,1,95,77,4.83,8.0,96.77,Present,Partial,10.75,71.67,3.49,96.51,1.16,89.53,Yes,100,0,78.9,2762,3656,Backlog Exists,Low,Good,Breached
REC000087,EMP007,Employee 007,Team A,Document Verification,2026-07-03,General,68,54,14,4,1,95,45,5.85,8.0,92.23,Present,Partial,6.75,45.0,7.41,92.59,1.85,83.33,Yes,100,0,79.41,2762,3656,Backlog Exists,Low,Average,Breached
REC000088,EMP008,Employee 008,Team A,Document Verification,2026-07-03,General,127,100,27,3,1,95,93,5.26,8.0,96.86,Present,Partial,12.5,83.33,3.0,97.0,1.0,93.0,Yes,100,0,78.74,2762,3656,Backlog Exists,Average,Good,At Risk
REC000089,EMP009,Employee 009,Team A,Document Verification,2026-07-03,General,73,57,16,4,1,95,50,7.68,8.0,93.01,Present,Partial,7.12,47.5,7.02,92.98,1.75,87.72,Yes,100,0,78.08,2762,3656,Backlog Exists,Low,Average,Breached
REC000090,EMP010,Employee 010,Team A,Document Verification,2026-07-03,General,151,121,30,3,2,95,116,4.9,8.0,97.68,Present,Partial,15.12,100.0,2.48,97.52,1.65,95.87,No,100,0,80.13,2762,3656,Backlog Exists,High,Good,Met
REC000091,EMP011,Employee 011,Team B,Data Entry,2026-07-03,General,100,70,30,2,1,95,66,5.41,8.0,96.72,Present,Partial,8.75,58.33,2.86,97.14,1.43,94.29,Yes,100,0,70.0,2762,3656,Backlog Exists,Low,Good,At Risk
REC000092,EMP012,Employee 012,Team B,Data Entry,2026-07-03,Afternoon,163,114,49,3,2,95,107,4.47,8.0,97.34,Present,Partial,14.25,95.0,2.63,97.37,1.75,93.86,Yes,100,0,69.94,2762,3656,Backlog Exists,High,Good,At Risk
REC000093,EMP013,Employee 013,Team B,Data Entry,2026-07-03,Night,136,95,41,2,2,95,83,6.65,8.0,97.59,Present,Partial,11.88,79.17,2.11,97.89,2.11,87.37,Yes,100,0,69.85,2762,3656,Backlog Exists,Average,Good,Breached
REC000094,EMP014,Employee 014,Team B,Data Entry,2026-07-03,Morning,129,90,39,5,2,95,80,3.14,8.0,94.24,Present,Partial,11.25,75.0,5.56,94.44,2.22,88.89,Yes,100,0,69.77,2762,3656,Backlog Exists,Average,Average,Breached
REC000095,EMP015,Employee 015,Team B,Data Entry,2026-07-03,Night,50,35,15,3,1,95,27,4.59,8.0,90.18,Present,Partial,4.38,29.17,8.57,91.43,2.86,77.14,Yes,100,0,70.0,2762,3656,Backlog Exists,Low,Average,Breached
REC000096,EMP016,Employee 016,Team B,Data Entry,2026-07-03,Night,173,121,52,2,4,95,117,4.68,8.0,98.55,Present,Partial,15.12,100.0,1.65,98.35,3.31,96.69,No,100,0,69.94,2762,3656,Backlog Exists,High,Excellent,Met
REC000097,EMP017,Employee 017,Team B,Data Entry,2026-07-03,Afternoon,98,69,29,6,3,95,59,4.4,8.0,91.12,Present,Partial,8.62,57.5,8.7,91.3,4.35,85.51,Yes,100,0,70.41,2762,3656,Backlog Exists,Low,Average,Breached
REC000098,EMP018,Employee 018,Team B,Data Entry,2026-07-03,Morning,99,69,30,3,1,95,63,6.35,8.0,95.34,Present,Partial,8.62,57.5,4.35,95.65,1.45,91.3,Yes,100,0,69.7,2762,3656,Backlog Exists,Low,Good,At Risk
REC000099,EMP019,Employee 019,Team B,Data Entry,2026-07-03,Night,133,93,40,1,1,95,91,4.7,8.0,98.76,Present,Partial,11.62,77.5,1.08,98.92,1.08,97.85,No,100,0,69.92,2762,3656,Backlog Exists,Average,Excellent,Met
REC000100,EMP020,Employee 020,Team B,Data Entry,2026-07-03,Afternoon,78,56,22,5,1,95,47,4.91,8.0,91.37,Present,Partial,7.0,46.67,8.93,91.07,1.79,83.93,Yes,100,0,71.79,2762,3656,Backlog Exists,Low,Average,Breached
REC000101,EMP021,Employee 021,Team C,Application Processing,2026-07-03,Afternoon,174,137,37,3,1,95,128,6.14,8.0,97.97,Present,Partial,17.12,100.0,2.19,97.81,0.73,93.43,Yes,100,0,78.74,2762,3656,Backlog Exists,High,Good,At Risk
REC000102,EMP022,Employee 022,Team C,Application Processing,2026-07-03,General,128,101,27,3,2,95,95,6.64,8.0,97.38,Present,Partial,12.62,84.17,2.97,97.03,1.98,94.06,Yes,100,0,78.91,2762,3656,Backlog Exists,Average,Good,At Risk
REC000103,EMP023,Employee 023,Team C,Application Processing,2026-07-03,Night,155,122,33,1,2,95,120,4.24,7.5,98.87,Late,Partial,16.27,100.0,0.82,99.18,1.64,98.36,No,100,0,78.71,2762,3656,Backlog Exists,High,Excellent,Met
REC000104,EMP024,Employee 024,Team C,Application Processing,2026-07-03,Night,104,82,22,2,1,95,77,4.45,8.0,97.15,Present,Partial,10.25,68.33,2.44,97.56,1.22,93.9,Yes,100,0,78.85,2762,3656,Backlog Exists,Low,Good,At Risk
REC000105,EMP025,Employee 025,Team C,Application Processing,2026-07-03,Afternoon,110,87,23,2,1,95,80,3.46,8.0,97.31,Present,Partial,10.88,72.5,2.3,97.7,1.15,91.95,Yes,100,0,79.09,2762,3656,Backlog Exists,Low,Good,At Risk
REC000106,EMP026,Employee 026,Team C,Application Processing,2026-07-03,Afternoon,140,110,30,1,4,95,104,4.53,8.0,98.7,Present,Partial,13.75,91.67,0.91,99.09,3.64,94.55,Yes,100,0,78.57,2762,3656,Backlog Exists,High,Excellent,At Risk
REC000107,EMP027,Employee 027,Team C,Application Processing,2026-07-03,Afternoon,133,105,28,3,3,95,93,5.58,8.0,96.71,Present,Partial,13.12,87.5,2.86,97.14,2.86,88.57,Yes,100,0,78.95,2762,3656,Backlog Exists,Average,Good,Breached
REC000108,EMP028,Employee 028,Team C,Application Processing,2026-07-03,Morning,89,70,19,6,0,95,63,6.95,8.0,90.95,Present,Partial,8.75,58.33,8.57,91.43,0.0,90.0,Yes,100,0,78.65,2762,3656,Backlog Exists,Low,Average,At Risk
REC000109,EMP029,Employee 029,Team C,Application Processing,2026-07-03,Morning,81,64,17,0,1,95,63,4.77,4.0,99.47,Half Day,Partial,16.0,100.0,0.0,100.0,1.56,98.44,No,50,0,79.01,2762,3656,Backlog Exists,High,Excellent,Met
REC000110,EMP030,Employee 030,Team C,Application Processing,2026-07-03,General,94,74,20,7,1,95,64,4.07,7.5,90.84,Late,Partial,9.87,65.78,9.46,90.54,1.35,86.49,Yes,100,0,78.72,2762,3656,Backlog Exists,Low,Average,Breached
REC000111,EMP031,Employee 031,Team D,Quality Review,2026-07-03,General,102,93,9,5,2,95,83,6.37,8.0,94.35,Present,Partial,11.62,77.5,5.38,94.62,2.15,89.25,Yes,100,0,91.18,2762,3656,Backlog Exists,Average,Average,Breached
REC000112,EMP032,Employee 032,Team D,Quality Review,2026-07-03,Afternoon,67,61,6,4,2,95,44,5.74,8.0,93.92,Present,Partial,7.62,50.83,6.56,93.44,3.28,72.13,Yes,100,0,91.04,2762,3656,Backlog Exists,Low,Average,Breached
REC000113,EMP033,Employee 033,Team D,Quality Review,2026-07-03,Morning,99,90,9,5,2,95,84,5.39,8.0,94.76,Present,Partial,11.25,75.0,5.56,94.44,2.22,93.33,Yes,100,0,90.91,2762,3656,Backlog Exists,Average,Average,At Risk
REC000114,EMP034,Employee 034,Team D,Quality Review,2026-07-03,Night,97,89,8,8,2,95,85,3.41,8.0,91.07,Present,Partial,11.12,74.17,8.99,91.01,2.25,95.51,No,100,0,91.75,2762,3656,Backlog Exists,Low,Average,Met
REC000115,EMP035,Employee 035,Team D,Quality Review,2026-07-03,Morning,115,105,10,6,3,95,101,6.16,8.0,94.57,Present,Partial,13.12,87.5,5.71,94.29,2.86,96.19,No,100,0,91.3,2762,3656,Backlog Exists,Average,Average,Met
REC000116,EMP036,Employee 036,Team D,Quality Review,2026-07-03,Night,94,86,8,3,2,95,76,6.83,8.0,96.45,Present,Partial,10.75,71.67,3.49,96.51,2.33,88.37,Yes,100,0,91.49,2762,3656,Backlog Exists,Low,Good,Breached
REC000117,EMP037,Employee 037,Team D,Quality Review,2026-07-03,Afternoon,121,110,11,1,3,95,104,4.96,8.0,99.28,Present,Partial,13.75,91.67,0.91,99.09,2.73,94.55,Yes,100,0,90.91,2762,3656,Backlog Exists,High,Excellent,At Risk
REC000118,EMP038,Employee 038,Team D,Quality Review,2026-07-03,General,0,0,0,0,0,95,0,3.21,0.0,97.52,Leave,Pending,0.0,0.0,0.0,100.0,0.0,0.0,Yes,0,100,0.0,2762,3656,Backlog Exists,Low,Good,Breached
REC000119,EMP039,Employee 039,Team D,Quality Review,2026-07-03,Morning,116,105,11,4,1,95,97,7.0,8.0,96.35,Present,Partial,13.12,87.5,3.81,96.19,0.95,92.38,Yes,100,0,90.52,2762,3656,Backlog Exists,Average,Good,At Risk
REC000120,EMP040,Employee 040,Team D,Quality Review,2026-07-03,Night,46,42,4,3,1,95,33,4.71,7.5,91.89,Late,Partial,5.6,37.33,7.14,92.86,2.38,78.57,Yes,100,0,91.3,2762,3656,Backlog Exists,Low,Average,Breached
REC000121,EMP001,Employee 001,Team A,Document Verification,2026-07-04,General,68,88,0,4,2,95,85,3.0,8.0,95.09,Present,Completed,11.0,73.33,4.55,95.45,2.27,96.59,No,100,0,129.41,3656,3251,Backlog Exists,Low,Good,Met
REC000122,EMP002,Employee 002,Team A,Document Verification,2026-07-04,General,80,104,0,6,2,95,100,3.28,8.0,93.93,Present,Completed,13.0,86.67,5.77,94.23,1.92,96.15,No,100,0,130.0,3656,3251,Backlog Exists,Average,Average,Met
REC000123,EMP003,Employee 003,Team A,Document Verification,2026-07-04,General,69,90,0,6,1,95,79,3.15,8.0,93.05,Present,Completed,11.25,75.0,6.67,93.33,1.11,87.78,Yes,100,0,130.43,3656,3251,Backlog Exists,Average,Average,Breached
REC000124,EMP004,Employee 004,Team A,Document Verification,2026-07-04,Night,73,94,0,4,2,95,85,4.59,8.0,95.4,Present,Completed,11.75,78.33,4.26,95.74,2.13,90.43,Yes,100,0,128.77,3656,3251,Backlog Exists,Average,Good,At Risk
REC000125,EMP005,Employee 005,Team A,Document Verification,2026-07-04,Night,93,121,0,3,2,95,118,5.73,8.0,97.28,Present,Completed,15.12,100.0,2.48,97.52,1.65,97.52,No,100,0,130.11,3656,3251,Backlog Exists,High,Good,Met
REC000126,EMP006,Employee 006,Team A,Document Verification,2026-07-04,Afternoon,72,93,0,4,1,95,85,5.36,8.0,95.34,Present,Completed,11.62,77.5,4.3,95.7,1.08,91.4,Yes,100,0,129.17,3656,3251,Backlog Exists,Average,Good,At Risk
REC000127,EMP007,Employee 007,Team A,Document Verification,2026-07-04,General,45,59,0,6,2,95,44,4.33,8.0,89.94,Present,Completed,7.38,49.17,10.17,89.83,3.39,74.58,Yes,100,0,131.11,3656,3251,Backlog Exists,Low,Needs Improvement,Breached
REC000128,EMP008,Employee 008,Team A,Document Verification,2026-07-04,General,83,107,0,7,4,95,101,4.04,8.0,93.62,Present,Completed,13.38,89.17,6.54,93.46,3.74,94.39,Yes,100,0,128.92,3656,3251,Backlog Exists,Average,Average,At Risk
REC000129,EMP009,Employee 009,Team A,Document Verification,2026-07-04,General,53,69,0,5,2,95,62,6.81,8.0,92.12,Present,Completed,8.62,57.5,7.25,92.75,2.9,89.86,Yes,100,0,130.19,3656,3251,Backlog Exists,Low,Average,Breached
REC000130,EMP010,Employee 010,Team A,Document Verification,2026-07-04,General,103,132,0,0,4,95,125,4.07,8.0,99.97,Present,Completed,16.5,100.0,0.0,100.0,3.03,94.7,Yes,100,0,128.16,3656,3251,Backlog Exists,High,Excellent,At Risk
REC000131,EMP011,Employee 011,Team B,Data Entry,2026-07-04,General,68,69,0,4,1,95,60,6.41,8.0,94.36,Present,Completed,8.62,57.5,5.8,94.2,1.45,86.96,Yes,100,0,101.47,3656,3251,Backlog Exists,Low,Average,Breached
REC000132,EMP012,Employee 012,Team B,Data Entry,2026-07-04,Afternoon,112,113,0,3,2,95,107,3.82,8.0,97.11,Present,Completed,14.12,94.17,2.65,97.35,1.77,94.69,Yes,100,0,100.89,3656,3251,Backlog Exists,High,Good,At Risk
REC000133,EMP013,Employee 013,Team B,Data Entry,2026-07-04,Night,104,105,0,7,3,95,92,5.13,8.0,93.03,Present,Completed,13.12,87.5,6.67,93.33,2.86,87.62,Yes,100,0,100.96,3656,3251,Backlog Exists,Average,Average,Breached
REC000134,EMP014,Employee 014,Team B,Data Entry,2026-07-04,Morning,93,94,0,2,1,95,90,6.97,8.0,97.81,Present,Completed,11.75,78.33,2.13,97.87,1.06,95.74,No,100,0,101.08,3656,3251,Backlog Exists,Average,Good,Met
REC000135,EMP015,Employee 015,Team B,Data Entry,2026-07-04,Night,59,59,0,7,2,95,49,7.7,8.0,88.43,Present,Completed,7.38,49.17,11.86,88.14,3.39,83.05,Yes,100,0,100.0,3656,3251,Backlog Exists,Low,Needs Improvement,Breached
REC000136,EMP016,Employee 016,Team B,Data Entry,2026-07-04,Night,111,112,0,1,2,95,111,5.53,8.0,98.99,Present,Completed,14.0,93.33,0.89,99.11,1.79,99.11,No,100,0,100.9,3656,3251,Backlog Exists,High,Excellent,Met
REC000137,EMP017,Employee 017,Team B,Data Entry,2026-07-04,Afternoon,52,52,0,4,1,95,44,3.42,4.0,92.6,Half Day,Completed,13.0,86.67,7.69,92.31,1.92,84.62,Yes,50,0,100.0,3656,3251,Backlog Exists,Average,Average,Breached
REC000138,EMP018,Employee 018,Team B,Data Entry,2026-07-04,Morning,95,96,0,3,1,95,92,6.85,8.0,96.49,Present,Completed,12.0,80.0,3.12,96.88,1.04,95.83,No,100,0,101.05,3656,3251,Backlog Exists,Average,Good,Met
REC000139,EMP019,Employee 019,Team B,Data Entry,2026-07-04,Night,132,133,0,2,4,95,126,5.99,8.0,98.4,Present,Completed,16.62,100.0,1.5,98.5,3.01,94.74,Yes,100,0,100.76,3656,3251,Backlog Exists,High,Excellent,At Risk
REC000140,EMP020,Employee 020,Team B,Data Entry,2026-07-04,Afternoon,60,58,2,3,0,95,46,4.73,8.0,94.36,Present,Partial,7.25,48.33,5.17,94.83,0.0,79.31,Yes,100,0,96.67,3656,3251,Backlog Exists,Low,Average,Breached
REC000141,EMP021,Employee 021,Team C,Application Processing,2026-07-04,Afternoon,104,119,0,1,3,95,112,5.94,8.0,98.94,Present,Completed,14.88,99.17,0.84,99.16,2.52,94.12,Yes,100,0,114.42,3656,3251,Backlog Exists,High,Excellent,At Risk
REC000142,EMP022,Employee 022,Team C,Application Processing,2026-07-04,General,69,79,0,2,1,95,69,3.64,8.0,97.09,Present,Completed,9.88,65.83,2.53,97.47,1.27,87.34,Yes,100,0,114.49,3656,3251,Backlog Exists,Low,Good,Breached
REC000143,EMP023,Employee 023,Team C,Application Processing,2026-07-04,Night,104,119,0,2,4,95,113,6.01,8.0,98.41,Present,Completed,14.88,99.17,1.68,98.32,3.36,94.96,Yes,100,0,114.42,3656,3251,Backlog Exists,High,Excellent,At Risk
REC000144,EMP024,Employee 024,Team C,Application Processing,2026-07-04,Night,51,58,0,2,1,95,55,6.09,8.0,97.13,Present,Completed,7.25,48.33,3.45,96.55,1.72,94.83,Yes,100,0,113.73,3656,3251,Backlog Exists,Low,Good,At Risk
REC000145,EMP025,Employee 025,Team C,Application Processing,2026-07-04,Afternoon,70,80,0,5,1,95,72,3.13,8.0,94.15,Present,Completed,10.0,66.67,6.25,93.75,1.25,90.0,Yes,100,0,114.29,3656,3251,Backlog Exists,Low,Average,At Risk
REC000146,EMP026,Employee 026,Team C,Application Processing,2026-07-04,Afternoon,112,128,0,1,4,95,120,5.66,8.0,99.19,Present,Completed,16.0,100.0,0.78,99.22,3.12,93.75,Yes,100,0,114.29,3656,3251,Backlog Exists,High,Excellent,At Risk
REC000147,EMP027,Employee 027,Team C,Application Processing,2026-07-04,Afternoon,61,70,0,4,1,95,63,3.8,8.0,94.56,Present,Completed,8.75,58.33,5.71,94.29,1.43,90.0,Yes,100,0,114.75,3656,3251,Backlog Exists,Low,Average,At Risk
REC000148,EMP028,Employee 028,Team C,Application Processing,2026-07-04,Morning,66,76,0,5,2,95,64,5.93,8.0,94.08,Present,Completed,9.5,63.33,6.58,93.42,2.63,84.21,Yes,100,0,115.15,3656,3251,Backlog Exists,Low,Average,Breached
REC000149,EMP029,Employee 029,Team C,Application Processing,2026-07-04,Morning,112,129,0,3,2,95,123,3.23,8.0,97.48,Present,Completed,16.12,100.0,2.33,97.67,1.55,95.35,No,100,0,115.18,3656,3251,Backlog Exists,High,Good,Met
REC000150,EMP030,Employee 030,Team C,Application Processing,2026-07-04,General,41,45,0,4,0,95,39,5.59,8.0,91.71,Present,Completed,5.62,37.5,8.89,91.11,0.0,86.67,Yes,100,0,109.76,3656,3251,Backlog Exists,Low,Average,Breached
REC000151,EMP031,Employee 031,Team D,Quality Review,2026-07-04,General,86,94,0,6,1,95,87,3.07,8.0,93.73,Present,Completed,11.75,78.33,6.38,93.62,1.06,92.55,Yes,100,0,109.3,3656,3251,Backlog Exists,Average,Average,At Risk
REC000152,EMP032,Employee 032,Team D,Quality Review,2026-07-04,Afternoon,64,70,0,6,1,95,53,7.34,8.0,91.38,Present,Completed,8.75,58.33,8.57,91.43,1.43,75.71,Yes,100,0,109.38,3656,3251,Backlog Exists,Low,Average,Breached
REC000153,EMP033,Employee 033,Team D,Quality Review,2026-07-04,Morning,78,85,0,4,3,95,75,6.3,8.0,95.67,Present,Completed,10.62,70.83,4.71,95.29,3.53,88.24,Yes,100,0,108.97,3656,3251,Backlog Exists,Low,Good,Breached
REC000154,EMP034,Employee 034,Team D,Quality Review,2026-07-04,Night,68,74,0,8,4,95,67,3.16,8.0,89.82,Present,Completed,9.25,61.67,10.81,89.19,5.41,90.54,Yes,100,0,108.82,3656,3251,Backlog Exists,Low,Needs Improvement,At Risk
REC000155,EMP035,Employee 035,Team D,Quality Review,2026-07-04,Morning,94,103,0,4,3,95,91,6.58,8.0,96.35,Present,Completed,12.88,85.83,3.88,96.12,2.91,88.35,Yes,100,0,109.57,3656,3251,Backlog Exists,Average,Good,Breached
REC000156,EMP036,Employee 036,Team D,Quality Review,2026-07-04,Night,33,36,0,1,1,95,33,4.2,4.0,95.97,Half Day,Completed,9.0,60.0,2.78,97.22,2.78,91.67,Yes,50,0,109.09,3656,3251,Backlog Exists,Low,Good,At Risk
REC000157,EMP037,Employee 037,Team D,Quality Review,2026-07-04,Afternoon,115,125,0,0,4,95,117,5.06,8.0,99.81,Present,Completed,15.62,100.0,0.0,100.0,3.2,93.6,Yes,100,0,108.7,3656,3251,Backlog Exists,High,Excellent,At Risk
REC000158,EMP038,Employee 038,Team D,Quality Review,2026-07-04,General,92,101,0,4,2,95,94,6.14,7.5,96.3,Late,Completed,13.47,89.78,3.96,96.04,1.98,93.07,Yes,100,0,109.78,3656,3251,Backlog Exists,Average,Good,At Risk
REC000159,EMP039,Employee 039,Team D,Quality Review,2026-07-04,Morning,105,115,0,5,1,95,102,4.75,8.0,95.4,Present,Completed,14.38,95.83,4.35,95.65,0.87,88.7,Yes,100,0,109.52,3656,3251,Backlog Exists,High,Good,Breached
REC000160,EMP040,Employee 040,Team D,Quality Review,2026-07-04,Night,3,4,0,0,0,95,3,6.03,0.0,93.07,Absent,Completed,0.0,0.0,0.0,100.0,0.0,75.0,Yes,0,100,133.33,3656,3251,Backlog Exists,Low,Average,Breached
REC000161,EMP001,Employee 001,Team A,Document Verification,2026-07-05,General,91,104,0,5,2,95,96,5.35,8.0,95.52,Present,Completed,13.0,86.67,4.81,95.19,1.92,92.31,Yes,100,0,114.29,3251,3085,Backlog Exists,Average,Good,At Risk
REC000162,EMP002,Employee 002,Team A,Document Verification,2026-07-05,General,77,88,0,6,1,95,82,5.39,8.0,93.15,Present,Completed,11.0,73.33,6.82,93.18,1.14,93.18,Yes,100,0,114.29,3251,3085,Backlog Exists,Low,Average,At Risk
REC000163,EMP003,Employee 003,Team A,Document Verification,2026-07-05,General,65,74,0,2,2,95,71,4.14,8.0,96.96,Present,Completed,9.25,61.67,2.7,97.3,2.7,95.95,No,100,0,113.85,3251,3085,Backlog Exists,Low,Good,Met
REC000164,EMP004,Employee 004,Team A,Document Verification,2026-07-05,Night,81,92,0,5,1,95,84,6.34,8.0,94.8,Present,Completed,11.5,76.67,5.43,94.57,1.09,91.3,Yes,100,0,113.58,3251,3085,Backlog Exists,Average,Average,At Risk
REC000165,EMP005,Employee 005,Team A,Document Verification,2026-07-05,Night,99,113,0,3,3,95,109,4.95,8.0,97.71,Present,Completed,14.12,94.17,2.65,97.35,2.65,96.46,No,100,0,114.14,3251,3085,Backlog Exists,High,Good,Met
REC000166,EMP006,Employee 006,Team A,Document Verification,2026-07-05,Afternoon,68,77,0,4,1,95,68,4.75,8.0,94.86,Present,Completed,9.62,64.17,5.19,94.81,1.3,88.31,Yes,100,0,113.24,3251,3085,Backlog Exists,Low,Average,Breached
REC000167,EMP007,Employee 007,Team A,Document Verification,2026-07-05,General,44,50,0,6,1,95,42,6.48,8.0,88.68,Present,Completed,6.25,41.67,12.0,88.0,2.0,84.0,Yes,100,0,113.64,3251,3085,Backlog Exists,Low,Needs Improvement,Breached
REC000168,EMP008,Employee 008,Team A,Document Verification,2026-07-05,General,66,75,0,5,2,95,68,4.6,8.0,93.48,Present,Completed,9.38,62.5,6.67,93.33,2.67,90.67,Yes,100,0,113.64,3251,3085,Backlog Exists,Low,Average,At Risk
REC000169,EMP009,Employee 009,Team A,Document Verification,2026-07-05,General,48,55,0,3,0,95,46,6.29,7.5,94.01,Late,Completed,7.33,48.89,5.45,94.55,0.0,83.64,Yes,100,0,114.58,3251,3085,Backlog Exists,Low,Average,Breached
REC000170,EMP010,Employee 010,Team A,Document Verification,2026-07-05,General,121,135,0,3,2,95,134,4.44,8.0,97.71,Present,Completed,16.88,100.0,2.22,97.78,1.48,99.26,No,100,0,111.57,3251,3085,Backlog Exists,High,Good,Met
REC000171,EMP011,Employee 011,Team B,Data Entry,2026-07-05,General,80,73,7,5,2,95,68,4.59,8.0,93.52,Present,Partial,9.12,60.83,6.85,93.15,2.74,93.15,Yes,100,0,91.25,3251,3085,Backlog Exists,Low,Average,At Risk
REC000172,EMP012,Employee 012,Team B,Data Entry,2026-07-05,Afternoon,141,128,13,2,3,95,117,6.46,8.0,98.44,Present,Partial,16.0,100.0,1.56,98.44,2.34,91.41,Yes,100,0,90.78,3251,3085,Backlog Exists,High,Excellent,At Risk
REC000173,EMP013,Employee 013,Team B,Data Entry,2026-07-05,Night,75,68,7,4,1,95,61,5.13,7.5,94.27,Late,Partial,9.07,60.44,5.88,94.12,1.47,89.71,Yes,100,0,90.67,3251,3085,Backlog Exists,Low,Average,Breached
REC000174,EMP014,Employee 014,Team B,Data Entry,2026-07-05,Morning,107,98,9,6,1,95,87,6.76,8.0,93.63,Present,Partial,12.25,81.67,6.12,93.88,1.02,88.78,Yes,100,0,91.59,3251,3085,Backlog Exists,Average,Average,Breached
REC000175,EMP015,Employee 015,Team B,Data Entry,2026-07-05,Night,77,70,7,5,1,95,54,6.58,8.0,93.13,Present,Partial,8.75,58.33,7.14,92.86,1.43,77.14,Yes,100,0,90.91,3251,3085,Backlog Exists,Low,Average,Breached
REC000176,EMP016,Employee 016,Team B,Data Entry,2026-07-05,Night,147,134,13,3,5,95,129,5.06,8.0,97.7,Present,Partial,16.75,100.0,2.24,97.76,3.73,96.27,No,100,0,91.16,3251,3085,Backlog Exists,High,Good,Met
REC000177,EMP017,Employee 017,Team B,Data Entry,2026-07-05,Afternoon,74,68,6,6,3,95,61,6.18,8.0,90.82,Present,Partial,8.5,56.67,8.82,91.18,4.41,89.71,Yes,100,0,91.89,3251,3085,Backlog Exists,Low,Average,Breached
REC000178,EMP018,Employee 018,Team B,Data Entry,2026-07-05,Morning,40,36,4,1,1,95,34,6.31,4.0,97.59,Half Day,Partial,9.0,60.0,2.78,97.22,2.78,94.44,Yes,50,0,90.0,3251,3085,Backlog Exists,Low,Good,At Risk
REC000179,EMP019,Employee 019,Team B,Data Entry,2026-07-05,Night,132,120,12,1,3,95,116,3.2,8.0,99.0,Present,Partial,15.0,100.0,0.83,99.17,2.5,96.67,No,100,0,90.91,3251,3085,Backlog Exists,High,Excellent,Met
REC000180,EMP020,Employee 020,Team B,Data Entry,2026-07-05,Afternoon,54,51,3,5,1,95,44,4.15,8.0,90.23,Present,Partial,6.38,42.5,9.8,90.2,1.96,86.27,Yes,100,0,94.44,3251,3085,Backlog Exists,Low,Average,Breached
REC000181,EMP021,Employee 021,Team C,Application Processing,2026-07-05,Afternoon,145,132,13,2,5,95,124,6.01,8.0,98.63,Present,Partial,16.5,100.0,1.52,98.48,3.79,93.94,Yes,100,0,91.03,3251,3085,Backlog Exists,High,Excellent,At Risk
REC000182,EMP022,Employee 022,Team C,Application Processing,2026-07-05,General,0,0,0,0,0,95,0,4.91,0.0,93.74,Leave,Pending,0.0,0.0,0.0,100.0,0.0,0.0,Yes,0,100,0.0,3251,3085,Backlog Exists,Low,Average,Breached
REC000183,EMP023,Employee 023,Team C,Application Processing,2026-07-05,Night,0,0,0,0,0,95,0,5.45,0.0,98.18,Absent,Pending,0.0,0.0,0.0,100.0,0.0,0.0,Yes,0,100,0.0,3251,3085,Backlog Exists,Low,Excellent,Breached
REC000184,EMP024,Employee 024,Team C,Application Processing,2026-07-05,Night,82,75,7,2,1,95,72,3.29,8.0,97.11,Present,Partial,9.38,62.5,2.67,97.33,1.33,96.0,No,100,0,91.46,3251,3085,Backlog Exists,Low,Good,Met
REC000185,EMP025,Employee 025,Team C,Application Processing,2026-07-05,Afternoon,87,79,8,2,2,95,70,4.92,8.0,97.77,Present,Partial,9.88,65.83,2.53,97.47,2.53,88.61,Yes,100,0,90.8,3251,3085,Backlog Exists,Low,Good,Breached
REC000186,EMP026,Employee 026,Team C,Application Processing,2026-07-05,Afternoon,137,125,12,3,1,95,118,5.11,8.0,97.58,Present,Partial,15.62,100.0,2.4,97.6,0.8,94.4,Yes,100,0,91.24,3251,3085,Backlog Exists,High,Good,At Risk
REC000187,EMP027,Employee 027,Team C,Application Processing,2026-07-05,Afternoon,89,82,7,4,2,95,69,4.6,8.0,95.66,Present,Partial,10.25,68.33,4.88,95.12,2.44,84.15,Yes,100,0,92.13,3251,3085,Backlog Exists,Low,Good,Breached
REC000188,EMP028,Employee 028,Team C,Application Processing,2026-07-05,Morning,71,65,6,3,2,95,54,4.85,8.0,94.84,Present,Partial,8.12,54.17,4.62,95.38,3.08,83.08,Yes,100,0,91.55,3251,3085,Backlog Exists,Low,Average,Breached
REC000189,EMP029,Employee 029,Team C,Application Processing,2026-07-05,Morning,108,99,9,1,1,95,95,5.9,8.0,99.4,Present,Partial,12.38,82.5,1.01,98.99,1.01,95.96,No,100,0,91.67,3251,3085,Backlog Exists,Average,Excellent,Met
REC000190,EMP030,Employee 030,Team C,Application Processing,2026-07-05,General,76,69,7,4,1,95,52,7.14,8.0,94.42,Present,Partial,8.62,57.5,5.8,94.2,1.45,75.36,Yes,100,0,90.79,3251,3085,Backlog Exists,Low,Average,Breached
REC000191,EMP031,Employee 031,Team D,Quality Review,2026-07-05,General,52,68,0,4,1,95,61,3.82,8.0,93.89,Present,Completed,8.5,56.67,5.88,94.12,1.47,89.71,Yes,100,0,130.77,3251,3085,Backlog Exists,Low,Average,Breached
REC000192,EMP032,Employee 032,Team D,Quality Review,2026-07-05,Afternoon,49,64,0,5,1,95,53,4.34,8.0,92.47,Present,Completed,8.0,53.33,7.81,92.19,1.56,82.81,Yes,100,0,130.61,3251,3085,Backlog Exists,Low,Average,Breached
REC000193,EMP033,Employee 033,Team D,Quality Review,2026-07-05,Morning,86,113,0,5,3,95,103,4.78,8.0,95.99,Present,Completed,14.12,94.17,4.42,95.58,2.65,91.15,Yes,100,0,131.4,3251,3085,Backlog Exists,High,Good,At Risk
REC000194,EMP034,Employee 034,Team D,Quality Review,2026-07-05,Night,64,84,0,6,4,95,77,6.62,8.0,92.58,Present,Completed,10.5,70.0,7.14,92.86,4.76,91.67,Yes,100,0,131.25,3251,3085,Backlog Exists,Low,Average,At Risk
REC000195,EMP035,Employee 035,Team D,Quality Review,2026-07-05,Morning,74,98,0,3,1,95,91,5.38,8.0,96.86,Present,Completed,12.25,81.67,3.06,96.94,1.02,92.86,Yes,100,0,132.43,3251,3085,Backlog Exists,Average,Good,At Risk
REC000196,EMP036,Employee 036,Team D,Quality Review,2026-07-05,Night,78,102,0,5,2,95,92,5.47,8.0,95.01,Present,Completed,12.75,85.0,4.9,95.1,1.96,90.2,Yes,100,0,130.77,3251,3085,Backlog Exists,Average,Good,At Risk
REC000197,EMP037,Employee 037,Team D,Quality Review,2026-07-05,Afternoon,110,144,0,2,5,95,138,5.25,8.0,98.33,Present,Completed,18.0,100.0,1.39,98.61,3.47,95.83,No,100,0,130.91,3251,3085,Backlog Exists,High,Excellent,Met
REC000198,EMP038,Employee 038,Team D,Quality Review,2026-07-05,General,58,76,0,3,2,95,68,4.83,8.0,95.96,Present,Completed,9.5,63.33,3.95,96.05,2.63,89.47,Yes,100,0,131.03,3251,3085,Backlog Exists,Low,Good,Breached
REC000199,EMP039,Employee 039,Team D,Quality Review,2026-07-05,Morning,58,77,0,5,0,95,70,4.45,8.0,93.95,Present,Completed,9.62,64.17,6.49,93.51,0.0,90.91,Yes,100,0,132.76,3251,3085,Backlog Exists,Low,Average,At Risk
REC000200,EMP040,Employee 040,Team D,Quality Review,2026-07-05,Night,49,65,0,3,1,95,52,5.91,8.0,94.97,Present,Completed,8.12,54.17,4.62,95.38,1.54,80.0,Yes,100,0,132.65,3251,3085,Backlog Exists,Low,Average,Breached
REC000201,EMP001,Employee 001,Team A,Document Verification,2026-07-06,General,149,100,49,6,1,95,89,3.91,8.0,93.8,Present,Partial,12.5,83.33,6.0,94.0,1.0,89.0,Yes,100,0,67.11,3085,4583,Backlog Exists,Average,Average,Breached
REC000202,EMP002,Employee 002,Team A,Document Verification,2026-07-06,General,124,84,40,4,1,95,76,3.96,8.0,94.71,Present,Partial,10.5,70.0,4.76,95.24,1.19,90.48,Yes,100,0,67.74,3085,4583,Backlog Exists,Low,Average,At Risk
REC000203,EMP003,Employee 003,Team A,Document Verification,2026-07-06,General,154,104,50,5,3,95,94,6.77,8.0,95.55,Present,Partial,13.0,86.67,4.81,95.19,2.88,90.38,Yes,100,0,67.53,3085,4583,Backlog Exists,Average,Good,At Risk
REC000204,EMP004,Employee 004,Team A,Document Verification,2026-07-06,Night,114,77,37,2,1,95,73,5.3,8.0,97.37,Present,Partial,9.62,64.17,2.6,97.4,1.3,94.81,Yes,100,0,67.54,3085,4583,Backlog Exists,Low,Good,At Risk
REC000205,EMP005,Employee 005,Team A,Document Verification,2026-07-06,Night,155,104,51,1,2,95,101,4.17,8.0,98.7,Present,Partial,13.0,86.67,0.96,99.04,1.92,97.12,No,100,0,67.1,3085,4583,Backlog Exists,Average,Excellent,Met
REC000206,EMP006,Employee 006,Team A,Document Verification,2026-07-06,Afternoon,90,61,29,2,1,95,54,3.57,7.5,96.14,Late,Partial,8.13,54.22,3.28,96.72,1.64,88.52,Yes,100,0,67.78,3085,4583,Backlog Exists,Low,Good,Breached
REC000207,EMP007,Employee 007,Team A,Document Verification,2026-07-06,General,105,71,34,7,2,95,57,3.75,8.0,89.48,Present,Partial,8.88,59.17,9.86,90.14,2.82,80.28,Yes,100,0,67.62,3085,4583,Backlog Exists,Low,Needs Improvement,Breached
REC000208,EMP008,Employee 008,Team A,Document Verification,2026-07-06,General,143,96,47,6,3,95,89,6.73,8.0,94.12,Present,Partial,12.0,80.0,6.25,93.75,3.12,92.71,Yes,100,0,67.13,3085,4583,Backlog Exists,Average,Average,At Risk
REC000209,EMP009,Employee 009,Team A,Document Verification,2026-07-06,General,74,50,24,4,1,95,40,6.06,8.0,92.03,Present,Partial,6.25,41.67,8.0,92.0,2.0,80.0,Yes,100,0,67.57,3085,4583,Backlog Exists,Low,Average,Breached
REC000210,EMP010,Employee 010,Team A,Document Verification,2026-07-06,General,210,143,67,0,4,95,138,6.28,8.0,99.69,Present,Partial,17.88,100.0,0.0,100.0,2.8,96.5,No,100,0,68.1,3085,4583,Backlog Exists,High,Excellent,Met
REC000211,EMP011,Employee 011,Team B,Data Entry,2026-07-06,General,141,97,44,6,3,95,87,3.71,8.0,93.37,Present,Partial,12.12,80.83,6.19,93.81,3.09,89.69,Yes,100,0,68.79,3085,4583,Backlog Exists,Average,Average,Breached
REC000212,EMP012,Employee 012,Team B,Data Entry,2026-07-06,Afternoon,174,120,54,1,3,95,114,3.64,8.0,99.07,Present,Partial,15.0,100.0,0.83,99.17,2.5,95.0,No,100,0,68.97,3085,4583,Backlog Exists,High,Excellent,Met
REC000213,EMP013,Employee 013,Team B,Data Entry,2026-07-06,Night,149,103,46,6,3,95,98,5.9,8.0,93.87,Present,Partial,12.88,85.83,5.83,94.17,2.91,95.15,No,100,0,69.13,3085,4583,Backlog Exists,Average,Average,Met
REC000214,EMP014,Employee 014,Team B,Data Entry,2026-07-06,Morning,185,127,58,4,2,95,119,4.42,8.0,96.96,Present,Partial,15.88,100.0,3.15,96.85,1.57,93.7,Yes,100,0,68.65,3085,4583,Backlog Exists,High,Good,At Risk
REC000215,EMP015,Employee 015,Team B,Data Entry,2026-07-06,Night,108,74,34,6,1,95,57,6.01,8.0,91.68,Present,Partial,9.25,61.67,8.11,91.89,1.35,77.03,Yes,100,0,68.52,3085,4583,Backlog Exists,Low,Average,Breached
REC000216,EMP016,Employee 016,Team B,Data Entry,2026-07-06,Night,188,130,58,3,1,95,126,5.73,8.0,97.75,Present,Partial,16.25,100.0,2.31,97.69,0.77,96.92,No,100,0,69.15,3085,4583,Backlog Exists,High,Good,Met
REC000217,EMP017,Employee 017,Team B,Data Entry,2026-07-06,Afternoon,148,102,46,8,5,95,92,3.26,8.0,91.84,Present,Partial,12.75,85.0,7.84,92.16,4.9,90.2,Yes,100,0,68.92,3085,4583,Backlog Exists,Average,Average,At Risk
REC000218,EMP018,Employee 018,Team B,Data Entry,2026-07-06,Morning,123,85,38,6,1,95,76,5.58,8.0,93.21,Present,Partial,10.62,70.83,7.06,92.94,1.18,89.41,Yes,100,0,69.11,3085,4583,Backlog Exists,Low,Average,Breached
REC000219,EMP019,Employee 019,Team B,Data Entry,2026-07-06,Night,188,130,58,2,2,95,124,2.96,8.0,98.5,Present,Partial,16.25,100.0,1.54,98.46,1.54,95.38,No,100,0,69.15,3085,4583,Backlog Exists,High,Excellent,Met
REC000220,EMP020,Employee 020,Team B,Data Entry,2026-07-06,Afternoon,81,57,24,6,1,95,48,7.33,8.0,89.7,Present,Partial,7.12,47.5,10.53,89.47,1.75,84.21,Yes,100,0,70.37,3085,4583,Backlog Exists,Low,Needs Improvement,Breached
REC000221,EMP021,Employee 021,Team C,Application Processing,2026-07-06,Afternoon,177,106,71,3,1,95,100,4.25,8.0,97.32,Present,Partial,13.25,88.33,2.83,97.17,0.94,94.34,Yes,100,0,59.89,3085,4583,Backlog Exists,Average,Good,At Risk
REC000222,EMP022,Employee 022,Team C,Application Processing,2026-07-06,General,192,115,77,2,4,95,109,4.42,8.0,97.85,Present,Partial,14.38,95.83,1.74,98.26,3.48,94.78,Yes,100,0,59.9,3085,4583,Backlog Exists,High,Good,At Risk
REC000223,EMP023,Employee 023,Team C,Application Processing,2026-07-06,Night,162,96,66,2,2,95,95,2.91,8.0,98.24,Present,Partial,12.0,80.0,2.08,97.92,2.08,98.96,No,100,0,59.26,3085,4583,Backlog Exists,Average,Excellent,Met
REC000224,EMP024,Employee 024,Team C,Application Processing,2026-07-06,Night,0,0,0,0,0,95,0,6.13,0.0,93.41,Leave,Pending,0.0,0.0,0.0,100.0,0.0,0.0,Yes,0,100,0.0,3085,4583,Backlog Exists,Low,Average,Breached
REC000225,EMP025,Employee 025,Team C,Application Processing,2026-07-06,Afternoon,154,92,62,5,3,95,84,4.02,8.0,94.14,Present,Partial,11.5,76.67,5.43,94.57,3.26,91.3,Yes,100,0,59.74,3085,4583,Backlog Exists,Average,Average,At Risk
REC000226,EMP026,Employee 026,Team C,Application Processing,2026-07-06,Afternoon,207,124,83,3,1,95,119,6.25,8.0,97.78,Present,Partial,15.5,100.0,2.42,97.58,0.81,95.97,No,100,0,59.9,3085,4583,Backlog Exists,High,Good,Met
REC000227,EMP027,Employee 027,Team C,Application Processing,2026-07-06,Afternoon,188,112,76,7,2,95,95,6.68,8.0,93.63,Present,Partial,14.0,93.33,6.25,93.75,1.79,84.82,Yes,100,0,59.57,3085,4583,Backlog Exists,High,Average,Breached
REC000228,EMP028,Employee 028,Team C,Application Processing,2026-07-06,Morning,133,79,54,7,2,95,61,3.79,8.0,91.65,Present,Partial,9.88,65.83,8.86,91.14,2.53,77.22,Yes,100,0,59.4,3085,4583,Backlog Exists,Low,Average,Breached
REC000229,EMP029,Employee 029,Team C,Application Processing,2026-07-06,Morning,103,61,42,1,0,95,59,4.84,4.0,98.8,Half Day,Partial,15.25,100.0,1.64,98.36,0.0,96.72,No,50,0,59.22,3085,4583,Backlog Exists,High,Excellent,Met
REC000230,EMP030,Employee 030,Team C,Application Processing,2026-07-06,General,127,78,49,8,1,95,70,6.7,8.0,89.15,Present,Partial,9.75,65.0,10.26,89.74,1.28,89.74,Yes,100,0,61.42,3085,4583,Backlog Exists,Low,Needs Improvement,Breached
REC000231,EMP031,Employee 031,Team D,Quality Review,2026-07-06,General,51,49,2,2,1,95,45,3.42,4.0,96.79,Half Day,Partial,12.25,81.67,4.08,95.92,2.04,91.84,Yes,50,0,96.08,3085,4583,Backlog Exists,Average,Good,At Risk
REC000232,EMP032,Employee 032,Team D,Quality Review,2026-07-06,Afternoon,79,77,2,8,0,95,61,5.4,8.0,89.06,Present,Partial,9.62,64.17,10.39,89.61,0.0,79.22,Yes,100,0,97.47,3085,4583,Backlog Exists,Low,Needs Improvement,Breached
REC000233,EMP033,Employee 033,Team D,Quality Review,2026-07-06,Morning,98,95,3,4,3,95,89,6.53,8.0,95.79,Present,Partial,11.88,79.17,4.21,95.79,3.16,93.68,Yes,100,0,96.94,3085,4583,Backlog Exists,Average,Good,At Risk
REC000234,EMP034,Employee 034,Team D,Quality Review,2026-07-06,Night,113,109,4,11,7,95,96,6.26,8.0,89.81,Present,Partial,13.62,90.83,10.09,89.91,6.42,88.07,Yes,100,0,96.46,3085,4583,Backlog Exists,High,Needs Improvement,Breached
REC000235,EMP035,Employee 035,Team D,Quality Review,2026-07-06,Morning,77,74,3,3,2,95,67,5.15,8.0,96.07,Present,Partial,9.25,61.67,4.05,95.95,2.7,90.54,Yes,100,0,96.1,3085,4583,Backlog Exists,Low,Good,At Risk
REC000236,EMP036,Employee 036,Team D,Quality Review,2026-07-06,Night,98,94,4,4,3,95,89,6.33,8.0,95.62,Present,Partial,11.75,78.33,4.26,95.74,3.19,94.68,Yes,100,0,95.92,3085,4583,Backlog Exists,Average,Good,At Risk
REC000237,EMP037,Employee 037,Team D,Quality Review,2026-07-06,Afternoon,139,134,5,4,4,95,126,5.49,8.0,97.03,Present,Partial,16.75,100.0,2.99,97.01,2.99,94.03,Yes,100,0,96.4,3085,4583,Backlog Exists,High,Good,At Risk
REC000238,EMP038,Employee 038,Team D,Quality Review,2026-07-06,General,102,99,3,5,2,95,88,4.54,8.0,95.35,Present,Partial,12.38,82.5,5.05,94.95,2.02,88.89,Yes,100,0,97.06,3085,4583,Backlog Exists,Average,Good,Breached
REC000239,EMP039,Employee 039,Team D,Quality Review,2026-07-06,Morning,120,116,4,4,3,95,104,3.55,8.0,96.22,Present,Partial,14.5,96.67,3.45,96.55,2.59,89.66,Yes,100,0,96.67,3085,4583,Backlog Exists,High,Good,Breached
REC000240,EMP040,Employee 040,Team D,Quality Review,2026-07-06,Night,57,57,0,4,0,95,44,3.78,8.0,92.64,Present,Completed,7.12,47.5,7.02,92.98,0.0,77.19,Yes,100,0,100.0,3085,4583,Backlog Exists,Low,Average,Breached
REC000241,EMP001,Employee 001,Team A,Document Verification,2026-07-07,General,100,79,21,3,1,95,72,3.25,8.0,96.68,Present,Partial,9.88,65.83,3.8,96.2,1.27,91.14,Yes,100,0,79.0,4583,5707,Backlog Exists,Low,Good,At Risk
REC000242,EMP002,Employee 002,Team A,Document Verification,2026-07-07,General,106,84,22,3,2,95,79,4.2,8.0,97.01,Present,Partial,10.5,70.0,3.57,96.43,2.38,94.05,Yes,100,0,79.25,4583,5707,Backlog Exists,Low,Good,At Risk
REC000243,EMP003,Employee 003,Team A,Document Verification,2026-07-07,General,82,65,17,4,1,95,60,3.71,8.0,93.87,Present,Partial,8.12,54.17,6.15,93.85,1.54,92.31,Yes,100,0,79.27,4583,5707,Backlog Exists,Low,Average,At Risk
REC000244,EMP004,Employee 004,Team A,Document Verification,2026-07-07,Night,106,84,22,3,3,95,79,5.96,8.0,96.43,Present,Partial,10.5,70.0,3.57,96.43,3.57,94.05,Yes,100,0,79.25,4583,5707,Backlog Exists,Low,Good,At Risk
REC000245,EMP005,Employee 005,Team A,Document Verification,2026-07-07,Night,142,112,30,0,1,95,109,6.65,8.0,99.85,Present,Partial,14.0,93.33,0.0,100.0,0.89,97.32,No,100,0,78.87,4583,5707,Backlog Exists,High,Excellent,Met
REC000246,EMP006,Employee 006,Team A,Document Verification,2026-07-07,Afternoon,95,75,20,3,2,95,66,6.72,8.0,96.5,Present,Partial,9.38,62.5,4.0,96.0,2.67,88.0,Yes,100,0,78.95,4583,5707,Backlog Exists,Low,Good,Breached
REC000247,EMP007,Employee 007,Team A,Document Verification,2026-07-07,General,55,43,12,3,0,95,38,4.78,8.0,93.48,Present,Partial,5.38,35.83,6.98,93.02,0.0,88.37,Yes,100,0,78.18,4583,5707,Backlog Exists,Low,Average,Breached
REC000248,EMP008,Employee 008,Team A,Document Verification,2026-07-07,General,119,95,24,4,2,95,87,6.75,8.0,95.31,Present,Partial,11.88,79.17,4.21,95.79,2.11,91.58,Yes,100,0,79.83,4583,5707,Backlog Exists,Average,Good,At Risk
REC000249,EMP009,Employee 009,Team A,Document Verification,2026-07-07,General,29,23,6,2,0,95,17,8.03,4.0,92.94,Half Day,Partial,5.75,38.33,8.7,91.3,0.0,73.91,Yes,50,0,79.31,4583,5707,Backlog Exists,Low,Average,Breached
REC000250,EMP010,Employee 010,Team A,Document Verification,2026-07-07,General,149,120,29,1,1,95,114,3.65,8.0,99.34,Present,Partial,15.0,100.0,0.83,99.17,0.83,95.0,No,100,0,80.54,4583,5707,Backlog Exists,High,Excellent,Met
REC000251,EMP011,Employee 011,Team B,Data Entry,2026-07-07,General,0,0,0,0,0,95,0,6.31,0.0,93.64,Leave,Pending,0.0,0.0,0.0,100.0,0.0,0.0,Yes,0,100,0.0,4583,5707,Backlog Exists,Low,Average,Breached
REC000252,EMP012,Employee 012,Team B,Data Entry,2026-07-07,Afternoon,175,107,68,1,3,95,99,3.09,8.0,99.36,Present,Partial,13.38,89.17,0.93,99.07,2.8,92.52,Yes,100,0,61.14,4583,5707,Backlog Exists,Average,Excellent,At Risk
REC000253,EMP013,Employee 013,Team B,Data Entry,2026-07-07,Night,97,59,38,4,1,95,53,6.79,8.0,93.96,Present,Partial,7.38,49.17,6.78,93.22,1.69,89.83,Yes,100,0,60.82,4583,5707,Backlog Exists,Low,Average,Breached
REC000254,EMP014,Employee 014,Team B,Data Entry,2026-07-07,Morning,171,105,66,2,1,95,92,5.88,8.0,97.84,Present,Partial,13.12,87.5,1.9,98.1,0.95,87.62,Yes,100,0,61.4,4583,5707,Backlog Exists,Average,Good,Breached
REC000255,EMP015,Employee 015,Team B,Data Entry,2026-07-07,Night,88,54,34,5,0,95,46,6.66,8.0,90.93,Present,Partial,6.75,45.0,9.26,90.74,0.0,85.19,Yes,100,0,61.36,4583,5707,Backlog Exists,Low,Average,Breached
REC000256,EMP016,Employee 016,Team B,Data Entry,2026-07-07,Night,160,98,62,2,2,95,95,5.75,8.0,97.68,Present,Partial,12.25,81.67,2.04,97.96,2.04,96.94,No,100,0,61.25,4583,5707,Backlog Exists,Average,Good,Met
REC000257,EMP017,Employee 017,Team B,Data Entry,2026-07-07,Afternoon,150,92,58,8,5,95,77,3.39,8.0,91.39,Present,Partial,11.5,76.67,8.7,91.3,5.43,83.7,Yes,100,0,61.33,4583,5707,Backlog Exists,Average,Average,Breached
REC000258,EMP018,Employee 018,Team B,Data Entry,2026-07-07,Morning,131,80,51,2,1,95,75,4.16,8.0,97.31,Present,Partial,10.0,66.67,2.5,97.5,1.25,93.75,Yes,100,0,61.07,4583,5707,Backlog Exists,Low,Good,At Risk
REC000259,EMP019,Employee 019,Team B,Data Entry,2026-07-07,Night,147,90,57,1,1,95,87,6.39,8.0,99.36,Present,Partial,11.25,75.0,1.11,98.89,1.11,96.67,No,100,0,61.22,4583,5707,Backlog Exists,Average,Excellent,Met
REC000260,EMP020,Employee 020,Team B,Data Entry,2026-07-07,Afternoon,105,65,40,6,1,95,56,7.29,8.0,91.48,Present,Partial,8.12,54.17,9.23,90.77,1.54,86.15,Yes,100,0,61.9,4583,5707,Backlog Exists,Low,Average,Breached
REC000261,EMP021,Employee 021,Team C,Application Processing,2026-07-07,Afternoon,145,121,24,1,1,95,116,4.37,8.0,98.93,Present,Partial,15.12,100.0,0.83,99.17,0.83,95.87,No,100,0,83.45,4583,5707,Backlog Exists,High,Excellent,Met
REC000262,EMP022,Employee 022,Team C,Application Processing,2026-07-07,General,86,72,14,4,2,95,65,6.59,8.0,93.83,Present,Partial,9.0,60.0,5.56,94.44,2.78,90.28,Yes,100,0,83.72,4583,5707,Backlog Exists,Low,Average,At Risk
REC000263,EMP023,Employee 023,Team C,Application Processing,2026-07-07,Night,125,105,20,3,2,95,102,2.79,7.5,97.51,Late,Partial,14.0,93.33,2.86,97.14,1.9,97.14,No,100,0,84.0,4583,5707,Backlog Exists,High,Good,Met
REC000264,EMP024,Employee 024,Team C,Application Processing,2026-07-07,Night,93,78,15,3,2,95,70,6.19,8.0,96.66,Present,Partial,9.75,65.0,3.85,96.15,2.56,89.74,Yes,100,0,83.87,4583,5707,Backlog Exists,Low,Good,Breached
REC000265,EMP025,Employee 025,Team C,Application Processing,2026-07-07,Afternoon,88,73,15,2,2,95,61,4.28,8.0,97.84,Present,Partial,9.12,60.83,2.74,97.26,2.74,83.56,Yes,100,0,82.95,4583,5707,Backlog Exists,Low,Good,Breached
REC000266,EMP026,Employee 026,Team C,Application Processing,2026-07-07,Afternoon,152,127,25,0,3,95,116,3.69,8.0,99.97,Present,Partial,15.88,100.0,0.0,100.0,2.36,91.34,Yes,100,0,83.55,4583,5707,Backlog Exists,High,Excellent,At Risk
REC000267,EMP027,Employee 027,Team C,Application Processing,2026-07-07,Afternoon,97,81,16,2,2,95,68,3.37,8.0,97.9,Present,Partial,10.12,67.5,2.47,97.53,2.47,83.95,Yes,100,0,83.51,4583,5707,Backlog Exists,Low,Good,Breached
REC000268,EMP028,Employee 028,Team C,Application Processing,2026-07-07,Morning,50,42,8,5,1,95,32,5.99,8.0,88.21,Present,Partial,5.25,35.0,11.9,88.1,2.38,76.19,Yes,100,0,84.0,4583,5707,Backlog Exists,Low,Needs Improvement,Breached
REC000269,EMP029,Employee 029,Team C,Application Processing,2026-07-07,Morning,119,100,19,2,1,95,99,2.94,8.0,98.01,Present,Partial,12.5,83.33,2.0,98.0,1.0,99.0,No,100,0,84.03,4583,5707,Backlog Exists,Average,Excellent,Met
REC000270,EMP030,Employee 030,Team C,Application Processing,2026-07-07,General,84,72,12,4,2,95,61,5.01,8.0,94.92,Present,Partial,9.0,60.0,5.56,94.44,2.78,84.72,Yes,100,0,85.71,4583,5707,Backlog Exists,Low,Average,Breached
REC000271,EMP031,Employee 031,Team D,Quality Review,2026-07-07,General,118,84,34,6,1,95,76,6.47,8.0,93.36,Present,Partial,10.5,70.0,7.14,92.86,1.19,90.48,Yes,100,0,71.19,4583,5707,Backlog Exists,Low,Average,At Risk
REC000272,EMP032,Employee 032,Team D,Quality Review,2026-07-07,Afternoon,59,41,18,4,0,95,29,5.89,8.0,89.51,Present,Partial,5.12,34.17,9.76,90.24,0.0,70.73,Yes,100,0,69.49,4583,5707,Backlog Exists,Low,Needs Improvement,Breached
REC000273,EMP033,Employee 033,Team D,Quality Review,2026-07-07,Morning,133,94,39,2,1,95,89,3.24,8.0,97.52,Present,Partial,11.75,78.33,2.13,97.87,1.06,94.68,Yes,100,0,70.68,4583,5707,Backlog Exists,Average,Good,At Risk
REC000274,EMP034,Employee 034,Team D,Quality Review,2026-07-07,Night,0,0,0,0,0,95,0,4.52,0.0,91.54,Absent,Pending,0.0,0.0,0.0,100.0,0.0,0.0,Yes,0,100,0.0,4583,5707,Backlog Exists,Low,Average,Breached
REC000275,EMP035,Employee 035,Team D,Quality Review,2026-07-07,Morning,116,82,34,5,1,95,73,4.65,8.0,94.13,Present,Partial,10.25,68.33,6.1,93.9,1.22,89.02,Yes,100,0,70.69,4583,5707,Backlog Exists,Low,Average,Breached
REC000276,EMP036,Employee 036,Team D,Quality Review,2026-07-07,Night,132,93,39,3,2,95,81,4.69,8.0,97.01,Present,Partial,11.62,77.5,3.23,96.77,2.15,87.1,Yes,100,0,70.45,4583,5707,Backlog Exists,Average,Good,Breached
REC000277,EMP037,Employee 037,Team D,Quality Review,2026-07-07,Afternoon,129,91,38,3,3,95,83,6.36,8.0,97.08,Present,Partial,11.38,75.83,3.3,96.7,3.3,91.21,Yes,100,0,70.54,4583,5707,Backlog Exists,Average,Good,At Risk
REC000278,EMP038,Employee 038,Team D,Quality Review,2026-07-07,General,91,65,26,2,2,95,62,5.49,8.0,96.5,Present,Partial,8.12,54.17,3.08,96.92,3.08,95.38,No,100,0,71.43,4583,5707,Backlog Exists,Low,Good,Met
REC000279,EMP039,Employee 039,Team D,Quality Review,2026-07-07,Morning,88,62,26,3,1,95,57,5.54,8.0,95.8,Present,Partial,7.75,51.67,4.84,95.16,1.61,91.94,Yes,100,0,70.45,4583,5707,Backlog Exists,Low,Good,At Risk
REC000280,EMP040,Employee 040,Team D,Quality Review,2026-07-07,Night,91,66,25,6,1,95,50,4.04,8.0,91.15,Present,Partial,8.25,55.0,9.09,90.91,1.52,75.76,Yes,100,0,72.53,4583,5707,Backlog Exists,Low,Average,Breached
REC000281,EMP001,Employee 001,Team A,Document Verification,2026-07-08,General,90,74,16,3,2,95,68,3.13,8.0,95.44,Present,Partial,9.25,61.67,4.05,95.95,2.7,91.89,Yes,100,0,82.22,5707,6826,Backlog Exists,Low,Good,At Risk
REC000282,EMP002,Employee 002,Team A,Document Verification,2026-07-08,General,78,64,14,2,0,95,61,3.1,8.0,97.34,Present,Partial,8.0,53.33,3.12,96.88,0.0,95.31,No,100,0,82.05,5707,6826,Backlog Exists,Low,Good,Met
REC000283,EMP003,Employee 003,Team A,Document Verification,2026-07-08,General,115,95,20,3,1,95,91,4.86,8.0,96.47,Present,Partial,11.88,79.17,3.16,96.84,1.05,95.79,No,100,0,82.61,5707,6826,Backlog Exists,Average,Good,Met
REC000284,EMP004,Employee 004,Team A,Document Verification,2026-07-08,Night,75,62,13,4,1,95,55,3.68,8.0,93.69,Present,Partial,7.75,51.67,6.45,93.55,1.61,88.71,Yes,100,0,82.67,5707,6826,Backlog Exists,Low,Average,Breached
REC000285,EMP005,Employee 005,Team A,Document Verification,2026-07-08,Night,121,99,22,0,2,95,97,5.09,8.0,99.84,Present,Partial,12.38,82.5,0.0,100.0,2.02,97.98,No,100,0,81.82,5707,6826,Backlog Exists,Average,Excellent,Met
REC000286,EMP006,Employee 006,Team A,Document Verification,2026-07-08,Afternoon,54,45,9,3,0,95,40,4.05,4.0,93.66,Half Day,Partial,11.25,75.0,6.67,93.33,0.0,88.89,Yes,50,0,83.33,5707,6826,Backlog Exists,Average,Average,Breached
REC000287,EMP007,Employee 007,Team A,Document Verification,2026-07-08,General,85,70,15,7,1,95,64,4.98,8.0,89.9,Present,Partial,8.75,58.33,10.0,90.0,1.43,91.43,Yes,100,0,82.35,5707,6826,Backlog Exists,Low,Needs Improvement,At Risk
REC000288,EMP008,Employee 008,Team A,Document Verification,2026-07-08,General,98,81,17,2,0,95,71,5.42,8.0,97.46,Present,Partial,10.12,67.5,2.47,97.53,0.0,87.65,Yes,100,0,82.65,5707,6826,Backlog Exists,Low,Good,Breached
REC000289,EMP009,Employee 009,Team A,Document Verification,2026-07-08,General,83,68,15,4,1,95,56,5.77,8.0,94.35,Present,Partial,8.5,56.67,5.88,94.12,1.47,82.35,Yes,100,0,81.93,5707,6826,Backlog Exists,Low,Average,Breached
REC000290,EMP010,Employee 010,Team A,Document Verification,2026-07-08,General,155,126,29,1,3,95,122,4.46,8.0,98.87,Present,Partial,15.75,100.0,0.79,99.21,2.38,96.83,No,100,0,81.29,5707,6826,Backlog Exists,High,Excellent,Met
REC000291,EMP011,Employee 011,Team B,Data Entry,2026-07-08,General,109,63,46,2,1,95,59,4.19,8.0,96.35,Present,Partial,7.88,52.5,3.17,96.83,1.59,93.65,Yes,100,0,57.8,5707,6826,Backlog Exists,Low,Good,At Risk
REC000292,EMP012,Employee 012,Team B,Data Entry,2026-07-08,Afternoon,226,131,95,1,5,95,123,2.52,8.0,99.16,Present,Partial,16.38,100.0,0.76,99.24,3.82,93.89,Yes,100,0,57.96,5707,6826,Backlog Exists,High,Excellent,At Risk
REC000293,EMP013,Employee 013,Team B,Data Entry,2026-07-08,Night,133,77,56,2,0,95,73,4.03,8.0,97.15,Present,Partial,9.62,64.17,2.6,97.4,0.0,94.81,Yes,100,0,57.89,5707,6826,Backlog Exists,Low,Good,At Risk
REC000294,EMP014,Employee 014,Team B,Data Entry,2026-07-08,Morning,137,80,57,3,2,95,75,3.37,8.0,96.33,Present,Partial,10.0,66.67,3.75,96.25,2.5,93.75,Yes,100,0,58.39,5707,6826,Backlog Exists,Low,Good,At Risk
REC000295,EMP015,Employee 015,Team B,Data Entry,2026-07-08,Night,111,64,47,5,1,95,57,5.44,8.0,92.17,Present,Partial,8.0,53.33,7.81,92.19,1.56,89.06,Yes,100,0,57.66,5707,6826,Backlog Exists,Low,Average,Breached
REC000296,EMP016,Employee 016,Team B,Data Entry,2026-07-08,Night,195,113,82,1,2,95,111,5.03,8.0,99.25,Present,Partial,14.12,94.17,0.88,99.12,1.77,98.23,No,100,0,57.95,5707,6826,Backlog Exists,High,Excellent,Met
REC000297,EMP017,Employee 017,Team B,Data Entry,2026-07-08,Afternoon,108,63,45,6,2,95,53,5.96,8.0,90.49,Present,Partial,7.88,52.5,9.52,90.48,3.17,84.13,Yes,100,0,58.33,5707,6826,Backlog Exists,Low,Average,Breached
REC000298,EMP018,Employee 018,Team B,Data Entry,2026-07-08,Morning,112,65,47,3,2,95,62,6.28,8.0,95.65,Present,Partial,8.12,54.17,4.62,95.38,3.08,95.38,No,100,0,58.04,5707,6826,Backlog Exists,Low,Good,Met
REC000299,EMP019,Employee 019,Team B,Data Entry,2026-07-08,Night,0,0,0,0,0,95,0,2.98,0.0,99.08,Leave,Pending,0.0,0.0,0.0,100.0,0.0,0.0,Yes,0,100,0.0,5707,6826,Backlog Exists,Low,Excellent,Breached
REC000300,EMP020,Employee 020,Team B,Data Entry,2026-07-08,Afternoon,128,76,52,4,2,95,57,6.83,8.0,94.37,Present,Partial,9.5,63.33,5.26,94.74,2.63,75.0,Yes,100,0,59.38,5707,6826,Backlog Exists,Low,Average,Breached
REC000301,EMP021,Employee 021,Team C,Application Processing,2026-07-08,Afternoon,144,116,28,2,1,95,107,5.14,8.0,98.14,Present,Partial,14.5,96.67,1.72,98.28,0.86,92.24,Yes,100,0,80.56,5707,6826,Backlog Exists,High,Excellent,At Risk
REC000302,EMP022,Employee 022,Team C,Application Processing,2026-07-08,General,112,91,21,3,2,95,86,5.32,8.0,97.24,Present,Partial,11.38,75.83,3.3,96.7,2.2,94.51,Yes,100,0,81.25,5707,6826,Backlog Exists,Average,Good,At Risk
REC000303,EMP023,Employee 023,Team C,Application Processing,2026-07-08,Night,142,115,27,2,1,95,110,6.6,8.0,98.68,Present,Partial,14.38,95.83,1.74,98.26,0.87,95.65,No,100,0,80.99,5707,6826,Backlog Exists,High,Excellent,Met
REC000304,EMP024,Employee 024,Team C,Application Processing,2026-07-08,Night,101,81,20,2,2,95,72,3.4,8.0,97.89,Present,Partial,10.12,67.5,2.47,97.53,2.47,88.89,Yes,100,0,80.2,5707,6826,Backlog Exists,Low,Good,Breached
REC000305,EMP025,Employee 025,Team C,Application Processing,2026-07-08,Afternoon,85,69,16,4,2,95,61,4.25,8.0,94.04,Present,Partial,8.62,57.5,5.8,94.2,2.9,88.41,Yes,100,0,81.18,5707,6826,Backlog Exists,Low,Average,Breached
REC000306,EMP026,Employee 026,Team C,Application Processing,2026-07-08,Afternoon,120,97,23,2,2,95,88,4.13,8.0,97.44,Present,Partial,12.12,80.83,2.06,97.94,2.06,90.72,Yes,100,0,80.83,5707,6826,Backlog Exists,Average,Good,At Risk
REC000307,EMP027,Employee 027,Team C,Application Processing,2026-07-08,Afternoon,81,66,15,3,1,95,61,3.35,8.0,95.37,Present,Partial,8.25,55.0,4.55,95.45,1.52,92.42,Yes,100,0,81.48,5707,6826,Backlog Exists,Low,Good,At Risk
REC000308,EMP028,Employee 028,Team C,Application Processing,2026-07-08,Morning,78,63,15,5,0,95,47,8.16,8.0,92.25,Present,Partial,7.88,52.5,7.94,92.06,0.0,74.6,Yes,100,0,80.77,5707,6826,Backlog Exists,Low,Average,Breached
REC000309,EMP029,Employee 029,Team C,Application Processing,2026-07-08,Morning,159,128,31,0,3,95,125,3.37,8.0,99.94,Present,Partial,16.0,100.0,0.0,100.0,2.34,97.66,No,100,0,80.5,5707,6826,Backlog Exists,High,Excellent,Met
REC000310,EMP030,Employee 030,Team C,Application Processing,2026-07-08,General,102,83,19,5,1,95,73,6.51,8.0,93.87,Present,Partial,10.38,69.17,6.02,93.98,1.2,87.95,Yes,100,0,81.37,5707,6826,Backlog Exists,Low,Average,Breached
REC000311,EMP031,Employee 031,Team D,Quality Review,2026-07-08,General,87,67,20,5,2,95,62,3.23,8.0,93.19,Present,Partial,8.38,55.83,7.46,92.54,2.99,92.54,Yes,100,0,77.01,5707,6826,Backlog Exists,Low,Average,At Risk
REC000312,EMP032,Employee 032,Team D,Quality Review,2026-07-08,Afternoon,71,55,16,4,1,95,38,7.81,8.0,92.77,Present,Partial,6.88,45.83,7.27,92.73,1.82,69.09,Yes,100,0,77.46,5707,6826,Backlog Exists,Low,Average,Breached
REC000313,EMP033,Employee 033,Team D,Quality Review,2026-07-08,Morning,112,86,26,6,2,95,79,4.21,8.0,93.47,Present,Partial,10.75,71.67,6.98,93.02,2.33,91.86,Yes,100,0,76.79,5707,6826,Backlog Exists,Low,Average,At Risk
REC000314,EMP034,Employee 034,Team D,Quality Review,2026-07-08,Night,109,84,25,8,4,95,76,4.45,8.0,89.89,Present,Partial,10.5,70.0,9.52,90.48,4.76,90.48,Yes,100,0,77.06,5707,6826,Backlog Exists,Low,Needs Improvement,At Risk
REC000315,EMP035,Employee 035,Team D,Quality Review,2026-07-08,Morning,116,90,26,3,3,95,82,4.77,8.0,96.63,Present,Partial,11.25,75.0,3.33,96.67,3.33,91.11,Yes,100,0,77.59,5707,6826,Backlog Exists,Average,Good,At Risk
REC000316,EMP036,Employee 036,Team D,Quality Review,2026-07-08,Night,110,85,25,3,2,95,80,4.91,8.0,96.01,Present,Partial,10.62,70.83,3.53,96.47,2.35,94.12,Yes,100,0,77.27,5707,6826,Backlog Exists,Low,Good,At Risk
REC000317,EMP037,Employee 037,Team D,Quality Review,2026-07-08,Afternoon,119,92,27,0,1,95,83,3.9,8.0,99.99,Present,Partial,11.5,76.67,0.0,100.0,1.09,90.22,Yes,100,0,77.31,5707,6826,Backlog Exists,Average,Excellent,At Risk
REC000318,EMP038,Employee 038,Team D,Quality Review,2026-07-08,General,113,87,26,5,1,95,76,6.89,8.0,94.56,Present,Partial,10.88,72.5,5.75,94.25,1.15,87.36,Yes,100,0,76.99,5707,6826,Backlog Exists,Low,Average,Breached
REC000319,EMP039,Employee 039,Team D,Quality Review,2026-07-08,Morning,0,0,0,0,0,95,0,6.72,0.0,94.1,Absent,Pending,0.0,0.0,0.0,100.0,0.0,0.0,Yes,0,100,0.0,5707,6826,Backlog Exists,Low,Average,Breached
REC000320,EMP040,Employee 040,Team D,Quality Review,2026-07-08,Night,64,48,16,6,1,95,40,6.67,8.0,88.21,Present,Partial,6.0,40.0,12.5,87.5,2.08,83.33,Yes,100,0,75.0,5707,6826,Backlog Exists,Low,Needs Improvement,Breached
REC000321,EMP001,Employee 001,Team A,Document Verification,2026-07-09,General,168,103,65,7,1,95,95,5.53,8.0,93.12,Present,Partial,12.88,85.83,6.8,93.2,0.97,92.23,Yes,100,0,61.31,6826,8369,Backlog Exists,Average,Average,At Risk
REC000322,EMP002,Employee 002,Team A,Document Verification,2026-07-09,General,173,106,67,4,3,95,93,3.4,8.0,95.89,Present,Partial,13.25,88.33,3.77,96.23,2.83,87.74,Yes,100,0,61.27,6826,8369,Backlog Exists,Average,Good,Breached
REC000323,EMP003,Employee 003,Team A,Document Verification,2026-07-09,General,62,38,24,1,1,95,33,6.37,4.0,97.34,Half Day,Partial,9.5,63.33,2.63,97.37,2.63,86.84,Yes,50,0,61.29,6826,8369,Backlog Exists,Low,Good,Breached
REC000324,EMP004,Employee 004,Team A,Document Verification,2026-07-09,Night,52,32,20,2,0,95,28,5.84,4.0,94.21,Half Day,Partial,8.0,53.33,6.25,93.75,0.0,87.5,Yes,50,0,61.54,6826,8369,Backlog Exists,Low,Average,Breached
REC000325,EMP005,Employee 005,Team A,Document Verification,2026-07-09,Night,181,111,70,1,1,95,110,4.29,8.0,99.0,Present,Partial,13.88,92.5,0.9,99.1,0.9,99.1,No,100,0,61.33,6826,8369,Backlog Exists,High,Excellent,Met
REC000326,EMP006,Employee 006,Team A,Document Verification,2026-07-09,Afternoon,109,67,42,4,1,95,56,6.37,8.0,93.76,Present,Partial,8.38,55.83,5.97,94.03,1.49,83.58,Yes,100,0,61.47,6826,8369,Backlog Exists,Low,Average,Breached
REC000327,EMP007,Employee 007,Team A,Document Verification,2026-07-09,General,0,0,0,0,0,95,0,4.77,0.0,91.84,Leave,Pending,0.0,0.0,0.0,100.0,0.0,0.0,Yes,0,100,0.0,6826,8369,Backlog Exists,Low,Average,Breached
REC000328,EMP008,Employee 008,Team A,Document Verification,2026-07-09,General,181,111,70,4,1,95,104,6.47,8.0,96.8,Present,Partial,13.88,92.5,3.6,96.4,0.9,93.69,Yes,100,0,61.33,6826,8369,Backlog Exists,High,Good,At Risk
REC000329,EMP009,Employee 009,Team A,Document Verification,2026-07-09,General,75,46,29,4,1,95,38,6.57,8.0,91.18,Present,Partial,5.75,38.33,8.7,91.3,2.17,82.61,Yes,100,0,61.33,6826,8369,Backlog Exists,Low,Average,Breached
REC000330,EMP010,Employee 010,Team A,Document Verification,2026-07-09,General,227,141,86,2,2,95,136,3.73,8.0,98.39,Present,Partial,17.62,100.0,1.42,98.58,1.42,96.45,No,100,0,62.11,6826,8369,Backlog Exists,High,Excellent,Met
REC000331,EMP011,Employee 011,Team B,Data Entry,2026-07-09,General,0,0,0,0,0,95,0,4.51,0.0,97.54,Leave,Pending,0.0,0.0,0.0,100.0,0.0,0.0,Yes,0,100,0.0,6826,8369,Backlog Exists,Low,Good,Breached
REC000332,EMP012,Employee 012,Team B,Data Entry,2026-07-09,Afternoon,165,97,68,0,2,95,90,4.69,8.0,99.81,Present,Partial,12.12,80.83,0.0,100.0,2.06,92.78,Yes,100,0,58.79,6826,8369,Backlog Exists,Average,Excellent,At Risk
REC000333,EMP013,Employee 013,Team B,Data Entry,2026-07-09,Night,158,93,65,3,2,95,83,4.02,8.0,97.22,Present,Partial,11.62,77.5,3.23,96.77,2.15,89.25,Yes,100,0,58.86,6826,8369,Backlog Exists,Average,Good,Breached
REC000334,EMP014,Employee 014,Team B,Data Entry,2026-07-09,Morning,134,79,55,2,1,95,71,3.52,8.0,97.38,Present,Partial,9.88,65.83,2.53,97.47,1.27,89.87,Yes,100,0,58.96,6826,8369,Backlog Exists,Low,Good,Breached
REC000335,EMP015,Employee 015,Team B,Data Entry,2026-07-09,Night,109,64,45,5,2,95,50,6.04,8.0,92.73,Present,Partial,8.0,53.33,7.81,92.19,3.12,78.12,Yes,100,0,58.72,6826,8369,Backlog Exists,Low,Average,Breached
REC000336,EMP016,Employee 016,Team B,Data Entry,2026-07-09,Night,210,124,86,0,1,95,120,3.99,8.0,100.0,Present,Partial,15.5,100.0,0.0,100.0,0.81,96.77,No,100,0,59.05,6826,8369,Backlog Exists,High,Excellent,Met
REC000337,EMP017,Employee 017,Team B,Data Entry,2026-07-09,Afternoon,128,75,53,7,4,95,61,5.21,8.0,91.05,Present,Partial,9.38,62.5,9.33,90.67,5.33,81.33,Yes,100,0,58.59,6826,8369,Backlog Exists,Low,Average,Breached
REC000338,EMP018,Employee 018,Team B,Data Entry,2026-07-09,Morning,106,62,44,3,1,95,56,6.48,7.5,95.08,Late,Partial,8.27,55.11,4.84,95.16,1.61,90.32,Yes,100,0,58.49,6826,8369,Backlog Exists,Low,Good,At Risk
REC000339,EMP019,Employee 019,Team B,Data Entry,2026-07-09,Night,154,91,63,1,2,95,90,5.8,8.0,99.19,Present,Partial,11.38,75.83,1.1,98.9,2.2,98.9,No,100,0,59.09,6826,8369,Backlog Exists,Average,Excellent,Met
REC000340,EMP020,Employee 020,Team B,Data Entry,2026-07-09,Afternoon,106,63,43,6,2,95,45,7.45,8.0,90.76,Present,Partial,7.88,52.5,9.52,90.48,3.17,71.43,Yes,100,0,59.43,6826,8369,Backlog Exists,Low,Average,Breached
REC000341,EMP021,Employee 021,Team C,Application Processing,2026-07-09,Afternoon,173,122,51,3,2,95,111,5.07,8.0,97.8,Present,Partial,15.25,100.0,2.46,97.54,1.64,90.98,Yes,100,0,70.52,6826,8369,Backlog Exists,High,Good,At Risk
REC000342,EMP022,Employee 022,Team C,Application Processing,2026-07-09,General,92,65,27,3,1,95,58,4.74,8.0,94.91,Present,Partial,8.12,54.17,4.62,95.38,1.54,89.23,Yes,100,0,70.65,6826,8369,Backlog Exists,Low,Average,Breached
REC000343,EMP023,Employee 023,Team C,Application Processing,2026-07-09,Night,183,128,55,3,2,95,126,3.44,8.0,98.0,Present,Partial,16.0,100.0,2.34,97.66,1.56,98.44,No,100,0,69.95,6826,8369,Backlog Exists,High,Excellent,Met
REC000344,EMP024,Employee 024,Team C,Application Processing,2026-07-09,Night,92,64,28,3,1,95,60,5.19,8.0,95.85,Present,Partial,8.0,53.33,4.69,95.31,1.56,93.75,Yes,100,0,69.57,6826,8369,Backlog Exists,Low,Good,At Risk
REC000345,EMP025,Employee 025,Team C,Application Processing,2026-07-09,Afternoon,151,106,45,3,3,95,93,5.42,8.0,97.4,Present,Partial,13.25,88.33,2.83,97.17,2.83,87.74,Yes,100,0,70.2,6826,8369,Backlog Exists,Average,Good,Breached
REC000346,EMP026,Employee 026,Team C,Application Processing,2026-07-09,Afternoon,182,128,54,3,2,95,116,5.27,8.0,97.87,Present,Partial,16.0,100.0,2.34,97.66,1.56,90.62,Yes,100,0,70.33,6826,8369,Backlog Exists,High,Good,At Risk
REC000347,EMP027,Employee 027,Team C,Application Processing,2026-07-09,Afternoon,86,60,26,2,1,95,50,5.33,7.5,96.02,Late,Partial,8.0,53.33,3.33,96.67,1.67,83.33,Yes,100,0,69.77,6826,8369,Backlog Exists,Low,Good,Breached
REC000348,EMP028,Employee 028,Team C,Application Processing,2026-07-09,Morning,78,54,24,3,0,95,45,6.75,8.0,94.93,Present,Partial,6.75,45.0,5.56,94.44,0.0,83.33,Yes,100,0,69.23,6826,8369,Backlog Exists,Low,Average,Breached
REC000349,EMP029,Employee 029,Team C,Application Processing,2026-07-09,Morning,191,134,57,2,4,95,128,5.45,8.0,98.68,Present,Partial,16.75,100.0,1.49,98.51,2.99,95.52,No,100,0,70.16,6826,8369,Backlog Exists,High,Excellent,Met
REC000350,EMP030,Employee 030,Team C,Application Processing,2026-07-09,General,83,59,24,3,2,95,47,5.59,8.0,94.27,Present,Partial,7.38,49.17,5.08,94.92,3.39,79.66,Yes,100,0,71.08,6826,8369,Backlog Exists,Low,Average,Breached
REC000351,EMP031,Employee 031,Team D,Quality Review,2026-07-09,General,0,0,0,0,0,95,0,4.93,0.0,95.29,Absent,Pending,0.0,0.0,0.0,100.0,0.0,0.0,Yes,0,100,0.0,6826,8369,Backlog Exists,Low,Good,Breached
REC000352,EMP032,Employee 032,Team D,Quality Review,2026-07-09,Afternoon,92,77,15,4,2,95,55,6.0,8.0,94.28,Present,Partial,9.62,64.17,5.19,94.81,2.6,71.43,Yes,100,0,83.7,6826,8369,Backlog Exists,Low,Average,Breached
REC000353,EMP033,Employee 033,Team D,Quality Review,2026-07-09,Morning,99,83,16,3,1,95,77,4.99,7.5,96.3,Late,Partial,11.07,73.78,3.61,96.39,1.2,92.77,Yes,100,0,83.84,6826,8369,Backlog Exists,Low,Good,At Risk
REC000354,EMP034,Employee 034,Team D,Quality Review,2026-07-09,Night,81,68,13,8,3,95,60,3.7,8.0,88.17,Present,Partial,8.5,56.67,11.76,88.24,4.41,88.24,Yes,100,0,83.95,6826,8369,Backlog Exists,Low,Needs Improvement,Breached
REC000355,EMP035,Employee 035,Team D,Quality Review,2026-07-09,Morning,142,119,23,7,1,95,104,6.32,8.0,94.07,Present,Partial,14.88,99.17,5.88,94.12,0.84,87.39,Yes,100,0,83.8,6826,8369,Backlog Exists,High,Average,Breached
REC000356,EMP036,Employee 036,Team D,Quality Review,2026-07-09,Night,78,66,12,2,1,95,62,4.58,8.0,96.66,Present,Partial,8.25,55.0,3.03,96.97,1.52,93.94,Yes,100,0,84.62,6826,8369,Backlog Exists,Low,Good,At Risk
REC000357,EMP037,Employee 037,Team D,Quality Review,2026-07-09,Afternoon,169,142,27,0,5,95,131,5.77,8.0,99.86,Present,Partial,17.75,100.0,0.0,100.0,3.52,92.25,Yes,100,0,84.02,6826,8369,Backlog Exists,High,Excellent,At Risk
REC000358,EMP038,Employee 038,Team D,Quality Review,2026-07-09,General,140,118,22,7,2,95,112,6.84,8.0,94.16,Present,Partial,14.75,98.33,5.93,94.07,1.69,94.92,Yes,100,0,84.29,6826,8369,Backlog Exists,High,Average,At Risk
REC000359,EMP039,Employee 039,Team D,Quality Review,2026-07-09,Morning,117,99,18,3,3,95,92,6.34,7.5,96.82,Late,Partial,13.2,88.0,3.03,96.97,3.03,92.93,Yes,100,0,84.62,6826,8369,Backlog Exists,Average,Good,At Risk
REC000360,EMP040,Employee 040,Team D,Quality Review,2026-07-09,Night,77,66,11,4,1,95,55,6.77,8.0,93.49,Present,Partial,8.25,55.0,6.06,93.94,1.52,83.33,Yes,100,0,85.71,6826,8369,Backlog Exists,Low,Average,Breached
REC000361,EMP001,Employee 001,Team A,Document Verification,2026-07-10,General,115,80,35,2,2,95,76,6.9,8.0,97.24,Present,Partial,10.0,66.67,2.5,97.5,2.5,95.0,No,100,0,69.57,8369,9470,Backlog Exists,Low,Good,Met
REC000362,EMP002,Employee 002,Team A,Document Verification,2026-07-10,General,99,69,30,5,2,95,65,3.91,8.0,93.14,Present,Partial,8.62,57.5,7.25,92.75,2.9,94.2,Yes,100,0,69.7,8369,9470,Backlog Exists,Low,Average,At Risk
REC000363,EMP003,Employee 003,Team A,Document Verification,2026-07-10,General,108,75,33,2,1,95,70,3.9,8.0,97.78,Present,Partial,9.38,62.5,2.67,97.33,1.33,93.33,Yes,100,0,69.44,8369,9470,Backlog Exists,Low,Good,At Risk
REC000364,EMP004,Employee 004,Team A,Document Verification,2026-07-10,Night,81,56,25,3,1,95,52,4.71,8.0,95.16,Present,Partial,7.0,46.67,5.36,94.64,1.79,92.86,Yes,100,0,69.14,8369,9470,Backlog Exists,Low,Good,At Risk
REC000365,EMP005,Employee 005,Team A,Document Verification,2026-07-10,Night,182,127,55,3,4,95,121,4.16,8.0,97.98,Present,Partial,15.88,100.0,2.36,97.64,3.15,95.28,No,100,0,69.78,8369,9470,Backlog Exists,High,Good,Met
REC000366,EMP006,Employee 006,Team A,Document Verification,2026-07-10,Afternoon,115,80,35,2,1,95,72,6.56,8.0,97.23,Present,Partial,10.0,66.67,2.5,97.5,1.25,90.0,Yes,100,0,69.57,8369,9470,Backlog Exists,Low,Good,At Risk
REC000367,EMP007,Employee 007,Team A,Document Verification,2026-07-10,General,85,59,26,5,0,95,46,5.28,8.0,91.81,Present,Partial,7.38,49.17,8.47,91.53,0.0,77.97,Yes,100,0,69.41,8369,9470,Backlog Exists,Low,Average,Breached
REC000368,EMP008,Employee 008,Team A,Document Verification,2026-07-10,General,85,59,26,4,1,95,53,4.18,8.0,93.16,Present,Partial,7.38,49.17,6.78,93.22,1.69,89.83,Yes,100,0,69.41,8369,9470,Backlog Exists,Low,Average,Breached
REC000369,EMP009,Employee 009,Team A,Document Verification,2026-07-10,General,75,52,23,3,1,95,39,6.85,8.0,94.16,Present,Partial,6.5,43.33,5.77,94.23,1.92,75.0,Yes,100,0,69.33,8369,9470,Backlog Exists,Low,Average,Breached
REC000370,EMP010,Employee 010,Team A,Document Verification,2026-07-10,General,169,118,51,1,3,95,114,5.89,8.0,99.18,Present,Partial,14.75,98.33,0.85,99.15,2.54,96.61,No,100,0,69.82,8369,9470,Backlog Exists,High,Excellent,Met
REC000371,EMP011,Employee 011,Team B,Data Entry,2026-07-10,General,126,84,42,5,1,95,76,7.0,8.0,94.36,Present,Partial,10.5,70.0,5.95,94.05,1.19,90.48,Yes,100,0,66.67,8369,9470,Backlog Exists,Low,Average,At Risk
REC000372,EMP012,Employee 012,Team B,Data Entry,2026-07-10,Afternoon,0,0,0,0,0,95,0,3.25,0.0,98.22,Leave,Pending,0.0,0.0,0.0,100.0,0.0,0.0,Yes,0,100,0.0,8369,9470,Backlog Exists,Low,Excellent,Breached
REC000373,EMP013,Employee 013,Team B,Data Entry,2026-07-10,Night,137,91,46,4,2,95,80,4.08,8.0,95.07,Present,Partial,11.38,75.83,4.4,95.6,2.2,87.91,Yes,100,0,66.42,8369,9470,Backlog Exists,Average,Good,Breached
REC000374,EMP014,Employee 014,Team B,Data Entry,2026-07-10,Morning,137,91,46,4,1,95,85,4.93,8.0,95.59,Present,Partial,11.38,75.83,4.4,95.6,1.1,93.41,Yes,100,0,66.42,8369,9470,Backlog Exists,Average,Good,At Risk
REC000375,EMP015,Employee 015,Team B,Data Entry,2026-07-10,Night,70,46,24,4,1,95,39,4.58,8.0,90.53,Present,Partial,5.75,38.33,8.7,91.3,2.17,84.78,Yes,100,0,65.71,8369,9470,Backlog Exists,Low,Average,Breached
REC000376,EMP016,Employee 016,Team B,Data Entry,2026-07-10,Night,203,135,68,1,4,95,129,6.51,8.0,99.34,Present,Partial,16.88,100.0,0.74,99.26,2.96,95.56,No,100,0,66.5,8369,9470,Backlog Exists,High,Excellent,Met
REC000377,EMP017,Employee 017,Team B,Data Entry,2026-07-10,Afternoon,128,85,43,9,4,95,71,4.38,8.0,89.25,Present,Partial,10.62,70.83,10.59,89.41,4.71,83.53,Yes,100,0,66.41,8369,9470,Backlog Exists,Low,Needs Improvement,Breached
REC000378,EMP018,Employee 018,Team B,Data Entry,2026-07-10,Morning,157,104,53,7,1,95,92,3.85,8.0,93.15,Present,Partial,13.0,86.67,6.73,93.27,0.96,88.46,Yes,100,0,66.24,8369,9470,Backlog Exists,Average,Average,Breached
REC000379,EMP019,Employee 019,Team B,Data Entry,2026-07-10,Night,197,131,66,1,1,95,125,5.59,8.0,99.0,Present,Partial,16.38,100.0,0.76,99.24,0.76,95.42,No,100,0,66.5,8369,9470,Backlog Exists,High,Excellent,Met
REC000380,EMP020,Employee 020,Team B,Data Entry,2026-07-10,Afternoon,85,57,28,5,1,95,43,5.91,8.0,91.05,Present,Partial,7.12,47.5,8.77,91.23,1.75,75.44,Yes,100,0,67.06,8369,9470,Backlog Exists,Low,Average,Breached
REC000381,EMP021,Employee 021,Team C,Application Processing,2026-07-10,Afternoon,167,139,28,2,1,95,127,5.81,8.0,98.5,Present,Partial,17.38,100.0,1.44,98.56,0.72,91.37,Yes,100,0,83.23,8369,9470,Backlog Exists,High,Excellent,At Risk
REC000382,EMP022,Employee 022,Team C,Application Processing,2026-07-10,General,128,107,21,4,1,95,95,3.75,8.0,96.14,Present,Partial,13.38,89.17,3.74,96.26,0.93,88.79,Yes,100,0,83.59,8369,9470,Backlog Exists,Average,Good,Breached
REC000383,EMP023,Employee 023,Team C,Application Processing,2026-07-10,Night,155,129,26,4,2,95,123,4.07,8.0,97.06,Present,Partial,16.12,100.0,3.1,96.9,1.55,95.35,No,100,0,83.23,8369,9470,Backlog Exists,High,Good,Met
REC000384,EMP024,Employee 024,Team C,Application Processing,2026-07-10,Night,105,88,17,4,3,95,82,3.99,8.0,95.15,Present,Partial,11.0,73.33,4.55,95.45,3.41,93.18,Yes,100,0,83.81,8369,9470,Backlog Exists,Low,Good,At Risk
REC000385,EMP025,Employee 025,Team C,Application Processing,2026-07-10,Afternoon,112,94,18,5,1,95,81,3.29,8.0,94.78,Present,Partial,11.75,78.33,5.32,94.68,1.06,86.17,Yes,100,0,83.93,8369,9470,Backlog Exists,Average,Average,Breached
REC000386,EMP026,Employee 026,Team C,Application Processing,2026-07-10,Afternoon,139,116,23,3,2,95,110,5.69,8.0,97.62,Present,Partial,14.5,96.67,2.59,97.41,1.72,94.83,Yes,100,0,83.45,8369,9470,Backlog Exists,High,Good,At Risk
REC000387,EMP027,Employee 027,Team C,Application Processing,2026-07-10,Afternoon,87,73,14,2,2,95,64,4.3,8.0,96.9,Present,Partial,9.12,60.83,2.74,97.26,2.74,87.67,Yes,100,0,83.91,8369,9470,Backlog Exists,Low,Good,Breached
REC000388,EMP028,Employee 028,Team C,Application Processing,2026-07-10,Morning,84,70,14,4,2,95,52,6.28,7.5,94.59,Late,Partial,9.33,62.22,5.71,94.29,2.86,74.29,Yes,100,0,83.33,8369,9470,Backlog Exists,Low,Average,Breached
REC000389,EMP029,Employee 029,Team C,Application Processing,2026-07-10,Morning,180,150,30,4,3,95,149,4.95,8.0,97.31,Present,Partial,18.75,100.0,2.67,97.33,2.0,99.33,No,100,0,83.33,8369,9470,Backlog Exists,High,Good,Met
REC000390,EMP030,Employee 030,Team C,Application Processing,2026-07-10,General,86,72,14,6,1,95,60,4.4,8.0,92.08,Present,Partial,9.0,60.0,8.33,91.67,1.39,83.33,Yes,100,0,83.72,8369,9470,Backlog Exists,Low,Average,Breached
REC000391,EMP031,Employee 031,Team D,Quality Review,2026-07-10,General,108,91,17,4,2,95,81,6.76,8.0,95.25,Present,Partial,11.38,75.83,4.4,95.6,2.2,89.01,Yes,100,0,84.26,8369,9470,Backlog Exists,Average,Good,Breached
REC000392,EMP032,Employee 032,Team D,Quality Review,2026-07-10,Afternoon,77,65,12,8,2,95,53,4.33,8.0,88.05,Present,Partial,8.12,54.17,12.31,87.69,3.08,81.54,Yes,100,0,84.42,8369,9470,Backlog Exists,Low,Needs Improvement,Breached
REC000393,EMP033,Employee 033,Team D,Quality Review,2026-07-10,Morning,107,90,17,5,3,95,83,6.76,8.0,94.93,Present,Partial,11.25,75.0,5.56,94.44,3.33,92.22,Yes,100,0,84.11,8369,9470,Backlog Exists,Average,Average,At Risk
REC000394,EMP034,Employee 034,Team D,Quality Review,2026-07-10,Night,0,0,0,0,0,95,0,4.99,0.0,87.93,Leave,Pending,0.0,0.0,0.0,100.0,0.0,0.0,Yes,0,100,0.0,8369,9470,Backlog Exists,Low,Needs Improvement,Breached
REC000395,EMP035,Employee 035,Team D,Quality Review,2026-07-10,Morning,99,83,16,3,1,95,79,3.34,8.0,96.71,Present,Partial,10.38,69.17,3.61,96.39,1.2,95.18,No,100,0,83.84,8369,9470,Backlog Exists,Low,Good,Met
REC000396,EMP036,Employee 036,Team D,Quality Review,2026-07-10,Night,104,88,16,3,3,95,83,5.05,8.0,97.04,Present,Partial,11.0,73.33,3.41,96.59,3.41,94.32,Yes,100,0,84.62,8369,9470,Backlog Exists,Low,Good,At Risk
REC000397,EMP037,Employee 037,Team D,Quality Review,2026-07-10,Afternoon,141,119,22,2,4,95,110,5.2,8.0,98.32,Present,Partial,14.88,99.17,1.68,98.32,3.36,92.44,Yes,100,0,84.4,8369,9470,Backlog Exists,High,Excellent,At Risk
REC000398,EMP038,Employee 038,Team D,Quality Review,2026-07-10,General,110,93,17,6,2,95,88,3.2,8.0,94.02,Present,Partial,11.62,77.5,6.45,93.55,2.15,94.62,Yes,100,0,84.55,8369,9470,Backlog Exists,Average,Average,At Risk
REC000399,EMP039,Employee 039,Team D,Quality Review,2026-07-10,Morning,103,87,16,2,0,95,79,3.06,8.0,97.56,Present,Partial,10.88,72.5,2.3,97.7,0.0,90.8,Yes,100,0,84.47,8369,9470,Backlog Exists,Low,Good,At Risk
REC000400,EMP040,Employee 040,Team D,Quality Review,2026-07-10,Night,54,46,8,5,1,95,37,5.41,8.0,88.54,Present,Partial,5.75,38.33,10.87,89.13,2.17,80.43,Yes,100,0,85.19,8369,9470,Backlog Exists,Low,Needs Improvement,Breached
REC000401,EMP001,Employee 001,Team A,Document Verification,2026-07-11,General,74,80,0,2,2,95,76,5.0,8.0,97.37,Present,Completed,10.0,66.67,2.5,97.5,2.5,95.0,No,100,0,108.11,9470,9372,Backlog Exists,Low,Good,Met
REC000402,EMP002,Employee 002,Team A,Document Verification,2026-07-11,General,97,104,0,4,1,95,98,4.68,8.0,95.68,Present,Completed,13.0,86.67,3.85,96.15,0.96,94.23,Yes,100,0,107.22,9470,9372,Backlog Exists,Average,Good,At Risk
REC000403,EMP003,Employee 003,Team A,Document Verification,2026-07-11,General,79,85,0,4,2,95,79,3.8,8.0,95.5,Present,Completed,10.62,70.83,4.71,95.29,2.35,92.94,Yes,100,0,107.59,9470,9372,Backlog Exists,Low,Good,At Risk
REC000404,EMP004,Employee 004,Team A,Document Verification,2026-07-11,Night,86,92,0,4,2,95,84,3.11,8.0,95.95,Present,Completed,11.5,76.67,4.35,95.65,2.17,91.3,Yes,100,0,106.98,9470,9372,Backlog Exists,Average,Good,At Risk
REC000405,EMP005,Employee 005,Team A,Document Verification,2026-07-11,Night,96,103,0,2,1,95,101,2.68,8.0,97.63,Present,Completed,12.88,85.83,1.94,98.06,0.97,98.06,No,100,0,107.29,9470,9372,Backlog Exists,Average,Good,Met
REC000406,EMP006,Employee 006,Team A,Document Verification,2026-07-11,Afternoon,92,98,0,2,1,95,86,6.77,8.0,97.62,Present,Completed,12.25,81.67,2.04,97.96,1.02,87.76,Yes,100,0,106.52,9470,9372,Backlog Exists,Average,Good,Breached
REC000407,EMP007,Employee 007,Team A,Document Verification,2026-07-11,General,43,47,0,3,1,95,41,6.09,8.0,93.23,Present,Completed,5.88,39.17,6.38,93.62,2.13,87.23,Yes,100,0,109.3,9470,9372,Backlog Exists,Low,Average,Breached
REC000408,EMP008,Employee 008,Team A,Document Verification,2026-07-11,General,72,78,0,5,2,95,71,5.21,8.0,93.04,Present,Completed,9.75,65.0,6.41,93.59,2.56,91.03,Yes,100,0,108.33,9470,9372,Backlog Exists,Low,Average,At Risk
REC000409,EMP009,Employee 009,Team A,Document Verification,2026-07-11,General,69,74,0,8,2,95,56,7.82,8.0,89.78,Present,Completed,9.25,61.67,10.81,89.19,2.7,75.68,Yes,100,0,107.25,9470,9372,Backlog Exists,Low,Needs Improvement,Breached
REC000410,EMP010,Employee 010,Team A,Document Verification,2026-07-11,General,94,100,0,2,3,95,98,5.18,8.0,97.65,Present,Completed,12.5,83.33,2.0,98.0,3.0,98.0,No,100,0,106.38,9470,9372,Backlog Exists,Average,Good,Met
REC000411,EMP011,Employee 011,Team B,Data Entry,2026-07-11,General,91,84,7,4,1,95,79,6.53,8.0,94.73,Present,Partial,10.5,70.0,4.76,95.24,1.19,94.05,Yes,100,0,92.31,9470,9372,Backlog Exists,Low,Average,At Risk
REC000412,EMP012,Employee 012,Team B,Data Entry,2026-07-11,Afternoon,0,0,0,0,0,95,0,3.52,0.0,97.36,Absent,Pending,0.0,0.0,0.0,100.0,0.0,0.0,Yes,0,100,0.0,9470,9372,Backlog Exists,Low,Good,Breached
REC000413,EMP013,Employee 013,Team B,Data Entry,2026-07-11,Night,87,81,6,5,1,95,73,4.34,8.0,93.83,Present,Partial,10.12,67.5,6.17,93.83,1.23,90.12,Yes,100,0,93.1,9470,9372,Backlog Exists,Low,Average,At Risk
REC000414,EMP014,Employee 014,Team B,Data Entry,2026-07-11,Morning,125,115,10,4,3,95,111,4.66,8.0,96.75,Present,Partial,14.38,95.83,3.48,96.52,2.61,96.52,No,100,0,92.0,9470,9372,Backlog Exists,High,Good,Met
REC000415,EMP015,Employee 015,Team B,Data Entry,2026-07-11,Night,58,54,4,4,1,95,46,5.9,8.0,93.28,Present,Partial,6.75,45.0,7.41,92.59,1.85,85.19,Yes,100,0,93.1,9470,9372,Backlog Exists,Low,Average,Breached
REC000416,EMP016,Employee 016,Team B,Data Entry,2026-07-11,Night,127,117,10,3,2,95,114,5.09,8.0,97.61,Present,Partial,14.62,97.5,2.56,97.44,1.71,97.44,No,100,0,92.13,9470,9372,Backlog Exists,High,Good,Met
REC000417,EMP017,Employee 017,Team B,Data Entry,2026-07-11,Afternoon,95,88,7,7,5,95,74,3.46,8.0,91.64,Present,Partial,11.0,73.33,7.95,92.05,5.68,84.09,Yes,100,0,92.63,9470,9372,Backlog Exists,Low,Average,Breached
REC000418,EMP018,Employee 018,Team B,Data Entry,2026-07-11,Morning,101,93,8,3,2,95,88,6.81,8.0,96.82,Present,Partial,11.62,77.5,3.23,96.77,2.15,94.62,Yes,100,0,92.08,9470,9372,Backlog Exists,Average,Good,At Risk
REC000419,EMP019,Employee 019,Team B,Data Entry,2026-07-11,Night,135,124,11,1,3,95,123,5.33,8.0,99.33,Present,Partial,15.5,100.0,0.81,99.19,2.42,99.19,No,100,0,91.85,9470,9372,Backlog Exists,High,Excellent,Met
REC000420,EMP020,Employee 020,Team B,Data Entry,2026-07-11,Afternoon,75,70,5,4,1,95,57,7.12,8.0,94.2,Present,Partial,8.75,58.33,5.71,94.29,1.43,81.43,Yes,100,0,93.33,9470,9372,Backlog Exists,Low,Average,Breached
REC000421,EMP021,Employee 021,Team C,Application Processing,2026-07-11,Afternoon,141,139,2,3,5,95,127,2.79,8.0,97.69,Present,Partial,17.38,100.0,2.16,97.84,3.6,91.37,Yes,100,0,98.58,9470,9372,Backlog Exists,High,Good,At Risk
REC000422,EMP022,Employee 022,Team C,Application Processing,2026-07-11,General,71,71,0,3,2,95,64,4.48,8.0,96.04,Present,Completed,8.88,59.17,4.23,95.77,2.82,90.14,Yes,100,0,100.0,9470,9372,Backlog Exists,Low,Good,At Risk
REC000423,EMP023,Employee 023,Team C,Application Processing,2026-07-11,Night,117,115,2,3,2,95,114,3.98,8.0,97.14,Present,Partial,14.38,95.83,2.61,97.39,1.74,99.13,No,100,0,98.29,9470,9372,Backlog Exists,High,Good,Met
REC000424,EMP024,Employee 024,Team C,Application Processing,2026-07-11,Night,80,79,1,2,1,95,74,3.38,8.0,97.21,Present,Partial,9.88,65.83,2.53,97.47,1.27,93.67,Yes,100,0,98.75,9470,9372,Backlog Exists,Low,Good,At Risk
REC000425,EMP025,Employee 025,Team C,Application Processing,2026-07-11,Afternoon,85,84,1,5,0,95,75,5.19,8.0,93.52,Present,Partial,10.5,70.0,5.95,94.05,0.0,89.29,Yes,100,0,98.82,9470,9372,Backlog Exists,Low,Average,Breached
REC000426,EMP026,Employee 026,Team C,Application Processing,2026-07-11,Afternoon,99,98,1,1,2,95,92,2.78,8.0,98.56,Present,Partial,12.25,81.67,1.02,98.98,2.04,93.88,Yes,100,0,98.99,9470,9372,Backlog Exists,Average,Excellent,At Risk
REC000427,EMP027,Employee 027,Team C,Application Processing,2026-07-11,Afternoon,75,75,0,3,1,95,68,4.56,8.0,96.57,Present,Completed,9.38,62.5,4.0,96.0,1.33,90.67,Yes,100,0,100.0,9470,9372,Backlog Exists,Low,Good,At Risk
REC000428,EMP028,Employee 028,Team C,Application Processing,2026-07-11,Morning,61,60,1,7,1,95,51,6.01,8.0,89.11,Present,Partial,7.5,50.0,11.67,88.33,1.67,85.0,Yes,100,0,98.36,9470,9372,Backlog Exists,Low,Needs Improvement,Breached
REC000429,EMP029,Employee 029,Team C,Application Processing,2026-07-11,Morning,143,142,1,1,3,95,140,3.86,8.0,99.56,Present,Partial,17.75,100.0,0.7,99.3,2.11,98.59,No,100,0,99.3,9470,9372,Backlog Exists,High,Excellent,Met
REC000430,EMP030,Employee 030,Team C,Application Processing,2026-07-11,General,34,34,0,2,0,95,28,4.84,4.0,92.99,Half Day,Completed,8.5,56.67,5.88,94.12,0.0,82.35,Yes,50,0,100.0,9470,9372,Backlog Exists,Low,Average,Breached
REC000431,EMP031,Employee 031,Team D,Quality Review,2026-07-11,General,85,98,0,3,3,95,92,3.6,8.0,96.93,Present,Completed,12.25,81.67,3.06,96.94,3.06,93.88,Yes,100,0,115.29,9470,9372,Backlog Exists,Average,Good,At Risk
REC000432,EMP032,Employee 032,Team D,Quality Review,2026-07-11,Afternoon,53,62,0,6,1,95,47,7.88,8.0,89.52,Present,Completed,7.75,51.67,9.68,90.32,1.61,75.81,Yes,100,0,116.98,9470,9372,Backlog Exists,Low,Needs Improvement,Breached
REC000433,EMP033,Employee 033,Team D,Quality Review,2026-07-11,Morning,62,71,0,3,2,95,67,4.72,8.0,96.15,Present,Completed,8.88,59.17,4.23,95.77,2.82,94.37,Yes,100,0,114.52,9470,9372,Backlog Exists,Low,Good,At Risk
REC000434,EMP034,Employee 034,Team D,Quality Review,2026-07-11,Night,88,102,0,12,6,95,94,5.99,8.0,88.46,Present,Completed,12.75,85.0,11.76,88.24,5.88,92.16,Yes,100,0,115.91,9470,9372,Backlog Exists,Average,Needs Improvement,At Risk
REC000435,EMP035,Employee 035,Team D,Quality Review,2026-07-11,Morning,79,92,0,3,2,95,88,6.31,8.0,97.06,Present,Completed,11.5,76.67,3.26,96.74,2.17,95.65,No,100,0,116.46,9470,9372,Backlog Exists,Average,Good,Met
REC000436,EMP036,Employee 036,Team D,Quality Review,2026-07-11,Night,60,70,0,2,2,95,66,5.7,8.0,97.52,Present,Completed,8.75,58.33,2.86,97.14,2.86,94.29,Yes,100,0,116.67,9470,9372,Backlog Exists,Low,Good,At Risk
REC000437,EMP037,Employee 037,Team D,Quality Review,2026-07-11,Afternoon,101,118,0,4,2,95,112,3.69,8.0,97.02,Present,Completed,14.75,98.33,3.39,96.61,1.69,94.92,Yes,100,0,116.83,9470,9372,Backlog Exists,High,Good,At Risk
REC000438,EMP038,Employee 038,Team D,Quality Review,2026-07-11,General,82,95,0,2,3,95,87,3.05,8.0,97.46,Present,Completed,11.88,79.17,2.11,97.89,3.16,91.58,Yes,100,0,115.85,9470,9372,Backlog Exists,Average,Good,At Risk
REC000439,EMP039,Employee 039,Team D,Quality Review,2026-07-11,Morning,59,69,0,5,1,95,60,3.07,8.0,93.4,Present,Completed,8.62,57.5,7.25,92.75,1.45,86.96,Yes,100,0,116.95,9470,9372,Backlog Exists,Low,Average,Breached
REC000440,EMP040,Employee 040,Team D,Quality Review,2026-07-11,Night,54,62,0,3,1,95,49,4.54,8.0,94.42,Present,Completed,7.75,51.67,4.84,95.16,1.61,79.03,Yes,100,0,114.81,9470,9372,Backlog Exists,Low,Average,Breached
REC000441,EMP001,Employee 001,Team A,Document Verification,2026-07-12,General,0,0,0,0,0,95,0,3.44,0.0,97.16,Leave,Pending,0.0,0.0,0.0,100.0,0.0,0.0,Yes,0,100,0.0,9372,9039,Backlog Exists,Low,Good,Breached
REC000442,EMP002,Employee 002,Team A,Document Verification,2026-07-12,General,70,85,0,2,2,95,75,5.58,8.0,97.63,Present,Completed,10.62,70.83,2.35,97.65,2.35,88.24,Yes,100,0,121.43,9372,9039,Backlog Exists,Low,Good,Breached
REC000443,EMP003,Employee 003,Team A,Document Verification,2026-07-12,General,80,97,0,2,1,95,90,5.99,8.0,97.87,Present,Completed,12.12,80.83,2.06,97.94,1.03,92.78,Yes,100,0,121.25,9372,9039,Backlog Exists,Average,Good,At Risk
REC000444,EMP004,Employee 004,Team A,Document Verification,2026-07-12,Night,74,90,0,3,2,95,80,3.17,8.0,97.05,Present,Completed,11.25,75.0,3.33,96.67,2.22,88.89,Yes,100,0,121.62,9372,9039,Backlog Exists,Average,Good,Breached
REC000445,EMP005,Employee 005,Team A,Document Verification,2026-07-12,Night,101,123,0,2,2,95,122,2.77,8.0,98.74,Present,Completed,15.38,100.0,1.63,98.37,1.63,99.19,No,100,0,121.78,9372,9039,Backlog Exists,High,Excellent,Met
REC000446,EMP006,Employee 006,Team A,Document Verification,2026-07-12,Afternoon,69,84,0,6,1,95,74,5.74,8.0,93.12,Present,Completed,10.5,70.0,7.14,92.86,1.19,88.1,Yes,100,0,121.74,9372,9039,Backlog Exists,Low,Average,Breached
REC000447,EMP007,Employee 007,Team A,Document Verification,2026-07-12,General,55,67,0,4,1,95,61,7.61,8.0,94.37,Present,Completed,8.38,55.83,5.97,94.03,1.49,91.04,Yes,100,0,121.82,9372,9039,Backlog Exists,Low,Average,At Risk
REC000448,EMP008,Employee 008,Team A,Document Verification,2026-07-12,General,72,88,0,2,2,95,78,5.96,8.0,97.17,Present,Completed,11.0,73.33,2.27,97.73,2.27,88.64,Yes,100,0,122.22,9372,9039,Backlog Exists,Low,Good,Breached
REC000449,EMP009,Employee 009,Team A,Document Verification,2026-07-12,General,63,76,0,9,2,95,66,4.0,8.0,88.66,Present,Completed,9.5,63.33,11.84,88.16,2.63,86.84,Yes,100,0,120.63,9372,9039,Backlog Exists,Low,Needs Improvement,Breached
REC000450,EMP010,Employee 010,Team A,Document Verification,2026-07-12,General,125,150,0,0,4,95,144,5.32,8.0,99.75,Present,Completed,18.75,100.0,0.0,100.0,2.67,96.0,No,100,0,120.0,9372,9039,Backlog Exists,High,Excellent,Met
REC000451,EMP011,Employee 011,Team B,Data Entry,2026-07-12,General,95,90,5,2,1,95,82,5.12,7.5,97.71,Late,Partial,12.0,80.0,2.22,97.78,1.11,91.11,Yes,100,0,94.74,9372,9039,Backlog Exists,Average,Good,At Risk
REC000452,EMP012,Employee 012,Team B,Data Entry,2026-07-12,Afternoon,140,134,6,0,2,95,125,3.34,8.0,99.96,Present,Partial,16.75,100.0,0.0,100.0,1.49,93.28,Yes,100,0,95.71,9372,9039,Backlog Exists,High,Excellent,At Risk
REC000453,EMP013,Employee 013,Team B,Data Entry,2026-07-12,Night,67,64,3,2,1,95,56,6.31,8.0,96.15,Present,Partial,8.0,53.33,3.12,96.88,1.56,87.5,Yes,100,0,95.52,9372,9039,Backlog Exists,Low,Good,Breached
REC000454,EMP014,Employee 014,Team B,Data Entry,2026-07-12,Morning,104,100,4,5,2,95,90,6.9,8.0,94.83,Present,Partial,12.5,83.33,5.0,95.0,2.0,90.0,Yes,100,0,96.15,9372,9039,Backlog Exists,Average,Average,At Risk
REC000455,EMP015,Employee 015,Team B,Data Entry,2026-07-12,Night,78,74,4,8,2,95,65,4.79,8.0,89.19,Present,Partial,9.25,61.67,10.81,89.19,2.7,87.84,Yes,100,0,94.87,9372,9039,Backlog Exists,Low,Needs Improvement,Breached
REC000456,EMP016,Employee 016,Team B,Data Entry,2026-07-12,Night,110,105,5,2,1,95,104,5.38,8.0,97.81,Present,Partial,13.12,87.5,1.9,98.1,0.95,99.05,No,100,0,95.45,9372,9039,Backlog Exists,Average,Good,Met
REC000457,EMP017,Employee 017,Team B,Data Entry,2026-07-12,Afternoon,100,96,4,11,5,95,83,6.5,8.0,88.34,Present,Partial,12.0,80.0,11.46,88.54,5.21,86.46,Yes,100,0,96.0,9372,9039,Backlog Exists,Average,Needs Improvement,Breached
REC000458,EMP018,Employee 018,Team B,Data Entry,2026-07-12,Morning,84,80,4,4,3,95,73,5.86,8.0,95.21,Present,Partial,10.0,66.67,5.0,95.0,3.75,91.25,Yes,100,0,95.24,9372,9039,Backlog Exists,Low,Good,At Risk
REC000459,EMP019,Employee 019,Team B,Data Entry,2026-07-12,Night,110,105,5,2,2,95,100,3.97,8.0,97.85,Present,Partial,13.12,87.5,1.9,98.1,1.9,95.24,No,100,0,95.45,9372,9039,Backlog Exists,Average,Good,Met
REC000460,EMP020,Employee 020,Team B,Data Entry,2026-07-12,Afternoon,49,46,3,2,1,95,35,4.57,8.0,94.94,Present,Partial,5.75,38.33,4.35,95.65,2.17,76.09,Yes,100,0,93.88,9372,9039,Backlog Exists,Low,Average,Breached
REC000461,EMP021,Employee 021,Team C,Application Processing,2026-07-12,Afternoon,96,86,10,2,3,95,78,4.6,7.5,97.39,Late,Partial,11.47,76.44,2.33,97.67,3.49,90.7,Yes,100,0,89.58,9372,9039,Backlog Exists,Average,Good,At Risk
REC000462,EMP022,Employee 022,Team C,Application Processing,2026-07-12,General,91,82,9,2,2,95,76,5.24,8.0,97.52,Present,Partial,10.25,68.33,2.44,97.56,2.44,92.68,Yes,100,0,90.11,9372,9039,Backlog Exists,Low,Good,At Risk
REC000463,EMP023,Employee 023,Team C,Application Processing,2026-07-12,Night,124,112,12,2,3,95,107,6.2,8.0,98.11,Present,Partial,14.0,93.33,1.79,98.21,2.68,95.54,No,100,0,90.32,9372,9039,Backlog Exists,High,Excellent,Met
REC000464,EMP024,Employee 024,Team C,Application Processing,2026-07-12,Night,71,64,7,3,2,95,59,4.35,8.0,94.69,Present,Partial,8.0,53.33,4.69,95.31,3.12,92.19,Yes,100,0,90.14,9372,9039,Backlog Exists,Low,Average,At Risk
REC000465,EMP025,Employee 025,Team C,Application Processing,2026-07-12,Afternoon,103,93,10,2,1,95,80,5.09,8.0,97.94,Present,Partial,11.62,77.5,2.15,97.85,1.08,86.02,Yes,100,0,90.29,9372,9039,Backlog Exists,Average,Good,Breached
REC000466,EMP026,Employee 026,Team C,Application Processing,2026-07-12,Afternoon,128,115,13,1,3,95,108,2.86,8.0,98.77,Present,Partial,14.38,95.83,0.87,99.13,2.61,93.91,Yes,100,0,89.84,9372,9039,Backlog Exists,High,Excellent,At Risk
REC000467,EMP027,Employee 027,Team C,Application Processing,2026-07-12,Afternoon,0,0,0,0,0,95,0,4.18,0.0,94.16,Absent,Pending,0.0,0.0,0.0,100.0,0.0,0.0,Yes,0,100,0.0,9372,9039,Backlog Exists,Low,Average,Breached
REC000468,EMP028,Employee 028,Team C,Application Processing,2026-07-12,Morning,66,59,7,6,2,95,53,6.86,8.0,89.66,Present,Partial,7.38,49.17,10.17,89.83,3.39,89.83,Yes,100,0,89.39,9372,9039,Backlog Exists,Low,Needs Improvement,Breached
REC000469,EMP029,Employee 029,Team C,Application Processing,2026-07-12,Morning,149,134,15,1,3,95,127,5.61,8.0,99.36,Present,Partial,16.75,100.0,0.75,99.25,2.24,94.78,Yes,100,0,89.93,9372,9039,Backlog Exists,High,Excellent,At Risk
REC000470,EMP030,Employee 030,Team C,Application Processing,2026-07-12,General,80,72,8,6,2,95,60,7.25,7.5,92.31,Late,Partial,9.6,64.0,8.33,91.67,2.78,83.33,Yes,100,0,90.0,9372,9039,Backlog Exists,Low,Average,Breached
REC000471,EMP031,Employee 031,Team D,Quality Review,2026-07-12,General,61,90,0,4,1,95,79,5.27,8.0,96.05,Present,Completed,11.25,75.0,4.44,95.56,1.11,87.78,Yes,100,0,147.54,9372,9039,Backlog Exists,Average,Good,Breached
REC000472,EMP032,Employee 032,Team D,Quality Review,2026-07-12,Afternoon,49,73,0,5,1,95,58,7.77,8.0,92.56,Present,Completed,9.12,60.83,6.85,93.15,1.37,79.45,Yes,100,0,148.98,9372,9039,Backlog Exists,Low,Average,Breached
REC000473,EMP033,Employee 033,Team D,Quality Review,2026-07-12,Morning,68,100,0,5,1,95,94,4.72,8.0,94.83,Present,Completed,12.5,83.33,5.0,95.0,1.0,94.0,Yes,100,0,147.06,9372,9039,Backlog Exists,Average,Average,At Risk
REC000474,EMP034,Employee 034,Team D,Quality Review,2026-07-12,Night,58,87,0,10,4,95,77,3.17,8.0,88.59,Present,Completed,10.88,72.5,11.49,88.51,4.6,88.51,Yes,100,0,150.0,9372,9039,Backlog Exists,Low,Needs Improvement,Breached
REC000475,EMP035,Employee 035,Team D,Quality Review,2026-07-12,Morning,67,99,0,4,2,95,92,3.77,8.0,96.19,Present,Completed,12.38,82.5,4.04,95.96,2.02,92.93,Yes,100,0,147.76,9372,9039,Backlog Exists,Average,Good,At Risk
REC000476,EMP036,Employee 036,Team D,Quality Review,2026-07-12,Night,75,111,0,6,3,95,103,5.03,8.0,94.48,Present,Completed,13.88,92.5,5.41,94.59,2.7,92.79,Yes,100,0,148.0,9372,9039,Backlog Exists,High,Average,At Risk
REC000477,EMP037,Employee 037,Team D,Quality Review,2026-07-12,Afternoon,93,138,0,3,5,95,128,5.3,8.0,98.05,Present,Completed,17.25,100.0,2.17,97.83,3.62,92.75,Yes,100,0,148.39,9372,9039,Backlog Exists,High,Excellent,At Risk
REC000478,EMP038,Employee 038,Team D,Quality Review,2026-07-12,General,56,83,0,4,1,95,78,4.11,8.0,94.73,Present,Completed,10.38,69.17,4.82,95.18,1.2,93.98,Yes,100,0,148.21,9372,9039,Backlog Exists,Low,Average,At Risk
REC000479,EMP039,Employee 039,Team D,Quality Review,2026-07-12,Morning,74,110,0,7,2,95,105,3.36,8.0,93.71,Present,Completed,13.75,91.67,6.36,93.64,1.82,95.45,No,100,0,148.65,9372,9039,Backlog Exists,High,Average,Met
REC000480,EMP040,Employee 040,Team D,Quality Review,2026-07-12,Night,57,83,0,4,2,95,76,7.71,8.0,94.94,Present,Completed,10.38,69.17,4.82,95.18,2.41,91.57,Yes,100,0,145.61,9372,9039,Backlog Exists,Low,Average,At Risk
REC000481,EMP001,Employee 001,Team A,Document Verification,2026-07-13,General,108,74,34,2,1,95,67,3.43,8.0,96.79,Present,Partial,9.25,61.67,2.7,97.3,1.35,90.54,Yes,100,0,68.52,9039,10912,Backlog Exists,Low,Good,At Risk
REC000482,EMP002,Employee 002,Team A,Document Verification,2026-07-13,General,110,75,35,4,2,95,72,5.42,8.0,95.2,Present,Partial,9.38,62.5,5.33,94.67,2.67,96.0,No,100,0,68.18,9039,10912,Backlog Exists,Low,Good,Met
REC000483,EMP003,Employee 003,Team A,Document Verification,2026-07-13,General,123,83,40,2,2,95,74,4.94,8.0,97.32,Present,Partial,10.38,69.17,2.41,97.59,2.41,89.16,Yes,100,0,67.48,9039,10912,Backlog Exists,Low,Good,Breached
REC000484,EMP004,Employee 004,Team A,Document Verification,2026-07-13,Night,0,0,0,0,0,95,0,3.55,0.0,93.58,Leave,Pending,0.0,0.0,0.0,100.0,0.0,0.0,Yes,0,100,0.0,9039,10912,Backlog Exists,Low,Average,Breached
REC000485,EMP005,Employee 005,Team A,Document Verification,2026-07-13,Night,190,130,60,1,3,95,127,4.22,8.0,99.2,Present,Partial,16.25,100.0,0.77,99.23,2.31,97.69,No,100,0,68.42,9039,10912,Backlog Exists,High,Excellent,Met
REC000486,EMP006,Employee 006,Team A,Document Verification,2026-07-13,Afternoon,104,71,33,5,1,95,59,3.42,8.0,93.23,Present,Partial,8.88,59.17,7.04,92.96,1.41,83.1,Yes,100,0,68.27,9039,10912,Backlog Exists,Low,Average,Breached
REC000487,EMP007,Employee 007,Team A,Document Verification,2026-07-13,General,64,43,21,3,1,95,37,5.7,8.0,94.11,Present,Partial,5.38,35.83,6.98,93.02,2.33,86.05,Yes,100,0,67.19,9039,10912,Backlog Exists,Low,Average,Breached
REC000488,EMP008,Employee 008,Team A,Document Verification,2026-07-13,General,137,93,44,2,1,95,83,6.12,7.5,97.71,Late,Partial,12.4,82.67,2.15,97.85,1.08,89.25,Yes,100,0,67.88,9039,10912,Backlog Exists,Average,Good,Breached
REC000489,EMP009,Employee 009,Team A,Document Verification,2026-07-13,General,107,73,34,8,0,95,59,4.45,8.0,88.69,Present,Partial,9.12,60.83,10.96,89.04,0.0,80.82,Yes,100,0,68.22,9039,10912,Backlog Exists,Low,Needs Improvement,Breached
REC000490,EMP010,Employee 010,Team A,Document Verification,2026-07-13,General,191,131,60,3,4,95,129,5.35,8.0,97.68,Present,Partial,16.38,100.0,2.29,97.71,3.05,98.47,No,100,0,68.59,9039,10912,Backlog Exists,High,Good,Met
REC000491,EMP011,Employee 011,Team B,Data Entry,2026-07-13,General,199,110,89,7,2,95,98,6.34,8.0,93.26,Present,Partial,13.75,91.67,6.36,93.64,1.82,89.09,Yes,100,0,55.28,9039,10912,Backlog Exists,High,Average,Breached
REC000492,EMP012,Employee 012,Team B,Data Entry,2026-07-13,Afternoon,247,138,109,3,5,95,131,3.13,8.0,98.08,Present,Partial,17.25,100.0,2.17,97.83,3.62,94.93,Yes,100,0,55.87,9039,10912,Backlog Exists,High,Excellent,At Risk
REC000493,EMP013,Employee 013,Team B,Data Entry,2026-07-13,Night,133,74,59,2,2,95,66,3.82,8.0,96.81,Present,Partial,9.25,61.67,2.7,97.3,2.7,89.19,Yes,100,0,55.64,9039,10912,Backlog Exists,Low,Good,Breached
REC000494,EMP014,Employee 014,Team B,Data Entry,2026-07-13,Morning,127,71,56,5,2,95,62,4.68,8.0,93.08,Present,Partial,8.88,59.17,7.04,92.96,2.82,87.32,Yes,100,0,55.91,9039,10912,Backlog Exists,Low,Average,Breached
REC000495,EMP015,Employee 015,Team B,Data Entry,2026-07-13,Night,78,43,35,3,1,95,34,5.15,8.0,92.21,Present,Partial,5.38,35.83,6.98,93.02,2.33,79.07,Yes,100,0,55.13,9039,10912,Backlog Exists,Low,Average,Breached
REC000496,EMP016,Employee 016,Team B,Data Entry,2026-07-13,Night,208,116,92,1,2,95,115,6.09,8.0,98.86,Present,Partial,14.5,96.67,0.86,99.14,1.72,99.14,No,100,0,55.77,9039,10912,Backlog Exists,High,Excellent,Met
REC000497,EMP017,Employee 017,Team B,Data Entry,2026-07-13,Afternoon,86,47,39,5,2,95,41,5.73,4.0,88.66,Half Day,Partial,11.75,78.33,10.64,89.36,4.26,87.23,Yes,50,0,54.65,9039,10912,Backlog Exists,Average,Needs Improvement,Breached
REC000498,EMP018,Employee 018,Team B,Data Entry,2026-07-13,Morning,190,106,84,2,1,95,96,4.75,8.0,97.7,Present,Partial,13.25,88.33,1.89,98.11,0.94,90.57,Yes,100,0,55.79,9039,10912,Backlog Exists,Average,Good,At Risk
REC000499,EMP019,Employee 019,Team B,Data Entry,2026-07-13,Night,182,101,81,0,3,95,98,5.59,8.0,99.7,Present,Partial,12.62,84.17,0.0,100.0,2.97,97.03,No,100,0,55.49,9039,10912,Backlog Exists,Average,Excellent,Met
REC000500,EMP020,Employee 020,Team B,Data Entry,2026-07-13,Afternoon,91,52,39,4,0,95,39,5.75,8.0,91.76,Present,Partial,6.5,43.33,7.69,92.31,0.0,75.0,Yes,100,0,57.14,9039,10912,Backlog Exists,Low,Average,Breached
REC000501,EMP021,Employee 021,Team C,Application Processing,2026-07-13,Afternoon,176,107,69,2,2,95,99,3.54,8.0,98.5,Present,Partial,13.38,89.17,1.87,98.13,1.87,92.52,Yes,100,0,60.8,9039,10912,Backlog Exists,Average,Excellent,At Risk
REC000502,EMP022,Employee 022,Team C,Application Processing,2026-07-13,General,162,99,63,6,3,95,92,6.31,8.0,94.08,Present,Partial,12.38,82.5,6.06,93.94,3.03,92.93,Yes,100,0,61.11,9039,10912,Backlog Exists,Average,Average,At Risk
REC000503,EMP023,Employee 023,Team C,Application Processing,2026-07-13,Night,180,110,70,1,3,95,106,3.65,8.0,99.14,Present,Partial,13.75,91.67,0.91,99.09,2.73,96.36,No,100,0,61.11,9039,10912,Backlog Exists,High,Excellent,Met
REC000504,EMP024,Employee 024,Team C,Application Processing,2026-07-13,Night,126,77,49,2,2,95,70,3.53,8.0,97.29,Present,Partial,9.62,64.17,2.6,97.4,2.6,90.91,Yes,100,0,61.11,9039,10912,Backlog Exists,Low,Good,At Risk
REC000505,EMP025,Employee 025,Team C,Application Processing,2026-07-13,Afternoon,143,87,56,4,2,95,76,6.99,8.0,94.91,Present,Partial,10.88,72.5,4.6,95.4,2.3,87.36,Yes,100,0,60.84,9039,10912,Backlog Exists,Low,Average,Breached
REC000506,EMP026,Employee 026,Team C,Application Processing,2026-07-13,Afternoon,184,112,72,3,2,95,105,3.57,8.0,97.57,Present,Partial,14.0,93.33,2.68,97.32,1.79,93.75,Yes,100,0,60.87,9039,10912,Backlog Exists,High,Good,At Risk
REC000507,EMP027,Employee 027,Team C,Application Processing,2026-07-13,Afternoon,113,69,44,2,1,95,60,6.11,8.0,97.44,Present,Partial,8.62,57.5,2.9,97.1,1.45,86.96,Yes,100,0,61.06,9039,10912,Backlog Exists,Low,Good,Breached
REC000508,EMP028,Employee 028,Team C,Application Processing,2026-07-13,Morning,71,43,28,5,1,95,35,7.41,8.0,88.91,Present,Partial,5.38,35.83,11.63,88.37,2.33,81.4,Yes,100,0,60.56,9039,10912,Backlog Exists,Low,Needs Improvement,Breached
REC000509,EMP029,Employee 029,Team C,Application Processing,2026-07-13,Morning,203,123,80,1,2,95,121,2.95,8.0,99.07,Present,Partial,15.38,100.0,0.81,99.19,1.63,98.37,No,100,0,60.59,9039,10912,Backlog Exists,High,Excellent,Met
REC000510,EMP030,Employee 030,Team C,Application Processing,2026-07-13,General,72,45,27,4,0,95,35,7.77,8.0,90.35,Present,Partial,5.62,37.5,8.89,91.11,0.0,77.78,Yes,100,0,62.5,9039,10912,Backlog Exists,Low,Average,Breached
REC000511,EMP031,Employee 031,Team D,Quality Review,2026-07-13,General,104,75,29,4,1,95,67,4.27,8.0,95.05,Present,Partial,9.38,62.5,5.33,94.67,1.33,89.33,Yes,100,0,72.12,9039,10912,Backlog Exists,Low,Good,Breached
REC000512,EMP032,Employee 032,Team D,Quality Review,2026-07-13,Afternoon,55,40,15,4,0,95,29,4.33,8.0,89.82,Present,Partial,5.0,33.33,10.0,90.0,0.0,72.5,Yes,100,0,72.73,9039,10912,Backlog Exists,Low,Needs Improvement,Breached
REC000513,EMP033,Employee 033,Team D,Quality Review,2026-07-13,Morning,0,0,0,0,0,95,0,5.65,0.0,94.44,Leave,Pending,0.0,0.0,0.0,100.0,0.0,0.0,Yes,0,100,0.0,9039,10912,Backlog Exists,Low,Average,Breached
REC000514,EMP034,Employee 034,Team D,Quality Review,2026-07-13,Night,135,98,37,9,6,95,90,3.87,8.0,91.08,Present,Partial,12.25,81.67,9.18,90.82,6.12,91.84,Yes,100,0,72.59,9039,10912,Backlog Exists,Average,Average,At Risk
REC000515,EMP035,Employee 035,Team D,Quality Review,2026-07-13,Morning,130,94,36,6,1,95,90,5.19,7.5,94.04,Late,Partial,12.53,83.56,6.38,93.62,1.06,95.74,No,100,0,72.31,9039,10912,Backlog Exists,Average,Average,Met
REC000516,EMP036,Employee 036,Team D,Quality Review,2026-07-13,Night,122,88,34,3,1,95,80,3.5,8.0,96.67,Present,Partial,11.0,73.33,3.41,96.59,1.14,90.91,Yes,100,0,72.13,9039,10912,Backlog Exists,Low,Good,At Risk
REC000517,EMP037,Employee 037,Team D,Quality Review,2026-07-13,Afternoon,129,94,35,2,3,95,89,5.91,8.0,97.51,Present,Partial,11.75,78.33,2.13,97.87,3.19,94.68,Yes,100,0,72.87,9039,10912,Backlog Exists,Average,Good,At Risk
REC000518,EMP038,Employee 038,Team D,Quality Review,2026-07-13,General,120,87,33,2,1,95,79,4.25,8.0,97.88,Present,Partial,10.88,72.5,2.3,97.7,1.15,90.8,Yes,100,0,72.5,9039,10912,Backlog Exists,Low,Good,At Risk
REC000519,EMP039,Employee 039,Team D,Quality Review,2026-07-13,Morning,135,98,37,6,1,95,91,6.5,8.0,93.61,Present,Partial,12.25,81.67,6.12,93.88,1.02,92.86,Yes,100,0,72.59,9039,10912,Backlog Exists,Average,Average,At Risk
REC000520,EMP040,Employee 040,Team D,Quality Review,2026-07-13,Night,64,49,15,3,0,95,41,3.97,8.0,93.53,Present,Partial,6.12,40.83,6.12,93.88,0.0,83.67,Yes,100,0,76.56,9039,10912,Backlog Exists,Low,Average,Breached
REC000521,EMP001,Employee 001,Team A,Document Verification,2026-07-14,General,84,62,22,4,0,95,57,5.09,8.0,93.65,Present,Partial,7.75,51.67,6.45,93.55,0.0,91.94,Yes,100,0,73.81,10912,12148,Backlog Exists,Low,Average,At Risk
REC000522,EMP002,Employee 002,Team A,Document Verification,2026-07-14,General,138,102,36,6,2,95,94,3.78,8.0,94.27,Present,Partial,12.75,85.0,5.88,94.12,1.96,92.16,Yes,100,0,73.91,10912,12148,Backlog Exists,Average,Average,At Risk
REC000523,EMP003,Employee 003,Team A,Document Verification,2026-07-14,General,105,78,27,3,2,95,74,5.41,8.0,96.26,Present,Partial,9.75,65.0,3.85,96.15,2.56,94.87,Yes,100,0,74.29,10912,12148,Backlog Exists,Low,Good,At Risk
REC000524,EMP004,Employee 004,Team A,Document Verification,2026-07-14,Night,78,58,20,3,0,95,52,3.37,8.0,95.56,Present,Partial,7.25,48.33,5.17,94.83,0.0,89.66,Yes,100,0,74.36,10912,12148,Backlog Exists,Low,Good,Breached
REC000525,EMP005,Employee 005,Team A,Document Verification,2026-07-14,Night,154,114,40,0,1,95,109,5.98,8.0,99.89,Present,Partial,14.25,95.0,0.0,100.0,0.88,95.61,No,100,0,74.03,10912,12148,Backlog Exists,High,Excellent,Met
REC000526,EMP006,Employee 006,Team A,Document Verification,2026-07-14,Afternoon,137,101,36,3,1,95,85,3.57,8.0,96.83,Present,Partial,12.62,84.17,2.97,97.03,0.99,84.16,Yes,100,0,73.72,10912,12148,Backlog Exists,Average,Good,Breached
REC000527,EMP007,Employee 007,Team A,Document Verification,2026-07-14,General,71,52,19,6,1,95,47,5.46,8.0,88.13,Present,Partial,6.5,43.33,11.54,88.46,1.92,90.38,Yes,100,0,73.24,10912,12148,Backlog Exists,Low,Needs Improvement,At Risk
REC000528,EMP008,Employee 008,Team A,Document Verification,2026-07-14,General,116,85,31,3,1,95,79,3.85,8.0,96.26,Present,Partial,10.62,70.83,3.53,96.47,1.18,92.94,Yes,100,0,73.28,10912,12148,Backlog Exists,Low,Good,At Risk
REC000529,EMP009,Employee 009,Team A,Document Verification,2026-07-14,General,74,54,20,6,1,95,41,7.67,8.0,88.85,Present,Partial,6.75,45.0,11.11,88.89,1.85,75.93,Yes,100,0,72.97,10912,12148,Backlog Exists,Low,Needs Improvement,Breached
REC000530,EMP010,Employee 010,Team A,Document Verification,2026-07-14,General,125,93,32,1,2,95,88,2.66,8.0,98.78,Present,Partial,11.62,77.5,1.08,98.92,2.15,94.62,Yes,100,0,74.4,10912,12148,Backlog Exists,Average,Excellent,At Risk
REC000531,EMP011,Employee 011,Team B,Data Entry,2026-07-14,General,141,84,57,5,2,95,78,5.32,8.0,94.54,Present,Partial,10.5,70.0,5.95,94.05,2.38,92.86,Yes,100,0,59.57,10912,12148,Backlog Exists,Low,Average,At Risk
REC000532,EMP012,Employee 012,Team B,Data Entry,2026-07-14,Afternoon,208,124,84,3,4,95,112,4.05,8.0,97.76,Present,Partial,15.5,100.0,2.42,97.58,3.23,90.32,Yes,100,0,59.62,10912,12148,Backlog Exists,High,Good,At Risk
REC000533,EMP013,Employee 013,Team B,Data Entry,2026-07-14,Night,135,81,54,4,0,95,76,6.61,8.0,95.21,Present,Partial,10.12,67.5,4.94,95.06,0.0,93.83,Yes,100,0,60.0,10912,12148,Backlog Exists,Low,Good,At Risk
REC000534,EMP014,Employee 014,Team B,Data Entry,2026-07-14,Morning,140,84,56,2,1,95,74,6.25,8.0,97.19,Present,Partial,10.5,70.0,2.38,97.62,1.19,88.1,Yes,100,0,60.0,10912,12148,Backlog Exists,Low,Good,Breached
REC000535,EMP015,Employee 015,Team B,Data Entry,2026-07-14,Night,68,40,28,2,0,95,33,5.67,8.0,94.47,Present,Partial,5.0,33.33,5.0,95.0,0.0,82.5,Yes,100,0,58.82,10912,12148,Backlog Exists,Low,Average,Breached
REC000536,EMP016,Employee 016,Team B,Data Entry,2026-07-14,Night,191,115,76,1,2,95,110,6.36,8.0,98.93,Present,Partial,14.38,95.83,0.87,99.13,1.74,95.65,No,100,0,60.21,10912,12148,Backlog Exists,High,Excellent,Met
REC000537,EMP017,Employee 017,Team B,Data Entry,2026-07-14,Afternoon,166,99,67,11,3,95,87,6.6,8.0,88.95,Present,Partial,12.38,82.5,11.11,88.89,3.03,87.88,Yes,100,0,59.64,10912,12148,Backlog Exists,Average,Needs Improvement,Breached
REC000538,EMP018,Employee 018,Team B,Data Entry,2026-07-14,Morning,120,72,48,3,2,95,65,5.67,8.0,95.77,Present,Partial,9.0,60.0,4.17,95.83,2.78,90.28,Yes,100,0,60.0,10912,12148,Backlog Exists,Low,Good,At Risk
REC000539,EMP019,Employee 019,Team B,Data Entry,2026-07-14,Night,102,61,41,0,1,95,59,4.66,4.0,99.97,Half Day,Partial,15.25,100.0,0.0,100.0,1.64,96.72,No,50,0,59.8,10912,12148,Backlog Exists,High,Excellent,Met
REC000540,EMP020,Employee 020,Team B,Data Entry,2026-07-14,Afternoon,55,35,20,4,1,95,30,3.92,4.0,88.57,Half Day,Partial,8.75,58.33,11.43,88.57,2.86,85.71,Yes,50,0,63.64,10912,12148,Backlog Exists,Low,Needs Improvement,Breached
REC000541,EMP021,Employee 021,Team C,Application Processing,2026-07-14,Afternoon,155,107,48,1,2,95,100,3.6,8.0,98.65,Present,Partial,13.38,89.17,0.93,99.07,1.87,93.46,Yes,100,0,69.03,10912,12148,Backlog Exists,Average,Excellent,At Risk
REC000542,EMP022,Employee 022,Team C,Application Processing,2026-07-14,General,110,76,34,3,2,95,73,4.9,8.0,96.26,Present,Partial,9.5,63.33,3.95,96.05,2.63,96.05,No,100,0,69.09,10912,12148,Backlog Exists,Low,Good,Met
REC000543,EMP023,Employee 023,Team C,Application Processing,2026-07-14,Night,181,125,56,3,1,95,120,6.32,8.0,97.2,Present,Partial,15.62,100.0,2.4,97.6,0.8,96.0,No,100,0,69.06,10912,12148,Backlog Exists,High,Good,Met
REC000544,EMP024,Employee 024,Team C,Application Processing,2026-07-14,Night,108,75,33,4,1,95,70,5.61,8.0,94.36,Present,Partial,9.38,62.5,5.33,94.67,1.33,93.33,Yes,100,0,69.44,10912,12148,Backlog Exists,Low,Average,At Risk
REC000545,EMP025,Employee 025,Team C,Application Processing,2026-07-14,Afternoon,97,67,30,4,2,95,60,6.57,8.0,93.77,Present,Partial,8.38,55.83,5.97,94.03,2.99,89.55,Yes,100,0,69.07,10912,12148,Backlog Exists,Low,Average,Breached
REC000546,EMP026,Employee 026,Team C,Application Processing,2026-07-14,Afternoon,150,104,46,3,3,95,99,5.75,8.0,97.22,Present,Partial,13.0,86.67,2.88,97.12,2.88,95.19,No,100,0,69.33,10912,12148,Backlog Exists,Average,Good,Met
REC000547,EMP027,Employee 027,Team C,Application Processing,2026-07-14,Afternoon,117,81,36,2,2,95,72,6.9,8.0,97.71,Present,Partial,10.12,67.5,2.47,97.53,2.47,88.89,Yes,100,0,69.23,10912,12148,Backlog Exists,Low,Good,Breached
REC000548,EMP028,Employee 028,Team C,Application Processing,2026-07-14,Morning,31,21,10,1,0,95,19,6.94,4.0,93.83,Half Day,Partial,5.25,35.0,4.76,95.24,0.0,90.48,Yes,50,0,67.74,10912,12148,Backlog Exists,Low,Average,At Risk
REC000549,EMP029,Employee 029,Team C,Application Processing,2026-07-14,Morning,187,129,58,1,2,95,124,4.69,8.0,99.03,Present,Partial,16.12,100.0,0.78,99.22,1.55,96.12,No,100,0,68.98,10912,12148,Backlog Exists,High,Excellent,Met
REC000550,EMP030,Employee 030,Team C,Application Processing,2026-07-14,General,104,72,32,7,1,95,58,7.23,8.0,90.23,Present,Partial,9.0,60.0,9.72,90.28,1.39,80.56,Yes,100,0,69.23,10912,12148,Backlog Exists,Low,Average,Breached
REC000551,EMP031,Employee 031,Team D,Quality Review,2026-07-14,General,67,64,3,2,0,95,59,5.79,8.0,96.38,Present,Partial,8.0,53.33,3.12,96.88,0.0,92.19,Yes,100,0,95.52,10912,12148,Backlog Exists,Low,Good,At Risk
REC000552,EMP032,Employee 032,Team D,Quality Review,2026-07-14,Afternoon,44,42,2,4,0,95,33,4.22,8.0,89.5,Present,Partial,5.25,35.0,9.52,90.48,0.0,78.57,Yes,100,0,95.45,10912,12148,Backlog Exists,Low,Needs Improvement,Breached
REC000553,EMP033,Employee 033,Team D,Quality Review,2026-07-14,Morning,115,109,6,6,2,95,102,5.37,8.0,94.48,Present,Partial,13.62,90.83,5.5,94.5,1.83,93.58,Yes,100,0,94.78,10912,12148,Backlog Exists,High,Average,At Risk
REC000554,EMP034,Employee 034,Team D,Quality Review,2026-07-14,Night,101,96,5,10,6,95,90,5.46,8.0,89.23,Present,Partial,12.0,80.0,10.42,89.58,6.25,93.75,Yes,100,0,95.05,10912,12148,Backlog Exists,Average,Needs Improvement,At Risk
REC000555,EMP035,Employee 035,Team D,Quality Review,2026-07-14,Morning,96,92,4,4,1,95,84,5.01,8.0,95.62,Present,Partial,11.5,76.67,4.35,95.65,1.09,91.3,Yes,100,0,95.83,10912,12148,Backlog Exists,Average,Good,At Risk
REC000556,EMP036,Employee 036,Team D,Quality Review,2026-07-14,Night,81,77,4,5,1,95,73,6.66,8.0,94.0,Present,Partial,9.62,64.17,6.49,93.51,1.3,94.81,Yes,100,0,95.06,10912,12148,Backlog Exists,Low,Average,At Risk
REC000557,EMP037,Employee 037,Team D,Quality Review,2026-07-14,Afternoon,103,98,5,2,1,95,90,3.7,8.0,98.08,Present,Partial,12.25,81.67,2.04,97.96,1.02,91.84,Yes,100,0,95.15,10912,12148,Backlog Exists,Average,Excellent,At Risk
REC000558,EMP038,Employee 038,Team D,Quality Review,2026-07-14,General,73,70,3,4,1,95,65,6.21,8.0,94.63,Present,Partial,8.75,58.33,5.71,94.29,1.43,92.86,Yes,100,0,95.89,10912,12148,Backlog Exists,Low,Average,At Risk
REC000559,EMP039,Employee 039,Team D,Quality Review,2026-07-14,Morning,90,86,4,4,1,95,83,3.04,8.0,95.35,Present,Partial,10.75,71.67,4.65,95.35,1.16,96.51,No,100,0,95.56,10912,12148,Backlog Exists,Low,Good,Met
REC000560,EMP040,Employee 040,Team D,Quality Review,2026-07-14,Night,53,50,3,3,0,95,44,6.31,8.0,94.27,Present,Partial,6.25,41.67,6.0,94.0,0.0,88.0,Yes,100,0,94.34,10912,12148,Backlog Exists,Low,Average,Breached
REC000561,EMP001,Employee 001,Team A,Document Verification,2026-07-15,General,125,73,52,4,2,95,65,4.66,8.0,94.24,Present,Partial,9.12,60.83,5.48,94.52,2.74,89.04,Yes,100,0,58.4,12148,13696,Backlog Exists,Low,Average,Breached
REC000562,EMP002,Employee 002,Team A,Document Verification,2026-07-15,General,135,79,56,5,1,95,69,6.28,8.0,93.07,Present,Partial,9.88,65.83,6.33,93.67,1.27,87.34,Yes,100,0,58.52,12148,13696,Backlog Exists,Low,Average,Breached
REC000563,EMP003,Employee 003,Team A,Document Verification,2026-07-15,General,109,64,45,2,2,95,57,6.35,8.0,97.12,Present,Partial,8.0,53.33,3.12,96.88,3.12,89.06,Yes,100,0,58.72,12148,13696,Backlog Exists,Low,Good,Breached
REC000564,EMP004,Employee 004,Team A,Document Verification,2026-07-15,Night,107,63,44,3,1,95,58,3.05,8.0,95.71,Present,Partial,7.88,52.5,4.76,95.24,1.59,92.06,Yes,100,0,58.88,12148,13696,Backlog Exists,Low,Good,At Risk
REC000565,EMP005,Employee 005,Team A,Document Verification,2026-07-15,Night,215,126,89,3,4,95,121,5.04,8.0,97.43,Present,Partial,15.75,100.0,2.38,97.62,3.17,96.03,No,100,0,58.6,12148,13696,Backlog Exists,High,Good,Met
REC000566,EMP006,Employee 006,Team A,Document Verification,2026-07-15,Afternoon,123,72,51,2,2,95,67,3.78,8.0,97.27,Present,Partial,9.0,60.0,2.78,97.22,2.78,93.06,Yes,100,0,58.54,12148,13696,Backlog Exists,Low,Good,At Risk
REC000567,EMP007,Employee 007,Team A,Document Verification,2026-07-15,General,80,47,33,4,0,95,35,6.23,8.0,91.32,Present,Partial,5.88,39.17,8.51,91.49,0.0,74.47,Yes,100,0,58.75,12148,13696,Backlog Exists,Low,Average,Breached
REC000568,EMP008,Employee 008,Team A,Document Verification,2026-07-15,General,148,86,62,2,1,95,77,3.45,8.0,97.97,Present,Partial,10.75,71.67,2.33,97.67,1.16,89.53,Yes,100,0,58.11,12148,13696,Backlog Exists,Low,Good,Breached
REC000569,EMP009,Employee 009,Team A,Document Verification,2026-07-15,General,81,47,34,3,1,95,41,7.64,8.0,94.42,Present,Partial,5.88,39.17,6.38,93.62,2.13,87.23,Yes,100,0,58.02,12148,13696,Backlog Exists,Low,Average,Breached
REC000570,EMP010,Employee 010,Team A,Document Verification,2026-07-15,General,5,4,1,0,0,95,3,4.44,0.0,98.35,Leave,Partial,0.0,0.0,0.0,100.0,0.0,75.0,Yes,0,100,80.0,12148,13696,Backlog Exists,Low,Excellent,Breached
REC000571,EMP011,Employee 011,Team B,Data Entry,2026-07-15,General,91,51,40,3,1,95,45,3.2,4.0,93.57,Half Day,Partial,12.75,85.0,5.88,94.12,1.96,88.24,Yes,50,0,56.04,12148,13696,Backlog Exists,Average,Average,Breached
REC000572,EMP012,Employee 012,Team B,Data Entry,2026-07-15,Afternoon,231,128,103,1,2,95,122,3.82,8.0,98.85,Present,Partial,16.0,100.0,0.78,99.22,1.56,95.31,No,100,0,55.41,12148,13696,Backlog Exists,High,Excellent,Met
REC000573,EMP013,Employee 013,Team B,Data Entry,2026-07-15,Night,114,63,51,3,1,95,59,6.38,8.0,95.19,Present,Partial,7.88,52.5,4.76,95.24,1.59,93.65,Yes,100,0,55.26,12148,13696,Backlog Exists,Low,Good,At Risk
REC000574,EMP014,Employee 014,Team B,Data Entry,2026-07-15,Morning,124,69,55,4,2,95,66,5.92,8.0,94.62,Present,Partial,8.62,57.5,5.8,94.2,2.9,95.65,No,100,0,55.65,12148,13696,Backlog Exists,Low,Average,Met
REC000575,EMP015,Employee 015,Team B,Data Entry,2026-07-15,Night,88,48,40,4,1,95,42,5.97,8.0,91.43,Present,Partial,6.0,40.0,8.33,91.67,2.08,87.5,Yes,100,0,54.55,12148,13696,Backlog Exists,Low,Average,Breached
REC000576,EMP016,Employee 016,Team B,Data Entry,2026-07-15,Night,164,91,73,2,3,95,87,5.58,8.0,97.58,Present,Partial,11.38,75.83,2.2,97.8,3.3,95.6,No,100,0,55.49,12148,13696,Backlog Exists,Average,Good,Met
REC000577,EMP017,Employee 017,Team B,Data Entry,2026-07-15,Afternoon,150,83,67,7,4,95,74,5.7,8.0,91.41,Present,Partial,10.38,69.17,8.43,91.57,4.82,89.16,Yes,100,0,55.33,12148,13696,Backlog Exists,Low,Average,Breached
REC000578,EMP018,Employee 018,Team B,Data Entry,2026-07-15,Morning,165,91,74,4,2,95,80,5.53,8.0,96.09,Present,Partial,11.38,75.83,4.4,95.6,2.2,87.91,Yes,100,0,55.15,12148,13696,Backlog Exists,Average,Good,Breached
REC000579,EMP019,Employee 019,Team B,Data Entry,2026-07-15,Night,86,47,39,0,1,95,44,5.49,4.0,99.31,Half Day,Partial,11.75,78.33,0.0,100.0,2.13,93.62,Yes,50,0,54.65,12148,13696,Backlog Exists,Average,Excellent,At Risk
REC000580,EMP020,Employee 020,Team B,Data Entry,2026-07-15,Afternoon,146,83,63,7,1,95,65,5.44,8.0,91.04,Present,Partial,10.38,69.17,8.43,91.57,1.2,78.31,Yes,100,0,56.85,12148,13696,Backlog Exists,Low,Average,Breached
REC000581,EMP021,Employee 021,Team C,Application Processing,2026-07-15,Afternoon,195,134,61,3,3,95,129,3.04,8.0,97.96,Present,Partial,16.75,100.0,2.24,97.76,2.24,96.27,No,100,0,68.72,12148,13696,Backlog Exists,High,Good,Met
REC000582,EMP022,Employee 022,Team C,Application Processing,2026-07-15,General,104,72,32,5,0,95,67,3.24,8.0,93.52,Present,Partial,9.0,60.0,6.94,93.06,0.0,93.06,Yes,100,0,69.23,12148,13696,Backlog Exists,Low,Average,At Risk
REC000583,EMP023,Employee 023,Team C,Application Processing,2026-07-15,Night,135,93,42,3,2,95,90,3.2,8.0,97.09,Present,Partial,11.62,77.5,3.23,96.77,2.15,96.77,No,100,0,68.89,12148,13696,Backlog Exists,Average,Good,Met
REC000584,EMP024,Employee 024,Team C,Application Processing,2026-07-15,Night,90,61,29,2,1,95,56,3.49,8.0,96.21,Present,Partial,7.62,50.83,3.28,96.72,1.64,91.8,Yes,100,0,67.78,12148,13696,Backlog Exists,Low,Good,At Risk
REC000585,EMP025,Employee 025,Team C,Application Processing,2026-07-15,Afternoon,120,82,38,3,1,95,73,5.45,8.0,95.94,Present,Partial,10.25,68.33,3.66,96.34,1.22,89.02,Yes,100,0,68.33,12148,13696,Backlog Exists,Low,Good,Breached
REC000586,EMP026,Employee 026,Team C,Application Processing,2026-07-15,Afternoon,179,123,56,3,2,95,115,3.21,8.0,97.89,Present,Partial,15.38,100.0,2.44,97.56,1.63,93.5,Yes,100,0,68.72,12148,13696,Backlog Exists,High,Good,At Risk
REC000587,EMP027,Employee 027,Team C,Application Processing,2026-07-15,Afternoon,138,95,43,5,2,95,85,3.27,8.0,94.92,Present,Partial,11.88,79.17,5.26,94.74,2.11,89.47,Yes,100,0,68.84,12148,13696,Backlog Exists,Average,Average,Breached
REC000588,EMP028,Employee 028,Team C,Application Processing,2026-07-15,Morning,67,46,21,3,0,95,40,7.31,8.0,93.82,Present,Partial,5.75,38.33,6.52,93.48,0.0,86.96,Yes,100,0,68.66,12148,13696,Backlog Exists,Low,Average,Breached
REC000589,EMP029,Employee 029,Team C,Application Processing,2026-07-15,Morning,164,113,51,1,1,95,109,5.06,8.0,98.74,Present,Partial,14.12,94.17,0.88,99.12,0.88,96.46,No,100,0,68.9,12148,13696,Backlog Exists,High,Excellent,Met
REC000590,EMP030,Employee 030,Team C,Application Processing,2026-07-15,General,4,4,0,0,0,95,3,4.9,0.0,94.04,Leave,Completed,0.0,0.0,0.0,100.0,0.0,75.0,Yes,0,100,100.0,12148,13696,Backlog Exists,Low,Average,Breached
REC000591,EMP031,Employee 031,Team D,Quality Review,2026-07-15,General,111,98,13,6,2,95,89,6.55,8.0,93.42,Present,Partial,12.25,81.67,6.12,93.88,2.04,90.82,Yes,100,0,88.29,12148,13696,Backlog Exists,Average,Average,At Risk
REC000592,EMP032,Employee 032,Team D,Quality Review,2026-07-15,Afternoon,87,77,10,8,1,95,60,5.2,8.0,89.06,Present,Partial,9.62,64.17,10.39,89.61,1.3,77.92,Yes,100,0,88.51,12148,13696,Backlog Exists,Low,Needs Improvement,Breached
REC000593,EMP033,Employee 033,Team D,Quality Review,2026-07-15,Morning,78,69,9,3,1,95,65,4.47,8.0,95.14,Present,Partial,8.62,57.5,4.35,95.65,1.45,94.2,Yes,100,0,88.46,12148,13696,Backlog Exists,Low,Good,At Risk
REC000594,EMP034,Employee 034,Team D,Quality Review,2026-07-15,Night,77,68,9,7,3,95,61,5.09,8.0,89.12,Present,Partial,8.5,56.67,10.29,89.71,4.41,89.71,Yes,100,0,88.31,12148,13696,Backlog Exists,Low,Needs Improvement,Breached
REC000595,EMP035,Employee 035,Team D,Quality Review,2026-07-15,Morning,77,69,8,2,2,95,65,6.18,8.0,97.61,Present,Partial,8.62,57.5,2.9,97.1,2.9,94.2,Yes,100,0,89.61,12148,13696,Backlog Exists,Low,Good,At Risk
REC000596,EMP036,Employee 036,Team D,Quality Review,2026-07-15,Night,112,99,13,5,3,95,88,5.63,8.0,94.62,Present,Partial,12.38,82.5,5.05,94.95,3.03,88.89,Yes,100,0,88.39,12148,13696,Backlog Exists,Average,Average,Breached
REC000597,EMP037,Employee 037,Team D,Quality Review,2026-07-15,Afternoon,134,119,15,1,1,95,112,3.54,8.0,98.92,Present,Partial,14.88,99.17,0.84,99.16,0.84,94.12,Yes,100,0,88.81,12148,13696,Backlog Exists,High,Excellent,At Risk
REC000598,EMP038,Employee 038,Team D,Quality Review,2026-07-15,General,124,110,14,7,3,95,101,5.18,8.0,93.41,Present,Partial,13.75,91.67,6.36,93.64,2.73,91.82,Yes,100,0,88.71,12148,13696,Backlog Exists,High,Average,At Risk
REC000599,EMP039,Employee 039,Team D,Quality Review,2026-07-15,Morning,106,94,12,2,3,95,89,4.09,8.0,97.63,Present,Partial,11.75,78.33,2.13,97.87,3.19,94.68,Yes,100,0,88.68,12148,13696,Backlog Exists,Average,Good,At Risk
REC000600,EMP040,Employee 040,Team D,Quality Review,2026-07-15,Night,4,4,0,0,0,95,3,4.87,0.0,94.38,Leave,Completed,0.0,0.0,0.0,100.0,0.0,75.0,Yes,0,100,100.0,12148,13696,Backlog Exists,Low,Average,Breached
REC000601,EMP001,Employee 001,Team A,Document Verification,2026-07-16,General,108,75,33,5,2,95,70,5.54,8.0,93.97,Present,Partial,9.38,62.5,6.67,93.33,2.67,93.33,Yes,100,0,69.44,13696,15559,Backlog Exists,Low,Average,At Risk
REC000602,EMP002,Employee 002,Team A,Document Verification,2026-07-16,General,96,66,30,3,1,95,59,4.91,8.0,95.01,Present,Partial,8.25,55.0,4.55,95.45,1.52,89.39,Yes,100,0,68.75,13696,15559,Backlog Exists,Low,Good,Breached
REC000603,EMP003,Employee 003,Team A,Document Verification,2026-07-16,General,92,64,28,2,2,95,61,6.74,8.0,96.97,Present,Partial,8.0,53.33,3.12,96.88,3.12,95.31,No,100,0,69.57,13696,15559,Backlog Exists,Low,Good,Met
REC000604,EMP004,Employee 004,Team A,Document Verification,2026-07-16,Night,93,64,29,3,1,95,60,6.69,8.0,95.01,Present,Partial,8.0,53.33,4.69,95.31,1.56,93.75,Yes,100,0,68.82,13696,15559,Backlog Exists,Low,Good,At Risk
REC000605,EMP005,Employee 005,Team A,Document Verification,2026-07-16,Night,196,136,60,4,2,95,130,5.13,8.0,97.43,Present,Partial,17.0,100.0,2.94,97.06,1.47,95.59,No,100,0,69.39,13696,15559,Backlog Exists,High,Good,Met
REC000606,EMP006,Employee 006,Team A,Document Verification,2026-07-16,Afternoon,145,101,44,5,1,95,87,3.93,8.0,94.63,Present,Partial,12.62,84.17,4.95,95.05,0.99,86.14,Yes,100,0,69.66,13696,15559,Backlog Exists,Average,Average,Breached
REC000607,EMP007,Employee 007,Team A,Document Verification,2026-07-16,General,113,79,34,6,2,95,70,5.01,8.0,92.87,Present,Partial,9.88,65.83,7.59,92.41,2.53,88.61,Yes,100,0,69.91,13696,15559,Backlog Exists,Low,Average,Breached
REC000608,EMP008,Employee 008,Team A,Document Verification,2026-07-16,General,97,67,30,3,2,95,64,3.89,8.0,95.91,Present,Partial,8.38,55.83,4.48,95.52,2.99,95.52,No,100,0,69.07,13696,15559,Backlog Exists,Low,Good,Met
REC000609,EMP009,Employee 009,Team A,Document Verification,2026-07-16,General,93,64,29,7,1,95,53,4.35,8.0,88.39,Present,Partial,8.0,53.33,10.94,89.06,1.56,82.81,Yes,100,0,68.82,13696,15559,Backlog Exists,Low,Needs Improvement,Breached
REC000610,EMP010,Employee 010,Team A,Document Verification,2026-07-16,General,161,115,46,2,1,95,109,4.44,8.0,98.39,Present,Partial,14.38,95.83,1.74,98.26,0.87,94.78,Yes,100,0,71.43,13696,15559,Backlog Exists,High,Excellent,At Risk
REC000611,EMP011,Employee 011,Team B,Data Entry,2026-07-16,General,145,85,60,4,1,95,81,6.01,8.0,95.56,Present,Partial,10.62,70.83,4.71,95.29,1.18,95.29,No,100,0,58.62,13696,15559,Backlog Exists,Low,Good,Met
REC000612,EMP012,Employee 012,Team B,Data Entry,2026-07-16,Afternoon,206,121,85,1,4,95,116,5.5,8.0,99.2,Present,Partial,15.12,100.0,0.83,99.17,3.31,95.87,No,100,0,58.74,13696,15559,Backlog Exists,High,Excellent,Met
REC000613,EMP013,Employee 013,Team B,Data Entry,2026-07-16,Night,137,80,57,5,0,95,75,5.84,8.0,94.21,Present,Partial,10.0,66.67,6.25,93.75,0.0,93.75,Yes,100,0,58.39,13696,15559,Backlog Exists,Low,Average,At Risk
REC000614,EMP014,Employee 014,Team B,Data Entry,2026-07-16,Morning,184,108,76,6,3,95,103,3.43,8.0,94.17,Present,Partial,13.5,90.0,5.56,94.44,2.78,95.37,No,100,0,58.7,13696,15559,Backlog Exists,High,Average,Met
REC000615,EMP015,Employee 015,Team B,Data Entry,2026-07-16,Night,78,46,32,5,1,95,36,6.08,8.0,89.63,Present,Partial,5.75,38.33,10.87,89.13,2.17,78.26,Yes,100,0,58.97,13696,15559,Backlog Exists,Low,Needs Improvement,Breached
REC000616,EMP016,Employee 016,Team B,Data Entry,2026-07-16,Night,0,0,0,0,0,95,0,5.71,0.0,98.36,Leave,Pending,0.0,0.0,0.0,100.0,0.0,0.0,Yes,0,100,0.0,13696,15559,Backlog Exists,Low,Excellent,Breached
REC000617,EMP017,Employee 017,Team B,Data Entry,2026-07-16,Afternoon,178,104,74,10,4,95,85,5.25,8.0,90.85,Present,Partial,13.0,86.67,9.62,90.38,3.85,81.73,Yes,100,0,58.43,13696,15559,Backlog Exists,Average,Average,Breached
REC000618,EMP018,Employee 018,Team B,Data Entry,2026-07-16,Morning,111,65,46,4,2,95,62,4.59,8.0,94.4,Present,Partial,8.12,54.17,6.15,93.85,3.08,95.38,No,100,0,58.56,13696,15559,Backlog Exists,Low,Average,Met
REC000619,EMP019,Employee 019,Team B,Data Entry,2026-07-16,Night,196,115,81,0,2,95,112,6.1,8.0,99.59,Present,Partial,14.38,95.83,0.0,100.0,1.74,97.39,No,100,0,58.67,13696,15559,Backlog Exists,High,Excellent,Met
REC000620,EMP020,Employee 020,Team B,Data Entry,2026-07-16,Afternoon,111,64,47,3,0,95,45,4.77,8.0,94.68,Present,Partial,8.0,53.33,4.69,95.31,0.0,70.31,Yes,100,0,57.66,13696,15559,Backlog Exists,Low,Average,Breached
REC000621,EMP021,Employee 021,Team C,Application Processing,2026-07-16,Afternoon,200,121,79,1,1,95,113,3.6,8.0,99.21,Present,Partial,15.12,100.0,0.83,99.17,0.83,93.39,Yes,100,0,60.5,13696,15559,Backlog Exists,High,Excellent,At Risk
REC000622,EMP022,Employee 022,Team C,Application Processing,2026-07-16,General,139,84,55,2,2,95,74,6.21,8.0,97.18,Present,Partial,10.5,70.0,2.38,97.62,2.38,88.1,Yes,100,0,60.43,13696,15559,Backlog Exists,Low,Good,Breached
REC000623,EMP023,Employee 023,Team C,Application Processing,2026-07-16,Night,163,98,65,0,2,95,95,5.93,8.0,99.94,Present,Partial,12.25,81.67,0.0,100.0,2.04,96.94,No,100,0,60.12,13696,15559,Backlog Exists,Average,Excellent,Met
REC000624,EMP024,Employee 024,Team C,Application Processing,2026-07-16,Night,176,106,70,3,2,95,98,5.8,8.0,96.77,Present,Partial,13.25,88.33,2.83,97.17,1.89,92.45,Yes,100,0,60.23,13696,15559,Backlog Exists,Average,Good,At Risk
REC000625,EMP025,Employee 025,Team C,Application Processing,2026-07-16,Afternoon,147,89,58,5,2,95,81,4.64,8.0,93.97,Present,Partial,11.12,74.17,5.62,94.38,2.25,91.01,Yes,100,0,60.54,13696,15559,Backlog Exists,Low,Average,At Risk
REC000626,EMP026,Employee 026,Team C,Application Processing,2026-07-16,Afternoon,185,111,74,1,1,95,102,3.61,8.0,98.99,Present,Partial,13.88,92.5,0.9,99.1,0.9,91.89,Yes,100,0,60.0,13696,15559,Backlog Exists,High,Excellent,At Risk
REC000627,EMP027,Employee 027,Team C,Application Processing,2026-07-16,Afternoon,184,111,73,2,1,95,94,5.94,8.0,97.75,Present,Partial,13.88,92.5,1.8,98.2,0.9,84.68,Yes,100,0,60.33,13696,15559,Backlog Exists,High,Good,Breached
REC000628,EMP028,Employee 028,Team C,Application Processing,2026-07-16,Morning,114,69,45,5,2,95,53,6.83,8.0,92.9,Present,Partial,8.62,57.5,7.25,92.75,2.9,76.81,Yes,100,0,60.53,13696,15559,Backlog Exists,Low,Average,Breached
REC000629,EMP029,Employee 029,Team C,Application Processing,2026-07-16,Morning,0,0,0,0,0,95,0,4.52,0.0,99.49,Leave,Pending,0.0,0.0,0.0,100.0,0.0,0.0,Yes,0,100,0.0,13696,15559,Backlog Exists,Low,Excellent,Breached
REC000630,EMP030,Employee 030,Team C,Application Processing,2026-07-16,General,71,44,27,3,1,95,37,5.83,8.0,93.38,Present,Partial,5.5,36.67,6.82,93.18,2.27,84.09,Yes,100,0,61.97,13696,15559,Backlog Exists,Low,Average,Breached
REC000631,EMP031,Employee 031,Team D,Quality Review,2026-07-16,General,147,91,56,4,1,95,83,3.29,8.0,95.07,Present,Partial,11.38,75.83,4.4,95.6,1.1,91.21,Yes,100,0,61.9,13696,15559,Backlog Exists,Average,Good,At Risk
REC000632,EMP032,Employee 032,Team D,Quality Review,2026-07-16,Afternoon,0,0,0,0,0,95,0,4.05,0.0,92.03,Leave,Pending,0.0,0.0,0.0,100.0,0.0,0.0,Yes,0,100,0.0,13696,15559,Backlog Exists,Low,Average,Breached
REC000633,EMP033,Employee 033,Team D,Quality Review,2026-07-16,Morning,152,94,58,4,1,95,87,3.93,8.0,95.73,Present,Partial,11.75,78.33,4.26,95.74,1.06,92.55,Yes,100,0,61.84,13696,15559,Backlog Exists,Average,Good,At Risk
REC000634,EMP034,Employee 034,Team D,Quality Review,2026-07-16,Night,149,92,57,7,4,95,82,5.28,8.0,92.05,Present,Partial,11.5,76.67,7.61,92.39,4.35,89.13,Yes,100,0,61.74,13696,15559,Backlog Exists,Average,Average,Breached
REC000635,EMP035,Employee 035,Team D,Quality Review,2026-07-16,Morning,116,72,44,3,2,95,64,4.78,8.0,95.91,Present,Partial,9.0,60.0,4.17,95.83,2.78,88.89,Yes,100,0,62.07,13696,15559,Backlog Exists,Low,Good,Breached
REC000636,EMP036,Employee 036,Team D,Quality Review,2026-07-16,Night,128,79,49,4,0,95,75,5.92,7.5,94.41,Late,Partial,10.53,70.22,5.06,94.94,0.0,94.94,Yes,100,0,61.72,13696,15559,Backlog Exists,Low,Average,At Risk
REC000637,EMP037,Employee 037,Team D,Quality Review,2026-07-16,Afternoon,0,0,0,0,0,95,0,3.26,0.0,97.9,Leave,Pending,0.0,0.0,0.0,100.0,0.0,0.0,Yes,0,100,0.0,13696,15559,Backlog Exists,Low,Good,Breached
REC000638,EMP038,Employee 038,Team D,Quality Review,2026-07-16,General,151,93,58,4,2,95,86,3.22,8.0,95.51,Present,Partial,11.62,77.5,4.3,95.7,2.15,92.47,Yes,100,0,61.59,13696,15559,Backlog Exists,Average,Good,At Risk
REC000639,EMP039,Employee 039,Team D,Quality Review,2026-07-16,Morning,113,70,43,4,1,95,62,6.49,8.0,94.57,Present,Partial,8.75,58.33,5.71,94.29,1.43,88.57,Yes,100,0,61.95,13696,15559,Backlog Exists,Low,Average,Breached
REC000640,EMP040,Employee 040,Team D,Quality Review,2026-07-16,Night,82,51,31,6,1,95,44,5.17,8.0,88.61,Present,Partial,6.38,42.5,11.76,88.24,1.96,86.27,Yes,100,0,62.2,13696,15559,Backlog Exists,Low,Needs Improvement,Breached
REC000641,EMP001,Employee 001,Team A,Document Verification,2026-07-17,General,146,105,41,4,1,95,93,5.39,8.0,96.31,Present,Partial,13.12,87.5,3.81,96.19,0.95,88.57,Yes,100,0,71.92,15559,16327,Backlog Exists,Average,Good,Breached
REC000642,EMP002,Employee 002,Team A,Document Verification,2026-07-17,General,106,76,30,3,0,95,69,3.42,8.0,95.42,Present,Partial,9.5,63.33,3.95,96.05,0.0,90.79,Yes,100,0,71.7,15559,16327,Backlog Exists,Low,Good,At Risk
REC000643,EMP003,Employee 003,Team A,Document Verification,2026-07-17,General,106,77,29,3,1,95,72,6.22,8.0,95.66,Present,Partial,9.62,64.17,3.9,96.1,1.3,93.51,Yes,100,0,72.64,15559,16327,Backlog Exists,Low,Good,At Risk
REC000644,EMP004,Employee 004,Team A,Document Verification,2026-07-17,Night,133,96,37,5,3,95,89,5.47,8.0,94.5,Present,Partial,12.0,80.0,5.21,94.79,3.12,92.71,Yes,100,0,72.18,15559,16327,Backlog Exists,Average,Average,At Risk
REC000645,EMP005,Employee 005,Team A,Document Verification,2026-07-17,Night,86,62,24,1,1,95,60,4.49,4.0,99.04,Half Day,Partial,15.5,100.0,1.61,98.39,1.61,96.77,No,50,0,72.09,15559,16327,Backlog Exists,High,Excellent,Met
REC000646,EMP006,Employee 006,Team A,Document Verification,2026-07-17,Afternoon,122,88,34,6,1,95,77,3.55,8.0,93.11,Present,Partial,11.0,73.33,6.82,93.18,1.14,87.5,Yes,100,0,72.13,15559,16327,Backlog Exists,Low,Average,Breached
REC000647,EMP007,Employee 007,Team A,Document Verification,2026-07-17,General,94,68,26,5,2,95,61,6.17,8.0,93.17,Present,Partial,8.5,56.67,7.35,92.65,2.94,89.71,Yes,100,0,72.34,15559,16327,Backlog Exists,Low,Average,Breached
REC000648,EMP008,Employee 008,Team A,Document Verification,2026-07-17,General,87,63,24,2,1,95,57,6.75,8.0,97.28,Present,Partial,7.88,52.5,3.17,96.83,1.59,90.48,Yes,100,0,72.41,15559,16327,Backlog Exists,Low,Good,At Risk
REC000649,EMP009,Employee 009,Team A,Document Verification,2026-07-17,General,75,54,21,5,1,95,42,4.77,8.0,91.61,Present,Partial,6.75,45.0,9.26,90.74,1.85,77.78,Yes,100,0,72.0,15559,16327,Backlog Exists,Low,Average,Breached
REC000650,EMP010,Employee 010,Team A,Document Verification,2026-07-17,General,164,121,43,1,2,95,116,4.79,8.0,98.84,Present,Partial,15.12,100.0,0.83,99.17,1.65,95.87,No,100,0,73.78,15559,16327,Backlog Exists,High,Excellent,Met
REC000651,EMP011,Employee 011,Team B,Data Entry,2026-07-17,General,87,76,11,2,1,95,67,3.7,8.0,97.06,Present,Partial,9.5,63.33,2.63,97.37,1.32,88.16,Yes,100,0,87.36,15559,16327,Backlog Exists,Low,Good,Breached
REC000652,EMP012,Employee 012,Team B,Data Entry,2026-07-17,Afternoon,164,143,21,1,4,95,136,3.25,8.0,99.12,Present,Partial,17.88,100.0,0.7,99.3,2.8,95.1,No,100,0,87.2,15559,16327,Backlog Exists,High,Excellent,Met
REC000653,EMP013,Employee 013,Team B,Data Entry,2026-07-17,Night,127,111,16,4,1,95,100,4.95,8.0,96.61,Present,Partial,13.88,92.5,3.6,96.4,0.9,90.09,Yes,100,0,87.4,15559,16327,Backlog Exists,High,Good,At Risk
REC000654,EMP014,Employee 014,Team B,Data Entry,2026-07-17,Morning,90,78,12,5,1,95,71,4.12,8.0,93.12,Present,Partial,9.75,65.0,6.41,93.59,1.28,91.03,Yes,100,0,86.67,15559,16327,Backlog Exists,Low,Average,At Risk
REC000655,EMP015,Employee 015,Team B,Data Entry,2026-07-17,Night,74,65,9,7,2,95,57,5.3,8.0,88.95,Present,Partial,8.12,54.17,10.77,89.23,3.08,87.69,Yes,100,0,87.84,15559,16327,Backlog Exists,Low,Needs Improvement,Breached
REC000656,EMP016,Employee 016,Team B,Data Entry,2026-07-17,Night,162,141,21,3,3,95,139,5.48,8.0,98.16,Present,Partial,17.62,100.0,2.13,97.87,2.13,98.58,No,100,0,87.04,15559,16327,Backlog Exists,High,Excellent,Met
REC000657,EMP017,Employee 017,Team B,Data Entry,2026-07-17,Afternoon,100,87,13,9,5,95,72,6.45,8.0,89.48,Present,Partial,10.88,72.5,10.34,89.66,5.75,82.76,Yes,100,0,87.0,15559,16327,Backlog Exists,Low,Needs Improvement,Breached
REC000658,EMP018,Employee 018,Team B,Data Entry,2026-07-17,Morning,126,109,17,6,3,95,96,3.2,8.0,94.58,Present,Partial,13.62,90.83,5.5,94.5,2.75,88.07,Yes,100,0,86.51,15559,16327,Backlog Exists,High,Average,Breached
REC000659,EMP019,Employee 019,Team B,Data Entry,2026-07-17,Night,150,131,19,1,1,95,126,5.36,8.0,98.87,Present,Partial,16.38,100.0,0.76,99.24,0.76,96.18,No,100,0,87.33,15559,16327,Backlog Exists,High,Excellent,Met
REC000660,EMP020,Employee 020,Team B,Data Entry,2026-07-17,Afternoon,96,84,12,9,1,95,66,7.38,8.0,89.26,Present,Partial,10.5,70.0,10.71,89.29,1.19,78.57,Yes,100,0,87.5,15559,16327,Backlog Exists,Low,Needs Improvement,Breached
REC000661,EMP021,Employee 021,Team C,Application Processing,2026-07-17,Afternoon,115,98,17,0,3,95,92,3.73,8.0,99.98,Present,Partial,12.25,81.67,0.0,100.0,3.06,93.88,Yes,100,0,85.22,15559,16327,Backlog Exists,Average,Excellent,At Risk
REC000662,EMP022,Employee 022,Team C,Application Processing,2026-07-17,General,118,101,17,3,3,95,91,3.81,8.0,97.24,Present,Partial,12.62,84.17,2.97,97.03,2.97,90.1,Yes,100,0,85.59,15559,16327,Backlog Exists,Average,Good,At Risk
REC000663,EMP023,Employee 023,Team C,Application Processing,2026-07-17,Night,153,130,23,3,1,95,124,4.43,8.0,97.8,Present,Partial,16.25,100.0,2.31,97.69,0.77,95.38,No,100,0,84.97,15559,16327,Backlog Exists,High,Good,Met
REC000664,EMP024,Employee 024,Team C,Application Processing,2026-07-17,Night,88,75,13,5,1,95,67,3.26,8.0,93.86,Present,Partial,9.38,62.5,6.67,93.33,1.33,89.33,Yes,100,0,85.23,15559,16327,Backlog Exists,Low,Average,Breached
REC000665,EMP025,Employee 025,Team C,Application Processing,2026-07-17,Afternoon,112,96,16,5,1,95,86,6.01,8.0,94.59,Present,Partial,12.0,80.0,5.21,94.79,1.04,89.58,Yes,100,0,85.71,15559,16327,Backlog Exists,Average,Average,Breached
REC000666,EMP026,Employee 026,Team C,Application Processing,2026-07-17,Afternoon,161,137,24,0,4,95,127,5.58,8.0,99.72,Present,Partial,17.12,100.0,0.0,100.0,2.92,92.7,Yes,100,0,85.09,15559,16327,Backlog Exists,High,Excellent,At Risk
REC000667,EMP027,Employee 027,Team C,Application Processing,2026-07-17,Afternoon,78,67,11,3,2,95,59,5.98,8.0,94.97,Present,Partial,8.38,55.83,4.48,95.52,2.99,88.06,Yes,100,0,85.9,15559,16327,Backlog Exists,Low,Average,Breached
REC000668,EMP028,Employee 028,Team C,Application Processing,2026-07-17,Morning,77,65,12,4,0,95,54,4.99,8.0,93.61,Present,Partial,8.12,54.17,6.15,93.85,0.0,83.08,Yes,100,0,84.42,15559,16327,Backlog Exists,Low,Average,Breached
REC000669,EMP029,Employee 029,Team C,Application Processing,2026-07-17,Morning,148,126,22,3,2,95,125,4.44,8.0,97.81,Present,Partial,15.75,100.0,2.38,97.62,1.59,99.21,No,100,0,85.14,15559,16327,Backlog Exists,High,Good,Met
REC000670,EMP030,Employee 030,Team C,Application Processing,2026-07-17,General,90,78,12,7,1,95,66,4.49,8.0,90.82,Present,Partial,9.75,65.0,8.97,91.03,1.28,84.62,Yes,100,0,86.67,15559,16327,Backlog Exists,Low,Average,Breached
REC000671,EMP031,Employee 031,Team D,Quality Review,2026-07-17,General,121,101,20,5,3,95,89,4.71,8.0,95.44,Present,Partial,12.62,84.17,4.95,95.05,2.97,88.12,Yes,100,0,83.47,15559,16327,Backlog Exists,Average,Good,Breached
REC000672,EMP032,Employee 032,Team D,Quality Review,2026-07-17,Afternoon,32,26,6,2,0,95,21,7.52,4.0,92.4,Half Day,Partial,6.5,43.33,7.69,92.31,0.0,80.77,Yes,50,0,81.25,15559,16327,Backlog Exists,Low,Average,Breached
REC000673,EMP033,Employee 033,Team D,Quality Review,2026-07-17,Morning,99,82,17,5,1,95,75,3.97,8.0,94.18,Present,Partial,10.25,68.33,6.1,93.9,1.22,91.46,Yes,100,0,82.83,15559,16327,Backlog Exists,Low,Average,At Risk
REC000674,EMP034,Employee 034,Team D,Quality Review,2026-07-17,Night,113,94,19,12,5,95,83,3.96,8.0,87.15,Present,Partial,11.75,78.33,12.77,87.23,5.32,88.3,Yes,100,0,83.19,15559,16327,Backlog Exists,Average,Needs Improvement,Breached
REC000675,EMP035,Employee 035,Team D,Quality Review,2026-07-17,Morning,60,50,10,2,1,95,47,5.96,4.0,96.14,Half Day,Partial,12.5,83.33,4.0,96.0,2.0,94.0,Yes,50,0,83.33,15559,16327,Backlog Exists,Average,Good,At Risk
REC000676,EMP036,Employee 036,Team D,Quality Review,2026-07-17,Night,66,55,11,2,1,95,49,5.37,8.0,95.71,Present,Partial,6.88,45.83,3.64,96.36,1.82,89.09,Yes,100,0,83.33,15559,16327,Backlog Exists,Low,Good,Breached
REC000677,EMP037,Employee 037,Team D,Quality Review,2026-07-17,Afternoon,108,90,18,1,1,95,84,6.41,8.0,98.47,Present,Partial,11.25,75.0,1.11,98.89,1.11,93.33,Yes,100,0,83.33,15559,16327,Backlog Exists,Average,Excellent,At Risk
REC000678,EMP038,Employee 038,Team D,Quality Review,2026-07-17,General,92,77,15,4,1,95,72,3.47,8.0,94.45,Present,Partial,9.62,64.17,5.19,94.81,1.3,93.51,Yes,100,0,83.7,15559,16327,Backlog Exists,Low,Average,At Risk
REC000679,EMP039,Employee 039,Team D,Quality Review,2026-07-17,Morning,105,87,18,2,3,95,81,5.7,8.0,97.77,Present,Partial,10.88,72.5,2.3,97.7,3.45,93.1,Yes,100,0,82.86,15559,16327,Backlog Exists,Low,Good,At Risk
REC000680,EMP040,Employee 040,Team D,Quality Review,2026-07-17,Night,51,44,7,5,0,95,38,4.09,7.5,88.12,Late,Partial,5.87,39.11,11.36,88.64,0.0,86.36,Yes,100,0,86.27,15559,16327,Backlog Exists,Low,Needs Improvement,Breached
REC000681,EMP001,Employee 001,Team A,Document Verification,2026-07-18,General,105,112,0,7,1,95,99,6.29,8.0,94.1,Present,Completed,14.0,93.33,6.25,93.75,0.89,88.39,Yes,100,0,106.67,16327,16295,Backlog Exists,High,Average,Breached
REC000682,EMP002,Employee 002,Team A,Document Verification,2026-07-18,General,99,105,0,6,2,95,97,6.36,8.0,94.56,Present,Completed,13.12,87.5,5.71,94.29,1.9,92.38,Yes,100,0,106.06,16327,16295,Backlog Exists,Average,Average,At Risk
REC000683,EMP003,Employee 003,Team A,Document Verification,2026-07-18,General,97,103,0,4,2,95,92,5.05,8.0,96.25,Present,Completed,12.88,85.83,3.88,96.12,1.94,89.32,Yes,100,0,106.19,16327,16295,Backlog Exists,Average,Good,Breached
REC000684,EMP004,Employee 004,Team A,Document Verification,2026-07-18,Night,83,88,0,3,3,95,79,3.04,8.0,96.58,Present,Completed,11.0,73.33,3.41,96.59,3.41,89.77,Yes,100,0,106.02,16327,16295,Backlog Exists,Low,Good,Breached
REC000685,EMP005,Employee 005,Team A,Document Verification,2026-07-18,Night,103,110,0,3,2,95,109,2.65,8.0,97.23,Present,Completed,13.75,91.67,2.73,97.27,1.82,99.09,No,100,0,106.8,16327,16295,Backlog Exists,High,Good,Met
REC000686,EMP006,Employee 006,Team A,Document Verification,2026-07-18,Afternoon,82,87,0,5,1,95,77,4.41,8.0,94.65,Present,Completed,10.88,72.5,5.75,94.25,1.15,88.51,Yes,100,0,106.1,16327,16295,Backlog Exists,Low,Average,Breached
REC000687,EMP007,Employee 007,Team A,Document Verification,2026-07-18,General,0,0,0,0,0,95,0,7.98,0.0,92.94,Leave,Pending,0.0,0.0,0.0,100.0,0.0,0.0,Yes,0,100,0.0,16327,16295,Backlog Exists,Low,Average,Breached
REC000688,EMP008,Employee 008,Team A,Document Verification,2026-07-18,General,97,103,0,3,1,95,91,3.08,8.0,96.83,Present,Completed,12.88,85.83,2.91,97.09,0.97,88.35,Yes,100,0,106.19,16327,16295,Backlog Exists,Average,Good,Breached
REC000689,EMP009,Employee 009,Team A,Document Verification,2026-07-18,General,72,76,0,8,1,95,69,5.62,8.0,89.32,Present,Completed,9.5,63.33,10.53,89.47,1.32,90.79,Yes,100,0,105.56,16327,16295,Backlog Exists,Low,Needs Improvement,At Risk
REC000690,EMP010,Employee 010,Team A,Document Verification,2026-07-18,General,62,63,0,1,0,95,61,4.76,4.0,98.69,Half Day,Completed,15.75,100.0,1.59,98.41,0.0,96.83,No,50,0,101.61,16327,16295,Backlog Exists,High,Excellent,Met
REC000691,EMP011,Employee 011,Team B,Data Entry,2026-07-18,General,130,90,40,2,2,95,84,4.57,8.0,97.35,Present,Partial,11.25,75.0,2.22,97.78,2.22,93.33,Yes,100,0,69.23,16327,16295,Backlog Exists,Average,Good,At Risk
REC000692,EMP012,Employee 012,Team B,Data Entry,2026-07-18,Afternoon,0,0,0,0,0,95,0,6.28,0.0,97.78,Absent,Pending,0.0,0.0,0.0,100.0,0.0,0.0,Yes,0,100,0.0,16327,16295,Backlog Exists,Low,Good,Breached
REC000693,EMP013,Employee 013,Team B,Data Entry,2026-07-18,Night,146,100,46,4,2,95,96,6.15,8.0,95.85,Present,Partial,12.5,83.33,4.0,96.0,2.0,96.0,No,100,0,68.49,16327,16295,Backlog Exists,Average,Good,Met
REC000694,EMP014,Employee 014,Team B,Data Entry,2026-07-18,Morning,0,0,0,0,0,95,0,5.99,0.0,93.12,Leave,Pending,0.0,0.0,0.0,100.0,0.0,0.0,Yes,0,100,0.0,16327,16295,Backlog Exists,Low,Average,Breached
REC000695,EMP015,Employee 015,Team B,Data Entry,2026-07-18,Night,70,48,22,5,1,95,43,5.33,8.0,89.49,Present,Partial,6.0,40.0,10.42,89.58,2.08,89.58,Yes,100,0,68.57,16327,16295,Backlog Exists,Low,Needs Improvement,Breached
REC000696,EMP016,Employee 016,Team B,Data Entry,2026-07-18,Night,202,139,63,4,1,95,132,2.69,8.0,97.29,Present,Partial,17.38,100.0,2.88,97.12,0.72,94.96,Yes,100,0,68.81,16327,16295,Backlog Exists,High,Good,At Risk
REC000697,EMP017,Employee 017,Team B,Data Entry,2026-07-18,Afternoon,136,93,43,11,3,95,77,6.41,8.0,88.48,Present,Partial,11.62,77.5,11.83,88.17,3.23,82.8,Yes,100,0,68.38,16327,16295,Backlog Exists,Average,Needs Improvement,Breached
REC000698,EMP018,Employee 018,Team B,Data Entry,2026-07-18,Morning,125,86,39,3,0,95,82,3.12,8.0,97.09,Present,Partial,10.75,71.67,3.49,96.51,0.0,95.35,No,100,0,68.8,16327,16295,Backlog Exists,Low,Good,Met
REC000699,EMP019,Employee 019,Team B,Data Entry,2026-07-18,Night,151,104,47,2,1,95,100,4.54,8.0,97.72,Present,Partial,13.0,86.67,1.92,98.08,0.96,96.15,No,100,0,68.87,16327,16295,Backlog Exists,Average,Good,Met
REC000700,EMP020,Employee 020,Team B,Data Entry,2026-07-18,Afternoon,68,48,20,5,1,95,35,4.59,8.0,90.37,Present,Partial,6.0,40.0,10.42,89.58,2.08,72.92,Yes,100,0,70.59,16327,16295,Backlog Exists,Low,Average,Breached
REC000701,EMP021,Employee 021,Team C,Application Processing,2026-07-18,Afternoon,101,118,0,3,1,95,110,6.03,8.0,97.8,Present,Completed,14.75,98.33,2.54,97.46,0.85,93.22,Yes,100,0,116.83,16327,16295,Backlog Exists,High,Good,At Risk
REC000702,EMP022,Employee 022,Team C,Application Processing,2026-07-18,General,57,66,0,2,0,95,63,5.84,8.0,96.74,Present,Completed,8.25,55.0,3.03,96.97,0.0,95.45,No,100,0,115.79,16327,16295,Backlog Exists,Low,Good,Met
REC000703,EMP023,Employee 023,Team C,Application Processing,2026-07-18,Night,103,121,0,4,3,95,118,5.71,8.0,97.02,Present,Completed,15.12,100.0,3.31,96.69,2.48,97.52,No,100,0,117.48,16327,16295,Backlog Exists,High,Good,Met
REC000704,EMP024,Employee 024,Team C,Application Processing,2026-07-18,Night,70,81,0,3,2,95,74,3.01,8.0,96.21,Present,Completed,10.12,67.5,3.7,96.3,2.47,91.36,Yes,100,0,115.71,16327,16295,Backlog Exists,Low,Good,At Risk
REC000705,EMP025,Employee 025,Team C,Application Processing,2026-07-18,Afternoon,69,81,0,2,1,95,73,4.97,8.0,97.25,Present,Completed,10.12,67.5,2.47,97.53,1.23,90.12,Yes,100,0,117.39,16327,16295,Backlog Exists,Low,Good,At Risk
REC000706,EMP026,Employee 026,Team C,Application Processing,2026-07-18,Afternoon,91,106,0,0,1,95,98,5.89,8.0,99.96,Present,Completed,13.25,88.33,0.0,100.0,0.94,92.45,Yes,100,0,116.48,16327,16295,Backlog Exists,Average,Excellent,At Risk
REC000707,EMP027,Employee 027,Team C,Application Processing,2026-07-18,Afternoon,82,96,0,5,3,95,88,3.28,8.0,94.55,Present,Completed,12.0,80.0,5.21,94.79,3.12,91.67,Yes,100,0,117.07,16327,16295,Backlog Exists,Average,Average,At Risk
REC000708,EMP028,Employee 028,Team C,Application Processing,2026-07-18,Morning,55,64,0,6,1,95,50,7.1,8.0,91.38,Present,Completed,8.0,53.33,9.38,90.62,1.56,78.12,Yes,100,0,116.36,16327,16295,Backlog Exists,Low,Average,Breached
REC000709,EMP029,Employee 029,Team C,Application Processing,2026-07-18,Morning,113,132,0,1,2,95,130,5.69,8.0,99.15,Present,Completed,16.5,100.0,0.76,99.24,1.52,98.48,No,100,0,116.81,16327,16295,Backlog Exists,High,Excellent,Met
REC000710,EMP030,Employee 030,Team C,Application Processing,2026-07-18,General,67,79,0,7,1,95,70,7.4,8.0,91.56,Present,Completed,9.88,65.83,8.86,91.14,1.27,88.61,Yes,100,0,117.91,16327,16295,Backlog Exists,Low,Average,Breached
REC000711,EMP031,Employee 031,Team D,Quality Review,2026-07-18,General,77,96,0,4,2,95,88,4.59,8.0,95.84,Present,Completed,12.0,80.0,4.17,95.83,2.08,91.67,Yes,100,0,124.68,16327,16295,Backlog Exists,Average,Good,At Risk
REC000712,EMP032,Employee 032,Team D,Quality Review,2026-07-18,Afternoon,39,49,0,4,1,95,35,6.3,8.0,91.02,Present,Completed,6.12,40.83,8.16,91.84,2.04,71.43,Yes,100,0,125.64,16327,16295,Backlog Exists,Low,Average,Breached
REC000713,EMP033,Employee 033,Team D,Quality Review,2026-07-18,Morning,55,69,0,4,1,95,65,4.78,8.0,93.87,Present,Completed,8.62,57.5,5.8,94.2,1.45,94.2,Yes,100,0,125.45,16327,16295,Backlog Exists,Low,Average,At Risk
REC000714,EMP034,Employee 034,Team D,Quality Review,2026-07-18,Night,67,85,0,10,4,95,73,3.21,8.0,87.79,Present,Completed,10.62,70.83,11.76,88.24,4.71,85.88,Yes,100,0,126.87,16327,16295,Backlog Exists,Low,Needs Improvement,Breached
REC000715,EMP035,Employee 035,Team D,Quality Review,2026-07-18,Morning,77,97,0,5,2,95,87,4.82,8.0,95.23,Present,Completed,12.12,80.83,5.15,94.85,2.06,89.69,Yes,100,0,125.97,16327,16295,Backlog Exists,Average,Good,Breached
REC000716,EMP036,Employee 036,Team D,Quality Review,2026-07-18,Night,53,67,0,4,1,95,62,4.21,8.0,93.82,Present,Completed,8.38,55.83,5.97,94.03,1.49,92.54,Yes,100,0,126.42,16327,16295,Backlog Exists,Low,Average,At Risk
REC000717,EMP037,Employee 037,Team D,Quality Review,2026-07-18,Afternoon,91,115,0,0,3,95,109,4.49,8.0,99.7,Present,Completed,14.38,95.83,0.0,100.0,2.61,94.78,Yes,100,0,126.37,16327,16295,Backlog Exists,High,Excellent,At Risk
REC000718,EMP038,Employee 038,Team D,Quality Review,2026-07-18,General,82,103,0,6,3,95,92,6.29,8.0,94.33,Present,Completed,12.88,85.83,5.83,94.17,2.91,89.32,Yes,100,0,125.61,16327,16295,Backlog Exists,Average,Average,Breached
REC000719,EMP039,Employee 039,Team D,Quality Review,2026-07-18,Morning,91,114,0,7,4,95,105,4.19,8.0,93.43,Present,Completed,14.25,95.0,6.14,93.86,3.51,92.11,Yes,100,0,125.27,16327,16295,Backlog Exists,High,Average,At Risk
REC000720,EMP040,Employee 040,Team D,Quality Review,2026-07-18,Night,35,41,0,4,0,95,37,4.48,8.0,89.86,Present,Completed,5.12,34.17,9.76,90.24,0.0,90.24,Yes,100,0,117.14,16327,16295,Backlog Exists,Low,Needs Improvement,At Risk
REC000721,EMP001,Employee 001,Team A,Document Verification,2026-07-19,General,83,88,0,4,2,95,83,5.41,8.0,95.18,Present,Completed,11.0,73.33,4.55,95.45,2.27,94.32,Yes,100,0,106.02,16295,16256,Backlog Exists,Low,Good,At Risk
REC000722,EMP002,Employee 002,Team A,Document Verification,2026-07-19,General,72,75,0,3,2,95,66,3.89,8.0,96.27,Present,Completed,9.38,62.5,4.0,96.0,2.67,88.0,Yes,100,0,104.17,16295,16256,Backlog Exists,Low,Good,Breached
REC000723,EMP003,Employee 003,Team A,Document Verification,2026-07-19,General,0,0,0,0,0,95,0,3.37,0.0,95.04,Leave,Pending,0.0,0.0,0.0,100.0,0.0,0.0,Yes,0,100,0.0,16295,16256,Backlog Exists,Low,Good,Breached
REC000724,EMP004,Employee 004,Team A,Document Verification,2026-07-19,Night,89,93,0,3,3,95,86,5.16,8.0,96.4,Present,Completed,11.62,77.5,3.23,96.77,3.23,92.47,Yes,100,0,104.49,16295,16256,Backlog Exists,Average,Good,At Risk
REC000725,EMP005,Employee 005,Team A,Document Verification,2026-07-19,Night,108,114,0,3,3,95,112,5.07,8.0,97.77,Present,Completed,14.25,95.0,2.63,97.37,2.63,98.25,No,100,0,105.56,16295,16256,Backlog Exists,High,Good,Met
REC000726,EMP006,Employee 006,Team A,Document Verification,2026-07-19,Afternoon,100,105,0,7,1,95,93,6.43,8.0,93.49,Present,Completed,13.12,87.5,6.67,93.33,0.95,88.57,Yes,100,0,105.0,16295,16256,Backlog Exists,Average,Average,Breached
REC000727,EMP007,Employee 007,Team A,Document Verification,2026-07-19,General,52,54,0,5,1,95,49,5.0,8.0,91.25,Present,Completed,6.75,45.0,9.26,90.74,1.85,90.74,Yes,100,0,103.85,16295,16256,Backlog Exists,Low,Average,At Risk
REC000728,EMP008,Employee 008,Team A,Document Verification,2026-07-19,General,103,109,0,3,2,95,104,6.92,8.0,97.66,Present,Completed,13.62,90.83,2.75,97.25,1.83,95.41,No,100,0,105.83,16295,16256,Backlog Exists,High,Good,Met
REC000729,EMP009,Employee 009,Team A,Document Verification,2026-07-19,General,56,59,0,4,2,95,51,6.61,8.0,92.63,Present,Completed,7.38,49.17,6.78,93.22,3.39,86.44,Yes,100,0,105.36,16295,16256,Backlog Exists,Low,Average,Breached
REC000730,EMP010,Employee 010,Team A,Document Verification,2026-07-19,General,137,143,0,4,2,95,140,3.21,8.0,97.17,Present,Completed,17.88,100.0,2.8,97.2,1.4,97.9,No,100,0,104.38,16295,16256,Backlog Exists,High,Good,Met
REC000731,EMP011,Employee 011,Team B,Data Entry,2026-07-19,General,109,111,0,3,1,95,101,6.79,8.0,97.35,Present,Completed,13.88,92.5,2.7,97.3,0.9,90.99,Yes,100,0,101.83,16295,16256,Backlog Exists,High,Good,At Risk
REC000732,EMP012,Employee 012,Team B,Data Entry,2026-07-19,Afternoon,59,60,0,1,0,95,57,3.21,4.0,98.19,Half Day,Completed,15.0,100.0,1.67,98.33,0.0,95.0,No,50,0,101.69,16295,16256,Backlog Exists,High,Excellent,Met
REC000733,EMP013,Employee 013,Team B,Data Entry,2026-07-19,Night,92,94,0,4,1,95,91,6.87,8.0,95.71,Present,Completed,11.75,78.33,4.26,95.74,1.06,96.81,No,100,0,102.17,16295,16256,Backlog Exists,Average,Good,Met
REC000734,EMP014,Employee 014,Team B,Data Entry,2026-07-19,Morning,73,74,0,4,1,95,70,5.86,8.0,95.2,Present,Completed,9.25,61.67,5.41,94.59,1.35,94.59,Yes,100,0,101.37,16295,16256,Backlog Exists,Low,Good,At Risk
REC000735,EMP015,Employee 015,Team B,Data Entry,2026-07-19,Night,54,55,0,4,2,95,47,5.33,8.0,92.81,Present,Completed,6.88,45.83,7.27,92.73,3.64,85.45,Yes,100,0,101.85,16295,16256,Backlog Exists,Low,Average,Breached
REC000736,EMP016,Employee 016,Team B,Data Entry,2026-07-19,Night,101,104,0,2,3,95,102,2.9,8.0,97.92,Present,Completed,13.0,86.67,1.92,98.08,2.88,98.08,No,100,0,102.97,16295,16256,Backlog Exists,Average,Good,Met
REC000737,EMP017,Employee 017,Team B,Data Entry,2026-07-19,Afternoon,97,99,0,10,5,95,89,6.24,8.0,89.73,Present,Completed,12.38,82.5,10.1,89.9,5.05,89.9,Yes,100,0,102.06,16295,16256,Backlog Exists,Average,Needs Improvement,Breached
REC000738,EMP018,Employee 018,Team B,Data Entry,2026-07-19,Morning,95,97,0,4,2,95,93,4.2,8.0,96.36,Present,Completed,12.12,80.83,4.12,95.88,2.06,95.88,No,100,0,102.11,16295,16256,Backlog Exists,Average,Good,Met
REC000739,EMP019,Employee 019,Team B,Data Entry,2026-07-19,Night,117,119,0,4,2,95,113,6.53,8.0,97.06,Present,Completed,14.88,99.17,3.36,96.64,1.68,94.96,Yes,100,0,101.71,16295,16256,Backlog Exists,High,Good,At Risk
REC000740,EMP020,Employee 020,Team B,Data Entry,2026-07-19,Afternoon,72,75,0,5,2,95,56,4.18,8.0,93.52,Present,Completed,9.38,62.5,6.67,93.33,2.67,74.67,Yes,100,0,104.17,16295,16256,Backlog Exists,Low,Average,Breached
REC000741,EMP021,Employee 021,Team C,Application Processing,2026-07-19,Afternoon,0,0,0,0,0,95,0,4.7,0.0,97.67,Leave,Pending,0.0,0.0,0.0,100.0,0.0,0.0,Yes,0,100,0.0,16295,16256,Backlog Exists,Low,Good,Breached
REC000742,EMP022,Employee 022,Team C,Application Processing,2026-07-19,General,86,75,11,5,2,95,68,5.3,8.0,93.36,Present,Partial,9.38,62.5,6.67,93.33,2.67,90.67,Yes,100,0,87.21,16295,16256,Backlog Exists,Low,Average,At Risk
REC000743,EMP023,Employee 023,Team C,Application Processing,2026-07-19,Night,122,107,15,2,2,95,102,4.31,8.0,98.54,Present,Partial,13.38,89.17,1.87,98.13,1.87,95.33,No,100,0,87.7,16295,16256,Backlog Exists,Average,Excellent,Met
REC000744,EMP024,Employee 024,Team C,Application Processing,2026-07-19,Night,91,79,12,3,2,95,73,3.35,8.0,96.67,Present,Partial,9.88,65.83,3.8,96.2,2.53,92.41,Yes,100,0,86.81,16295,16256,Backlog Exists,Low,Good,At Risk
REC000745,EMP025,Employee 025,Team C,Application Processing,2026-07-19,Afternoon,125,110,15,6,1,95,94,3.92,8.0,94.18,Present,Partial,13.75,91.67,5.45,94.55,0.91,85.45,Yes,100,0,88.0,16295,16256,Backlog Exists,High,Average,Breached
REC000746,EMP026,Employee 026,Team C,Application Processing,2026-07-19,Afternoon,0,0,0,0,0,95,0,3.32,0.0,97.65,Leave,Pending,0.0,0.0,0.0,100.0,0.0,0.0,Yes,0,100,0.0,16295,16256,Backlog Exists,Low,Good,Breached
REC000747,EMP027,Employee 027,Team C,Application Processing,2026-07-19,Afternoon,129,113,16,5,1,95,100,3.73,8.0,95.55,Present,Partial,14.12,94.17,4.42,95.58,0.88,88.5,Yes,100,0,87.6,16295,16256,Backlog Exists,High,Good,Breached
REC000748,EMP028,Employee 028,Team C,Application Processing,2026-07-19,Morning,0,0,0,0,0,95,0,4.54,0.0,88.05,Absent,Pending,0.0,0.0,0.0,100.0,0.0,0.0,Yes,0,100,0.0,16295,16256,Backlog Exists,Low,Needs Improvement,Breached
REC000749,EMP029,Employee 029,Team C,Application Processing,2026-07-19,Morning,131,115,16,0,2,95,110,5.9,8.0,99.66,Present,Partial,14.38,95.83,0.0,100.0,1.74,95.65,No,100,0,87.79,16295,16256,Backlog Exists,High,Excellent,Met
REC000750,EMP030,Employee 030,Team C,Application Processing,2026-07-19,General,94,84,10,7,2,95,66,4.39,8.0,91.14,Present,Partial,10.5,70.0,8.33,91.67,2.38,78.57,Yes,100,0,89.36,16295,16256,Backlog Exists,Low,Average,Breached
REC000751,EMP031,Employee 031,Team D,Quality Review,2026-07-19,General,91,102,0,7,3,95,90,4.65,8.0,93.04,Present,Completed,12.75,85.0,6.86,93.14,2.94,88.24,Yes,100,0,112.09,16295,16256,Backlog Exists,Average,Average,Breached
REC000752,EMP032,Employee 032,Team D,Quality Review,2026-07-19,Afternoon,38,43,0,3,0,95,31,7.01,7.5,92.75,Late,Completed,5.73,38.22,6.98,93.02,0.0,72.09,Yes,100,0,113.16,16295,16256,Backlog Exists,Low,Average,Breached
REC000753,EMP033,Employee 033,Team D,Quality Review,2026-07-19,Morning,75,84,0,4,0,95,79,5.09,8.0,94.72,Present,Completed,10.5,70.0,4.76,95.24,0.0,94.05,Yes,100,0,112.0,16295,16256,Backlog Exists,Low,Average,At Risk
REC000754,EMP034,Employee 034,Team D,Quality Review,2026-07-19,Night,48,54,0,7,2,95,46,4.68,8.0,87.72,Present,Completed,6.75,45.0,12.96,87.04,3.7,85.19,Yes,100,0,112.5,16295,16256,Backlog Exists,Low,Needs Improvement,Breached
REC000755,EMP035,Employee 035,Team D,Quality Review,2026-07-19,Morning,68,77,0,3,2,95,74,3.55,8.0,95.57,Present,Completed,9.62,64.17,3.9,96.1,2.6,96.1,No,100,0,113.24,16295,16256,Backlog Exists,Low,Good,Met
REC000756,EMP036,Employee 036,Team D,Quality Review,2026-07-19,Night,61,68,0,5,0,95,60,5.63,8.0,93.27,Present,Completed,8.5,56.67,7.35,92.65,0.0,88.24,Yes,100,0,111.48,16295,16256,Backlog Exists,Low,Average,Breached
REC000757,EMP037,Employee 037,Team D,Quality Review,2026-07-19,Afternoon,116,130,0,1,4,95,121,4.71,8.0,99.18,Present,Completed,16.25,100.0,0.77,99.23,3.08,93.08,Yes,100,0,112.07,16295,16256,Backlog Exists,High,Excellent,At Risk
REC000758,EMP038,Employee 038,Team D,Quality Review,2026-07-19,General,0,0,0,0,0,95,0,6.01,0.0,96.06,Leave,Pending,0.0,0.0,0.0,100.0,0.0,0.0,Yes,0,100,0.0,16295,16256,Backlog Exists,Low,Good,Breached
REC000759,EMP039,Employee 039,Team D,Quality Review,2026-07-19,Morning,60,67,0,3,0,95,62,4.2,8.0,95.5,Present,Completed,8.38,55.83,4.48,95.52,0.0,92.54,Yes,100,0,111.67,16295,16256,Backlog Exists,Low,Good,At Risk
REC000760,EMP040,Employee 040,Team D,Quality Review,2026-07-19,Night,63,70,0,8,2,95,62,5.27,8.0,88.24,Present,Completed,8.75,58.33,11.43,88.57,2.86,88.57,Yes,100,0,111.11,16295,16256,Backlog Exists,Low,Needs Improvement,Breached
REC000761,EMP001,Employee 001,Team A,Document Verification,2026-07-20,General,139,93,46,4,1,95,88,5.99,8.0,95.63,Present,Partial,11.62,77.5,4.3,95.7,1.08,94.62,Yes,100,0,66.91,16256,17982,Backlog Exists,Average,Good,At Risk
REC000762,EMP002,Employee 002,Team A,Document Verification,2026-07-20,General,152,102,50,6,3,95,92,6.93,8.0,93.73,Present,Partial,12.75,85.0,5.88,94.12,2.94,90.2,Yes,100,0,67.11,16256,17982,Backlog Exists,Average,Average,At Risk
REC000763,EMP003,Employee 003,Team A,Document Verification,2026-07-20,General,133,89,44,5,1,95,81,4.76,8.0,94.91,Present,Partial,11.12,74.17,5.62,94.38,1.12,91.01,Yes,100,0,66.92,16256,17982,Backlog Exists,Low,Average,At Risk
REC000764,EMP004,Employee 004,Team A,Document Verification,2026-07-20,Night,123,83,40,6,2,95,77,5.96,8.0,93.35,Present,Partial,10.38,69.17,7.23,92.77,2.41,92.77,Yes,100,0,67.48,16256,17982,Backlog Exists,Low,Average,At Risk
REC000765,EMP005,Employee 005,Team A,Document Verification,2026-07-20,Night,145,97,48,3,2,95,92,5.58,8.0,97.09,Present,Partial,12.12,80.83,3.09,96.91,2.06,94.85,Yes,100,0,66.9,16256,17982,Backlog Exists,Average,Good,At Risk
REC000766,EMP006,Employee 006,Team A,Document Verification,2026-07-20,Afternoon,150,101,49,2,3,95,90,3.52,8.0,97.56,Present,Partial,12.62,84.17,1.98,98.02,2.97,89.11,Yes,100,0,67.33,16256,17982,Backlog Exists,Average,Good,Breached
REC000767,EMP007,Employee 007,Team A,Document Verification,2026-07-20,General,63,42,21,4,1,95,37,4.1,7.5,90.04,Late,Partial,5.6,37.33,9.52,90.48,2.38,88.1,Yes,100,0,66.67,16256,17982,Backlog Exists,Low,Average,Breached
REC000768,EMP008,Employee 008,Team A,Document Verification,2026-07-20,General,135,91,44,3,2,95,80,3.87,8.0,96.6,Present,Partial,11.38,75.83,3.3,96.7,2.2,87.91,Yes,100,0,67.41,16256,17982,Backlog Exists,Average,Good,Breached
REC000769,EMP009,Employee 009,Team A,Document Verification,2026-07-20,General,57,38,19,4,1,95,31,6.38,8.0,89.75,Present,Partial,4.75,31.67,10.53,89.47,2.63,81.58,Yes,100,0,66.67,16256,17982,Backlog Exists,Low,Needs Improvement,Breached
REC000770,EMP010,Employee 010,Team A,Document Verification,2026-07-20,General,204,138,66,2,5,95,134,3.03,8.0,98.91,Present,Partial,17.25,100.0,1.45,98.55,3.62,97.1,No,100,0,67.65,16256,17982,Backlog Exists,High,Excellent,Met
REC000771,EMP011,Employee 011,Team B,Data Entry,2026-07-20,General,126,86,40,4,1,95,79,6.98,8.0,95.03,Present,Partial,10.75,71.67,4.65,95.35,1.16,91.86,Yes,100,0,68.25,16256,17982,Backlog Exists,Low,Good,At Risk
REC000772,EMP012,Employee 012,Team B,Data Entry,2026-07-20,Afternoon,190,130,60,1,4,95,124,3.26,8.0,99.4,Present,Partial,16.25,100.0,0.77,99.23,3.08,95.38,No,100,0,68.42,16256,17982,Backlog Exists,High,Excellent,Met
REC000773,EMP013,Employee 013,Team B,Data Entry,2026-07-20,Night,170,116,54,6,1,95,109,4.2,8.0,94.83,Present,Partial,14.5,96.67,5.17,94.83,0.86,93.97,Yes,100,0,68.24,16256,17982,Backlog Exists,High,Average,At Risk
REC000774,EMP014,Employee 014,Team B,Data Entry,2026-07-20,Morning,132,90,42,5,3,95,86,4.63,8.0,94.34,Present,Partial,11.25,75.0,5.56,94.44,3.33,95.56,No,100,0,68.18,16256,17982,Backlog Exists,Average,Average,Met
REC000775,EMP015,Employee 015,Team B,Data Entry,2026-07-20,Night,83,56,27,3,1,95,49,3.75,8.0,94.86,Present,Partial,7.0,46.67,5.36,94.64,1.79,87.5,Yes,100,0,67.47,16256,17982,Backlog Exists,Low,Average,Breached
REC000776,EMP016,Employee 016,Team B,Data Entry,2026-07-20,Night,173,118,55,1,4,95,115,3.29,8.0,98.9,Present,Partial,14.75,98.33,0.85,99.15,3.39,97.46,No,100,0,68.21,16256,17982,Backlog Exists,High,Excellent,Met
REC000777,EMP017,Employee 017,Team B,Data Entry,2026-07-20,Afternoon,166,113,53,8,5,95,93,4.37,7.5,92.8,Late,Partial,15.07,100.0,7.08,92.92,4.42,82.3,Yes,100,0,68.07,16256,17982,Backlog Exists,High,Average,Breached
REC000778,EMP018,Employee 018,Team B,Data Entry,2026-07-20,Morning,146,100,46,6,3,95,89,5.17,8.0,94.08,Present,Partial,12.5,83.33,6.0,94.0,3.0,89.0,Yes,100,0,68.49,16256,17982,Backlog Exists,Average,Average,Breached
REC000779,EMP019,Employee 019,Team B,Data Entry,2026-07-20,Night,169,115,54,0,1,95,114,3.3,8.0,99.9,Present,Partial,14.38,95.83,0.0,100.0,0.87,99.13,No,100,0,68.05,16256,17982,Backlog Exists,High,Excellent,Met
REC000780,EMP020,Employee 020,Team B,Data Entry,2026-07-20,Afternoon,70,49,21,5,1,95,37,7.97,8.0,90.64,Present,Partial,6.12,40.83,10.2,89.8,2.04,75.51,Yes,100,0,70.0,16256,17982,Backlog Exists,Low,Average,Breached
REC000781,EMP021,Employee 021,Team C,Application Processing,2026-07-20,Afternoon,207,131,76,0,2,95,123,4.62,8.0,99.8,Present,Partial,16.38,100.0,0.0,100.0,1.53,93.89,Yes,100,0,63.29,16256,17982,Backlog Exists,High,Excellent,At Risk
REC000782,EMP022,Employee 022,Team C,Application Processing,2026-07-20,General,106,67,39,2,1,95,60,3.0,8.0,97.08,Present,Partial,8.38,55.83,2.99,97.01,1.49,89.55,Yes,100,0,63.21,16256,17982,Backlog Exists,Low,Good,Breached
REC000783,EMP023,Employee 023,Team C,Application Processing,2026-07-20,Night,175,111,64,0,4,95,109,2.94,8.0,99.89,Present,Partial,13.88,92.5,0.0,100.0,3.6,98.2,No,100,0,63.43,16256,17982,Backlog Exists,High,Excellent,Met
REC000784,EMP024,Employee 024,Team C,Application Processing,2026-07-20,Night,0,0,0,0,0,95,0,6.84,0.0,93.51,Absent,Pending,0.0,0.0,0.0,100.0,0.0,0.0,Yes,0,100,0.0,16256,17982,Backlog Exists,Low,Average,Breached
REC000785,EMP025,Employee 025,Team C,Application Processing,2026-07-20,Afternoon,112,71,41,2,2,95,61,4.28,8.0,97.51,Present,Partial,8.88,59.17,2.82,97.18,2.82,85.92,Yes,100,0,63.39,16256,17982,Backlog Exists,Low,Good,Breached
REC000786,EMP026,Employee 026,Team C,Application Processing,2026-07-20,Afternoon,169,107,62,1,3,95,100,2.86,8.0,99.29,Present,Partial,13.38,89.17,0.93,99.07,2.8,93.46,Yes,100,0,63.31,16256,17982,Backlog Exists,Average,Excellent,At Risk
REC000787,EMP027,Employee 027,Team C,Application Processing,2026-07-20,Afternoon,165,104,61,5,1,95,91,5.33,8.0,95.26,Present,Partial,13.0,86.67,4.81,95.19,0.96,87.5,Yes,100,0,63.03,16256,17982,Backlog Exists,Average,Good,Breached
REC000788,EMP028,Employee 028,Team C,Application Processing,2026-07-20,Morning,120,76,44,9,1,95,63,5.3,8.0,88.55,Present,Partial,9.5,63.33,11.84,88.16,1.32,82.89,Yes,100,0,63.33,16256,17982,Backlog Exists,Low,Needs Improvement,Breached
REC000789,EMP029,Employee 029,Team C,Application Processing,2026-07-20,Morning,165,104,61,1,2,95,102,3.84,8.0,98.59,Present,Partial,13.0,86.67,0.96,99.04,1.92,98.08,No,100,0,63.03,16256,17982,Backlog Exists,Average,Excellent,Met
REC000790,EMP030,Employee 030,Team C,Application Processing,2026-07-20,General,104,68,36,7,0,95,57,6.79,8.0,90.37,Present,Partial,8.5,56.67,10.29,89.71,0.0,83.82,Yes,100,0,65.38,16256,17982,Backlog Exists,Low,Average,Breached
REC000791,EMP031,Employee 031,Team D,Quality Review,2026-07-20,General,0,0,0,0,0,95,0,5.89,0.0,94.19,Leave,Pending,0.0,0.0,0.0,100.0,0.0,0.0,Yes,0,100,0.0,16256,17982,Backlog Exists,Low,Average,Breached
REC000792,EMP032,Employee 032,Team D,Quality Review,2026-07-20,Afternoon,87,58,29,3,2,95,47,7.46,8.0,94.62,Present,Partial,7.25,48.33,5.17,94.83,3.45,81.03,Yes,100,0,66.67,16256,17982,Backlog Exists,Low,Average,Breached
REC000793,EMP033,Employee 033,Team D,Quality Review,2026-07-20,Morning,165,110,55,7,3,95,101,3.76,8.0,93.92,Present,Partial,13.75,91.67,6.36,93.64,2.73,91.82,Yes,100,0,66.67,16256,17982,Backlog Exists,High,Average,At Risk
REC000794,EMP034,Employee 034,Team D,Quality Review,2026-07-20,Night,133,88,45,9,4,95,77,5.33,8.0,89.61,Present,Partial,11.0,73.33,10.23,89.77,4.55,87.5,Yes,100,0,66.17,16256,17982,Backlog Exists,Low,Needs Improvement,Breached
REC000795,EMP035,Employee 035,Team D,Quality Review,2026-07-20,Morning,110,73,37,2,1,95,64,3.51,8.0,96.67,Present,Partial,9.12,60.83,2.74,97.26,1.37,87.67,Yes,100,0,66.36,16256,17982,Backlog Exists,Low,Good,Breached
REC000796,EMP036,Employee 036,Team D,Quality Review,2026-07-20,Night,101,67,34,2,1,95,61,3.15,8.0,97.57,Present,Partial,8.38,55.83,2.99,97.01,1.49,91.04,Yes,100,0,66.34,16256,17982,Backlog Exists,Low,Good,At Risk
REC000797,EMP037,Employee 037,Team D,Quality Review,2026-07-20,Afternoon,184,122,62,1,3,95,114,4.0,8.0,99.19,Present,Partial,15.25,100.0,0.82,99.18,2.46,93.44,Yes,100,0,66.3,16256,17982,Backlog Exists,High,Excellent,At Risk
REC000798,EMP038,Employee 038,Team D,Quality Review,2026-07-20,General,111,73,38,2,2,95,69,3.46,8.0,97.33,Present,Partial,9.12,60.83,2.74,97.26,2.74,94.52,Yes,100,0,65.77,16256,17982,Backlog Exists,Low,Good,At Risk
REC000799,EMP039,Employee 039,Team D,Quality Review,2026-07-20,Morning,128,85,43,3,2,95,76,6.52,8.0,95.94,Present,Partial,10.62,70.83,3.53,96.47,2.35,89.41,Yes,100,0,66.41,16256,17982,Backlog Exists,Low,Good,Breached
REC000800,EMP040,Employee 040,Team D,Quality Review,2026-07-20,Night,62,42,20,4,0,95,35,6.75,8.0,89.36,Present,Partial,5.25,35.0,9.52,90.48,0.0,83.33,Yes,100,0,67.74,16256,17982,Backlog Exists,Low,Needs Improvement,Breached
REC000801,EMP001,Employee 001,Team A,Document Verification,2026-07-21,General,99,92,7,6,2,95,82,5.27,8.0,93.31,Present,Partial,11.5,76.67,6.52,93.48,2.17,89.13,Yes,100,0,92.93,17982,18808,Backlog Exists,Average,Average,Breached
REC000802,EMP002,Employee 002,Team A,Document Verification,2026-07-21,General,123,114,9,4,2,95,105,4.12,8.0,96.25,Present,Partial,14.25,95.0,3.51,96.49,1.75,92.11,Yes,100,0,92.68,17982,18808,Backlog Exists,High,Good,At Risk
REC000803,EMP003,Employee 003,Team A,Document Verification,2026-07-21,General,77,71,6,4,1,95,68,3.04,8.0,94.85,Present,Partial,8.88,59.17,5.63,94.37,1.41,95.77,No,100,0,92.21,17982,18808,Backlog Exists,Low,Average,Met
REC000804,EMP004,Employee 004,Team A,Document Verification,2026-07-21,Night,68,63,5,2,1,95,57,5.89,8.0,97.41,Present,Partial,7.88,52.5,3.17,96.83,1.59,90.48,Yes,100,0,92.65,17982,18808,Backlog Exists,Low,Good,At Risk
REC000805,EMP005,Employee 005,Team A,Document Verification,2026-07-21,Night,146,134,12,2,3,95,128,4.26,8.0,98.52,Present,Partial,16.75,100.0,1.49,98.51,2.24,95.52,No,100,0,91.78,17982,18808,Backlog Exists,High,Excellent,Met
REC000806,EMP006,Employee 006,Team A,Document Verification,2026-07-21,Afternoon,80,74,6,5,1,95,63,3.37,8.0,93.08,Present,Partial,9.25,61.67,6.76,93.24,1.35,85.14,Yes,100,0,92.5,17982,18808,Backlog Exists,Low,Average,Breached
REC000807,EMP007,Employee 007,Team A,Document Verification,2026-07-21,General,67,61,6,7,0,95,56,4.15,8.0,88.71,Present,Partial,7.62,50.83,11.48,88.52,0.0,91.8,Yes,100,0,91.04,17982,18808,Backlog Exists,Low,Needs Improvement,At Risk
REC000808,EMP008,Employee 008,Team A,Document Verification,2026-07-21,General,82,75,7,5,2,95,66,6.82,8.0,93.71,Present,Partial,9.38,62.5,6.67,93.33,2.67,88.0,Yes,100,0,91.46,17982,18808,Backlog Exists,Low,Average,Breached
REC000809,EMP009,Employee 009,Team A,Document Verification,2026-07-21,General,88,81,7,6,0,95,73,5.85,8.0,92.28,Present,Partial,10.12,67.5,7.41,92.59,0.0,90.12,Yes,100,0,92.05,17982,18808,Backlog Exists,Low,Average,At Risk
REC000810,EMP010,Employee 010,Team A,Document Verification,2026-07-21,General,138,128,10,1,4,95,124,3.75,8.0,99.3,Present,Partial,16.0,100.0,0.78,99.22,3.12,96.88,No,100,0,92.75,17982,18808,Backlog Exists,High,Excellent,Met
REC000811,EMP011,Employee 011,Team B,Data Entry,2026-07-21,General,151,98,53,5,2,95,89,5.66,8.0,94.77,Present,Partial,12.25,81.67,5.1,94.9,2.04,90.82,Yes,100,0,64.9,17982,18808,Backlog Exists,Average,Average,At Risk
REC000812,EMP012,Employee 012,Team B,Data Entry,2026-07-21,Afternoon,219,142,77,3,2,95,135,4.39,8.0,97.65,Present,Partial,17.75,100.0,2.11,97.89,1.41,95.07,No,100,0,64.84,17982,18808,Backlog Exists,High,Good,Met
REC000813,EMP013,Employee 013,Team B,Data Entry,2026-07-21,Night,112,73,39,4,0,95,64,5.23,8.0,93.94,Present,Partial,9.12,60.83,5.48,94.52,0.0,87.67,Yes,100,0,65.18,17982,18808,Backlog Exists,Low,Average,Breached
REC000814,EMP014,Employee 014,Team B,Data Entry,2026-07-21,Morning,104,68,36,2,1,95,61,3.46,8.0,97.46,Present,Partial,8.5,56.67,2.94,97.06,1.47,89.71,Yes,100,0,65.38,17982,18808,Backlog Exists,Low,Good,Breached
REC000815,EMP015,Employee 015,Team B,Data Entry,2026-07-21,Night,84,55,29,5,0,95,49,7.18,8.0,90.72,Present,Partial,6.88,45.83,9.09,90.91,0.0,89.09,Yes,100,0,65.48,17982,18808,Backlog Exists,Low,Average,Breached
REC000816,EMP016,Employee 016,Team B,Data Entry,2026-07-21,Night,140,91,49,0,2,95,88,3.38,8.0,99.65,Present,Partial,11.38,75.83,0.0,100.0,2.2,96.7,No,100,0,65.0,17982,18808,Backlog Exists,Average,Excellent,Met
REC000817,EMP017,Employee 017,Team B,Data Entry,2026-07-21,Afternoon,98,64,34,4,4,95,56,5.66,7.5,93.36,Late,Partial,8.53,56.89,6.25,93.75,6.25,87.5,Yes,100,0,65.31,17982,18808,Backlog Exists,Low,Average,Breached
REC000818,EMP018,Employee 018,Team B,Data Entry,2026-07-21,Morning,140,91,49,4,3,95,87,6.1,8.0,95.26,Present,Partial,11.38,75.83,4.4,95.6,3.3,95.6,No,100,0,65.0,17982,18808,Backlog Exists,Average,Good,Met
REC000819,EMP019,Employee 019,Team B,Data Entry,2026-07-21,Night,174,113,61,1,3,95,112,4.64,8.0,98.87,Present,Partial,14.12,94.17,0.88,99.12,2.65,99.12,No,100,0,64.94,17982,18808,Backlog Exists,High,Excellent,Met
REC000820,EMP020,Employee 020,Team B,Data Entry,2026-07-21,Afternoon,73,48,25,4,0,95,37,4.17,7.5,91.56,Late,Partial,6.4,42.67,8.33,91.67,0.0,77.08,Yes,100,0,65.75,17982,18808,Backlog Exists,Low,Average,Breached
REC000821,EMP021,Employee 021,Team C,Application Processing,2026-07-21,Afternoon,137,105,32,2,1,95,99,2.86,8.0,98.03,Present,Partial,13.12,87.5,1.9,98.1,0.95,94.29,Yes,100,0,76.64,17982,18808,Backlog Exists,Average,Excellent,At Risk
REC000822,EMP022,Employee 022,Team C,Application Processing,2026-07-21,General,136,105,31,4,2,95,93,4.71,8.0,96.54,Present,Partial,13.12,87.5,3.81,96.19,1.9,88.57,Yes,100,0,77.21,17982,18808,Backlog Exists,Average,Good,Breached
REC000823,EMP023,Employee 023,Team C,Application Processing,2026-07-21,Night,170,130,40,2,3,95,125,5.18,8.0,98.33,Present,Partial,16.25,100.0,1.54,98.46,2.31,96.15,No,100,0,76.47,17982,18808,Backlog Exists,High,Excellent,Met
REC000824,EMP024,Employee 024,Team C,Application Processing,2026-07-21,Night,114,87,27,5,3,95,79,4.07,8.0,94.19,Present,Partial,10.88,72.5,5.75,94.25,3.45,90.8,Yes,100,0,76.32,17982,18808,Backlog Exists,Low,Average,At Risk
REC000825,EMP025,Employee 025,Team C,Application Processing,2026-07-21,Afternoon,80,61,19,3,0,95,52,6.05,8.0,95.11,Present,Partial,7.62,50.83,4.92,95.08,0.0,85.25,Yes,100,0,76.25,17982,18808,Backlog Exists,Low,Good,Breached
REC000826,EMP026,Employee 026,Team C,Application Processing,2026-07-21,Afternoon,120,92,28,0,2,95,84,5.02,8.0,99.7,Present,Partial,11.5,76.67,0.0,100.0,2.17,91.3,Yes,100,0,76.67,17982,18808,Backlog Exists,Average,Excellent,At Risk
REC000827,EMP027,Employee 027,Team C,Application Processing,2026-07-21,Afternoon,89,68,21,2,2,95,59,4.07,8.0,97.13,Present,Partial,8.5,56.67,2.94,97.06,2.94,86.76,Yes,100,0,76.4,17982,18808,Backlog Exists,Low,Good,Breached
REC000828,EMP028,Employee 028,Team C,Application Processing,2026-07-21,Morning,74,57,17,3,0,95,42,4.87,8.0,95.0,Present,Partial,7.12,47.5,5.26,94.74,0.0,73.68,Yes,100,0,77.03,17982,18808,Backlog Exists,Low,Good,Breached
REC000829,EMP029,Employee 029,Team C,Application Processing,2026-07-21,Morning,161,124,37,2,2,95,123,6.35,8.0,98.34,Present,Partial,15.5,100.0,1.61,98.39,1.61,99.19,No,100,0,77.02,17982,18808,Backlog Exists,High,Excellent,Met
REC000830,EMP030,Employee 030,Team C,Application Processing,2026-07-21,General,77,61,16,6,2,95,55,6.3,8.0,89.46,Present,Partial,7.62,50.83,9.84,90.16,3.28,90.16,Yes,100,0,79.22,17982,18808,Backlog Exists,Low,Needs Improvement,At Risk
REC000831,EMP031,Employee 031,Team D,Quality Review,2026-07-21,General,103,99,4,3,2,95,88,4.77,8.0,96.64,Present,Partial,12.38,82.5,3.03,96.97,2.02,88.89,Yes,100,0,96.12,17982,18808,Backlog Exists,Average,Good,Breached
REC000832,EMP032,Employee 032,Team D,Quality Review,2026-07-21,Afternoon,46,44,2,4,1,95,34,5.81,8.0,91.93,Present,Partial,5.5,36.67,9.09,90.91,2.27,77.27,Yes,100,0,95.65,17982,18808,Backlog Exists,Low,Average,Breached
REC000833,EMP033,Employee 033,Team D,Quality Review,2026-07-21,Morning,0,0,0,0,0,95,0,5.64,0.0,96.98,Leave,Pending,0.0,0.0,0.0,100.0,0.0,0.0,Yes,0,100,0.0,17982,18808,Backlog Exists,Low,Good,Breached
REC000834,EMP034,Employee 034,Team D,Quality Review,2026-07-21,Night,99,96,3,8,4,95,89,3.82,8.0,91.54,Present,Partial,12.0,80.0,8.33,91.67,4.17,92.71,Yes,100,0,96.97,17982,18808,Backlog Exists,Average,Average,At Risk
REC000835,EMP035,Employee 035,Team D,Quality Review,2026-07-21,Morning,105,101,4,6,1,95,91,6.54,8.0,93.95,Present,Partial,12.62,84.17,5.94,94.06,0.99,90.1,Yes,100,0,96.19,17982,18808,Backlog Exists,Average,Average,At Risk
REC000836,EMP036,Employee 036,Team D,Quality Review,2026-07-21,Night,69,66,3,2,2,95,62,4.08,8.0,96.87,Present,Partial,8.25,55.0,3.03,96.97,3.03,93.94,Yes,100,0,95.65,17982,18808,Backlog Exists,Low,Good,At Risk
REC000837,EMP037,Employee 037,Team D,Quality Review,2026-07-21,Afternoon,139,134,5,0,1,95,124,2.92,8.0,99.66,Present,Partial,16.75,100.0,0.0,100.0,0.75,92.54,Yes,100,0,96.4,17982,18808,Backlog Exists,High,Excellent,At Risk
REC000838,EMP038,Employee 038,Team D,Quality Review,2026-07-21,General,108,104,4,5,3,95,96,3.72,8.0,94.94,Present,Partial,13.0,86.67,4.81,95.19,2.88,92.31,Yes,100,0,96.3,17982,18808,Backlog Exists,Average,Average,At Risk
REC000839,EMP039,Employee 039,Team D,Quality Review,2026-07-21,Morning,124,119,5,4,2,95,109,3.3,8.0,96.67,Present,Partial,14.88,99.17,3.36,96.64,1.68,91.6,Yes,100,0,95.97,17982,18808,Backlog Exists,High,Good,At Risk
REC000840,EMP040,Employee 040,Team D,Quality Review,2026-07-21,Night,63,62,1,5,1,95,50,8.19,8.0,92.33,Present,Partial,7.75,51.67,8.06,91.94,1.61,80.65,Yes,100,0,98.41,17982,18808,Backlog Exists,Low,Average,Breached
REC000841,EMP001,Employee 001,Team A,Document Verification,2026-07-22,General,97,76,21,3,2,95,69,4.05,8.0,96.51,Present,Partial,9.5,63.33,3.95,96.05,2.63,90.79,Yes,100,0,78.35,18808,19813,Backlog Exists,Low,Good,At Risk
REC000842,EMP002,Employee 002,Team A,Document Verification,2026-07-22,General,94,73,21,2,2,95,65,4.8,8.0,97.73,Present,Partial,9.12,60.83,2.74,97.26,2.74,89.04,Yes,100,0,77.66,18808,19813,Backlog Exists,Low,Good,Breached
REC000843,EMP003,Employee 003,Team A,Document Verification,2026-07-22,General,143,111,32,3,2,95,104,6.02,8.0,96.98,Present,Partial,13.88,92.5,2.7,97.3,1.8,93.69,Yes,100,0,77.62,18808,19813,Backlog Exists,High,Good,At Risk
REC000844,EMP004,Employee 004,Team A,Document Verification,2026-07-22,Night,100,78,22,3,2,95,73,5.91,8.0,96.11,Present,Partial,9.75,65.0,3.85,96.15,2.56,93.59,Yes,100,0,78.0,18808,19813,Backlog Exists,Low,Good,At Risk
REC000845,EMP005,Employee 005,Team A,Document Verification,2026-07-22,Night,114,89,25,1,1,95,86,6.64,8.0,98.89,Present,Partial,11.12,74.17,1.12,98.88,1.12,96.63,No,100,0,78.07,18808,19813,Backlog Exists,Low,Excellent,Met
REC000846,EMP006,Employee 006,Team A,Document Verification,2026-07-22,Afternoon,112,87,25,5,2,95,80,4.11,8.0,94.34,Present,Partial,10.88,72.5,5.75,94.25,2.3,91.95,Yes,100,0,77.68,18808,19813,Backlog Exists,Low,Average,At Risk
REC000847,EMP007,Employee 007,Team A,Document Verification,2026-07-22,General,54,42,12,5,1,95,33,5.5,8.0,88.46,Present,Partial,5.25,35.0,11.9,88.1,2.38,78.57,Yes,100,0,77.78,18808,19813,Backlog Exists,Low,Needs Improvement,Breached
REC000848,EMP008,Employee 008,Team A,Document Verification,2026-07-22,General,96,74,22,2,1,95,66,5.1,8.0,97.46,Present,Partial,9.25,61.67,2.7,97.3,1.35,89.19,Yes,100,0,77.08,18808,19813,Backlog Exists,Low,Good,Breached
REC000849,EMP009,Employee 009,Team A,Document Verification,2026-07-22,General,101,79,22,4,2,95,72,6.9,8.0,94.74,Present,Partial,9.88,65.83,5.06,94.94,2.53,91.14,Yes,100,0,78.22,18808,19813,Backlog Exists,Low,Average,At Risk
REC000850,EMP010,Employee 010,Team A,Document Verification,2026-07-22,General,182,142,40,1,2,95,138,3.78,8.0,98.98,Present,Partial,17.75,100.0,0.7,99.3,1.41,97.18,No,100,0,78.02,18808,19813,Backlog Exists,High,Excellent,Met
REC000851,EMP011,Employee 011,Team B,Data Entry,2026-07-22,General,167,109,58,5,1,95,102,5.49,8.0,95.5,Present,Partial,13.62,90.83,4.59,95.41,0.92,93.58,Yes,100,0,65.27,18808,19813,Backlog Exists,High,Good,At Risk
REC000852,EMP012,Employee 012,Team B,Data Entry,2026-07-22,Afternoon,158,103,55,0,2,95,95,6.44,8.0,99.91,Present,Partial,12.88,85.83,0.0,100.0,1.94,92.23,Yes,100,0,65.19,18808,19813,Backlog Exists,Average,Excellent,At Risk
REC000853,EMP013,Employee 013,Team B,Data Entry,2026-07-22,Night,142,93,49,3,1,95,88,6.0,8.0,96.36,Present,Partial,11.62,77.5,3.23,96.77,1.08,94.62,Yes,100,0,65.49,18808,19813,Backlog Exists,Average,Good,At Risk
REC000854,EMP014,Employee 014,Team B,Data Entry,2026-07-22,Morning,147,96,51,5,2,95,87,4.03,8.0,94.59,Present,Partial,12.0,80.0,5.21,94.79,2.08,90.62,Yes,100,0,65.31,18808,19813,Backlog Exists,Average,Average,At Risk
REC000855,EMP015,Employee 015,Team B,Data Entry,2026-07-22,Night,90,59,31,7,1,95,49,3.79,8.0,88.18,Present,Partial,7.38,49.17,11.86,88.14,1.69,83.05,Yes,100,0,65.56,18808,19813,Backlog Exists,Low,Needs Improvement,Breached
REC000856,EMP016,Employee 016,Team B,Data Entry,2026-07-22,Night,211,138,73,0,3,95,135,4.14,8.0,99.64,Present,Partial,17.25,100.0,0.0,100.0,2.17,97.83,No,100,0,65.4,18808,19813,Backlog Exists,High,Excellent,Met
REC000857,EMP017,Employee 017,Team B,Data Entry,2026-07-22,Afternoon,107,70,37,9,3,95,59,4.81,8.0,87.49,Present,Partial,8.75,58.33,12.86,87.14,4.29,84.29,Yes,100,0,65.42,18808,19813,Backlog Exists,Low,Needs Improvement,Breached
REC000858,EMP018,Employee 018,Team B,Data Entry,2026-07-22,Morning,168,109,59,7,3,95,105,6.3,8.0,93.85,Present,Partial,13.62,90.83,6.42,93.58,2.75,96.33,No,100,0,64.88,18808,19813,Backlog Exists,High,Average,Met
REC000859,EMP019,Employee 019,Team B,Data Entry,2026-07-22,Night,161,105,56,3,2,95,104,4.55,8.0,97.18,Present,Partial,13.12,87.5,2.86,97.14,1.9,99.05,No,100,0,65.22,18808,19813,Backlog Exists,Average,Good,Met
REC000860,EMP020,Employee 020,Team B,Data Entry,2026-07-22,Afternoon,4,4,0,0,0,95,3,5.58,0.0,94.39,Leave,Completed,0.0,0.0,0.0,100.0,0.0,75.0,Yes,0,100,100.0,18808,19813,Backlog Exists,Low,Average,Breached
REC000861,EMP021,Employee 021,Team C,Application Processing,2026-07-22,Afternoon,155,113,42,2,3,95,106,3.48,8.0,98.59,Present,Partial,14.12,94.17,1.77,98.23,2.65,93.81,Yes,100,0,72.9,18808,19813,Backlog Exists,High,Excellent,At Risk
REC000862,EMP022,Employee 022,Team C,Application Processing,2026-07-22,General,133,98,35,4,2,95,93,6.07,8.0,95.62,Present,Partial,12.25,81.67,4.08,95.92,2.04,94.9,Yes,100,0,73.68,18808,19813,Backlog Exists,Average,Good,At Risk
REC000863,EMP023,Employee 023,Team C,Application Processing,2026-07-22,Night,152,111,41,0,2,95,105,3.89,8.0,99.92,Present,Partial,13.88,92.5,0.0,100.0,1.8,94.59,Yes,100,0,73.03,18808,19813,Backlog Exists,High,Excellent,At Risk
REC000864,EMP024,Employee 024,Team C,Application Processing,2026-07-22,Night,0,0,0,0,0,95,0,6.72,0.0,95.19,Absent,Pending,0.0,0.0,0.0,100.0,0.0,0.0,Yes,0,100,0.0,18808,19813,Backlog Exists,Low,Good,Breached
REC000865,EMP025,Employee 025,Team C,Application Processing,2026-07-22,Afternoon,0,0,0,0,0,95,0,4.02,0.0,97.74,Absent,Pending,0.0,0.0,0.0,100.0,0.0,0.0,Yes,0,100,0.0,18808,19813,Backlog Exists,Low,Good,Breached
REC000866,EMP026,Employee 026,Team C,Application Processing,2026-07-22,Afternoon,193,142,51,3,4,95,131,5.55,8.0,98.22,Present,Partial,17.75,100.0,2.11,97.89,2.82,92.25,Yes,100,0,73.58,18808,19813,Backlog Exists,High,Excellent,At Risk
REC000867,EMP027,Employee 027,Team C,Application Processing,2026-07-22,Afternoon,121,89,32,4,1,95,81,6.57,8.0,95.49,Present,Partial,11.12,74.17,4.49,95.51,1.12,91.01,Yes,100,0,73.55,18808,19813,Backlog Exists,Low,Good,At Risk
REC000868,EMP028,Employee 028,Team C,Application Processing,2026-07-22,Morning,71,52,19,5,0,95,42,5.56,8.0,91.02,Present,Partial,6.5,43.33,9.62,90.38,0.0,80.77,Yes,100,0,73.24,18808,19813,Backlog Exists,Low,Average,Breached
REC000869,EMP029,Employee 029,Team C,Application Processing,2026-07-22,Morning,184,135,49,2,3,95,129,2.77,8.0,98.76,Present,Partial,16.88,100.0,1.48,98.52,2.22,95.56,No,100,0,73.37,18808,19813,Backlog Exists,High,Excellent,Met
REC000870,EMP030,Employee 030,Team C,Application Processing,2026-07-22,General,92,69,23,6,1,95,61,5.85,8.0,91.92,Present,Partial,8.62,57.5,8.7,91.3,1.45,88.41,Yes,100,0,75.0,18808,19813,Backlog Exists,Low,Average,Breached
REC000871,EMP031,Employee 031,Team D,Quality Review,2026-07-22,General,106,106,0,5,1,95,95,4.93,8.0,95.08,Present,Completed,13.25,88.33,4.72,95.28,0.94,89.62,Yes,100,0,100.0,18808,19813,Backlog Exists,Average,Good,Breached
REC000872,EMP032,Employee 032,Team D,Quality Review,2026-07-22,Afternoon,70,70,0,5,1,95,57,4.74,8.0,93.04,Present,Completed,8.75,58.33,7.14,92.86,1.43,81.43,Yes,100,0,100.0,18808,19813,Backlog Exists,Low,Average,Breached
REC000873,EMP033,Employee 033,Team D,Quality Review,2026-07-22,Morning,97,97,0,7,1,95,88,6.41,8.0,93.02,Present,Completed,12.12,80.83,7.22,92.78,1.03,90.72,Yes,100,0,100.0,18808,19813,Backlog Exists,Average,Average,At Risk
REC000874,EMP034,Employee 034,Team D,Quality Review,2026-07-22,Night,96,96,0,7,4,95,85,4.75,8.0,92.19,Present,Completed,12.0,80.0,7.29,92.71,4.17,88.54,Yes,100,0,100.0,18808,19813,Backlog Exists,Average,Average,Breached
REC000875,EMP035,Employee 035,Team D,Quality Review,2026-07-22,Morning,91,91,0,5,1,95,80,3.62,8.0,94.09,Present,Completed,11.38,75.83,5.49,94.51,1.1,87.91,Yes,100,0,100.0,18808,19813,Backlog Exists,Average,Average,Breached
REC000876,EMP036,Employee 036,Team D,Quality Review,2026-07-22,Night,72,72,0,3,1,95,66,5.37,8.0,96.53,Present,Completed,9.0,60.0,4.17,95.83,1.39,91.67,Yes,100,0,100.0,18808,19813,Backlog Exists,Low,Good,At Risk
REC000877,EMP037,Employee 037,Team D,Quality Review,2026-07-22,Afternoon,95,94,1,0,3,95,90,4.79,8.0,99.66,Present,Partial,11.75,78.33,0.0,100.0,3.19,95.74,No,100,0,98.95,18808,19813,Backlog Exists,Average,Excellent,Met
REC000878,EMP038,Employee 038,Team D,Quality Review,2026-07-22,General,87,87,0,6,2,95,83,4.9,8.0,93.09,Present,Completed,10.88,72.5,6.9,93.1,2.3,95.4,No,100,0,100.0,18808,19813,Backlog Exists,Low,Average,Met
REC000879,EMP039,Employee 039,Team D,Quality Review,2026-07-22,Morning,79,79,0,6,0,95,72,3.62,8.0,93.02,Present,Completed,9.88,65.83,7.59,92.41,0.0,91.14,Yes,100,0,100.0,18808,19813,Backlog Exists,Low,Average,At Risk
REC000880,EMP040,Employee 040,Team D,Quality Review,2026-07-22,Night,72,71,1,5,2,95,55,7.5,8.0,92.65,Present,Partial,8.88,59.17,7.04,92.96,2.82,77.46,Yes,100,0,98.61,18808,19813,Backlog Exists,Low,Average,Breached
REC000881,EMP001,Employee 001,Team A,Document Verification,2026-07-23,General,121,113,8,5,3,95,102,4.15,8.0,95.6,Present,Partial,14.12,94.17,4.42,95.58,2.65,90.27,Yes,100,0,93.39,19813,21043,Backlog Exists,High,Good,At Risk
REC000882,EMP002,Employee 002,Team A,Document Verification,2026-07-23,General,125,116,9,5,3,95,102,5.41,8.0,95.56,Present,Partial,14.5,96.67,4.31,95.69,2.59,87.93,Yes,100,0,92.8,19813,21043,Backlog Exists,High,Good,Breached
REC000883,EMP003,Employee 003,Team A,Document Verification,2026-07-23,General,126,118,8,4,1,95,103,4.25,8.0,97.03,Present,Partial,14.75,98.33,3.39,96.61,0.85,87.29,Yes,100,0,93.65,19813,21043,Backlog Exists,High,Good,Breached
REC000884,EMP004,Employee 004,Team A,Document Verification,2026-07-23,Night,116,108,8,4,1,95,99,5.21,8.0,95.94,Present,Partial,13.5,90.0,3.7,96.3,0.93,91.67,Yes,100,0,93.1,19813,21043,Backlog Exists,High,Good,At Risk
REC000885,EMP005,Employee 005,Team A,Document Verification,2026-07-23,Night,113,106,7,1,1,95,102,5.54,8.0,98.8,Present,Partial,13.25,88.33,0.94,99.06,0.94,96.23,No,100,0,93.81,19813,21043,Backlog Exists,Average,Excellent,Met
REC000886,EMP006,Employee 006,Team A,Document Verification,2026-07-23,Afternoon,86,80,6,2,2,95,70,3.5,8.0,97.31,Present,Partial,10.0,66.67,2.5,97.5,2.5,87.5,Yes,100,0,93.02,19813,21043,Backlog Exists,Low,Good,Breached
REC000887,EMP007,Employee 007,Team A,Document Verification,2026-07-23,General,52,48,4,5,1,95,38,5.52,7.5,88.75,Late,Partial,6.4,42.67,10.42,89.58,2.08,79.17,Yes,100,0,92.31,19813,21043,Backlog Exists,Low,Needs Improvement,Breached
REC000888,EMP008,Employee 008,Team A,Document Verification,2026-07-23,General,128,119,9,7,1,95,105,5.32,8.0,93.94,Present,Partial,14.88,99.17,5.88,94.12,0.84,88.24,Yes,100,0,92.97,19813,21043,Backlog Exists,High,Average,Breached
REC000889,EMP009,Employee 009,Team A,Document Verification,2026-07-23,General,50,47,3,4,0,95,39,7.47,8.0,92.4,Present,Partial,5.88,39.17,8.51,91.49,0.0,82.98,Yes,100,0,94.0,19813,21043,Backlog Exists,Low,Average,Breached
REC000890,EMP010,Employee 010,Team A,Document Verification,2026-07-23,General,155,143,12,0,4,95,139,3.48,8.0,99.87,Present,Partial,17.88,100.0,0.0,100.0,2.8,97.2,No,100,0,92.26,19813,21043,Backlog Exists,High,Excellent,Met
REC000891,EMP011,Employee 011,Team B,Data Entry,2026-07-23,General,158,111,47,6,3,95,103,5.88,8.0,94.44,Present,Partial,13.88,92.5,5.41,94.59,2.7,92.79,Yes,100,0,70.25,19813,21043,Backlog Exists,High,Average,At Risk
REC000892,EMP012,Employee 012,Team B,Data Entry,2026-07-23,Afternoon,152,106,46,1,2,95,97,3.84,8.0,99.24,Present,Partial,13.25,88.33,0.94,99.06,1.89,91.51,Yes,100,0,69.74,19813,21043,Backlog Exists,Average,Excellent,At Risk
REC000893,EMP013,Employee 013,Team B,Data Entry,2026-07-23,Night,159,111,48,6,3,95,101,4.54,8.0,95.01,Present,Partial,13.88,92.5,5.41,94.59,2.7,90.99,Yes,100,0,69.81,19813,21043,Backlog Exists,High,Good,At Risk
REC000894,EMP014,Employee 014,Team B,Data Entry,2026-07-23,Morning,165,115,50,4,3,95,102,5.03,8.0,96.45,Present,Partial,14.38,95.83,3.48,96.52,2.61,88.7,Yes,100,0,69.7,19813,21043,Backlog Exists,High,Good,Breached
REC000895,EMP015,Employee 015,Team B,Data Entry,2026-07-23,Night,99,69,30,5,2,95,59,5.21,8.0,93.15,Present,Partial,8.62,57.5,7.25,92.75,2.9,85.51,Yes,100,0,69.7,19813,21043,Backlog Exists,Low,Average,Breached
REC000896,EMP016,Employee 016,Team B,Data Entry,2026-07-23,Night,170,118,52,0,4,95,113,3.32,8.0,99.62,Present,Partial,14.75,98.33,0.0,100.0,3.39,95.76,No,100,0,69.41,19813,21043,Backlog Exists,High,Excellent,Met
REC000897,EMP017,Employee 017,Team B,Data Entry,2026-07-23,Afternoon,112,79,33,8,3,95,67,4.31,7.5,89.66,Late,Partial,10.53,70.22,10.13,89.87,3.8,84.81,Yes,100,0,70.54,19813,21043,Backlog Exists,Low,Needs Improvement,Breached
REC000898,EMP018,Employee 018,Team B,Data Entry,2026-07-23,Morning,129,90,39,5,2,95,80,4.94,8.0,94.42,Present,Partial,11.25,75.0,5.56,94.44,2.22,88.89,Yes,100,0,69.77,19813,21043,Backlog Exists,Average,Average,Breached
REC000899,EMP019,Employee 019,Team B,Data Entry,2026-07-23,Night,0,0,0,0,0,95,0,2.89,0.0,99.11,Leave,Pending,0.0,0.0,0.0,100.0,0.0,0.0,Yes,0,100,0.0,19813,21043,Backlog Exists,Low,Excellent,Breached
REC000900,EMP020,Employee 020,Team B,Data Entry,2026-07-23,Afternoon,108,77,31,5,0,95,68,7.35,8.0,93.98,Present,Partial,9.62,64.17,6.49,93.51,0.0,88.31,Yes,100,0,71.3,19813,21043,Backlog Exists,Low,Average,Breached
REC000901,EMP021,Employee 021,Team C,Application Processing,2026-07-23,Afternoon,197,126,71,1,3,95,114,6.2,8.0,99.02,Present,Partial,15.75,100.0,0.79,99.21,2.38,90.48,Yes,100,0,63.96,19813,21043,Backlog Exists,High,Excellent,At Risk
REC000902,EMP022,Employee 022,Team C,Application Processing,2026-07-23,General,166,107,59,3,3,95,99,5.62,8.0,97.25,Present,Partial,13.38,89.17,2.8,97.2,2.8,92.52,Yes,100,0,64.46,19813,21043,Backlog Exists,Average,Good,At Risk
REC000903,EMP023,Employee 023,Team C,Application Processing,2026-07-23,Night,152,98,54,2,1,95,96,5.99,8.0,98.15,Present,Partial,12.25,81.67,2.04,97.96,1.02,97.96,No,100,0,64.47,19813,21043,Backlog Exists,Average,Excellent,Met
REC000904,EMP024,Employee 024,Team C,Application Processing,2026-07-23,Night,139,89,50,4,1,95,78,4.78,8.0,95.56,Present,Partial,11.12,74.17,4.49,95.51,1.12,87.64,Yes,100,0,64.03,19813,21043,Backlog Exists,Low,Good,Breached
REC000905,EMP025,Employee 025,Team C,Application Processing,2026-07-23,Afternoon,174,112,62,8,3,95,97,4.22,8.0,93.25,Present,Partial,14.0,93.33,7.14,92.86,2.68,86.61,Yes,100,0,64.37,19813,21043,Backlog Exists,High,Average,Breached
REC000906,EMP026,Employee 026,Team C,Application Processing,2026-07-23,Afternoon,219,141,78,2,3,95,130,3.61,8.0,98.78,Present,Partial,17.62,100.0,1.42,98.58,2.13,92.2,Yes,100,0,64.38,19813,21043,Backlog Exists,High,Excellent,At Risk
REC000907,EMP027,Employee 027,Team C,Application Processing,2026-07-23,Afternoon,134,86,48,5,2,95,79,3.97,8.0,93.74,Present,Partial,10.75,71.67,5.81,94.19,2.33,91.86,Yes,100,0,64.18,19813,21043,Backlog Exists,Low,Average,At Risk
REC000908,EMP028,Employee 028,Team C,Application Processing,2026-07-23,Morning,121,78,43,4,0,95,64,7.69,8.0,94.36,Present,Partial,9.75,65.0,5.13,94.87,0.0,82.05,Yes,100,0,64.46,19813,21043,Backlog Exists,Low,Average,Breached
REC000909,EMP029,Employee 029,Team C,Application Processing,2026-07-23,Morning,0,0,0,0,0,95,0,4.71,0.0,98.24,Absent,Pending,0.0,0.0,0.0,100.0,0.0,0.0,Yes,0,100,0.0,19813,21043,Backlog Exists,Low,Excellent,Breached
REC000910,EMP030,Employee 030,Team C,Application Processing,2026-07-23,General,3,4,0,0,0,95,3,5.88,0.0,94.78,Leave,Completed,0.0,0.0,0.0,100.0,0.0,75.0,Yes,0,100,133.33,19813,21043,Backlog Exists,Low,Average,Breached
REC000911,EMP031,Employee 031,Team D,Quality Review,2026-07-23,General,115,81,34,5,2,95,74,4.82,8.0,93.8,Present,Partial,10.12,67.5,6.17,93.83,2.47,91.36,Yes,100,0,70.43,19813,21043,Backlog Exists,Low,Average,At Risk
REC000912,EMP032,Employee 032,Team D,Quality Review,2026-07-23,Afternoon,59,41,18,3,1,95,30,5.44,8.0,92.94,Present,Partial,5.12,34.17,7.32,92.68,2.44,73.17,Yes,100,0,69.49,19813,21043,Backlog Exists,Low,Average,Breached
REC000913,EMP033,Employee 033,Team D,Quality Review,2026-07-23,Morning,135,95,40,3,2,95,86,6.34,8.0,96.45,Present,Partial,11.88,79.17,3.16,96.84,2.11,90.53,Yes,100,0,70.37,19813,21043,Backlog Exists,Average,Good,At Risk
REC000914,EMP034,Employee 034,Team D,Quality Review,2026-07-23,Night,92,64,28,8,2,95,55,5.84,8.0,87.48,Present,Partial,8.0,53.33,12.5,87.5,3.12,85.94,Yes,100,0,69.57,19813,21043,Backlog Exists,Low,Needs Improvement,Breached
REC000915,EMP035,Employee 035,Team D,Quality Review,2026-07-23,Morning,99,70,29,5,0,95,67,3.29,8.0,93.11,Present,Partial,8.75,58.33,7.14,92.86,0.0,95.71,No,100,0,70.71,19813,21043,Backlog Exists,Low,Average,Met
REC000916,EMP036,Employee 036,Team D,Quality Review,2026-07-23,Night,125,88,37,2,1,95,83,4.24,8.0,97.47,Present,Partial,11.0,73.33,2.27,97.73,1.14,94.32,Yes,100,0,70.4,19813,21043,Backlog Exists,Low,Good,At Risk
REC000917,EMP037,Employee 037,Team D,Quality Review,2026-07-23,Afternoon,162,114,48,0,3,95,108,5.48,8.0,99.58,Present,Partial,14.25,95.0,0.0,100.0,2.63,94.74,Yes,100,0,70.37,19813,21043,Backlog Exists,High,Excellent,At Risk
REC000918,EMP038,Employee 038,Team D,Quality Review,2026-07-23,General,90,63,27,4,0,95,60,4.04,8.0,93.01,Present,Partial,7.88,52.5,6.35,93.65,0.0,95.24,No,100,0,70.0,19813,21043,Backlog Exists,Low,Average,Met
REC000919,EMP039,Employee 039,Team D,Quality Review,2026-07-23,Morning,117,82,35,3,1,95,78,6.67,8.0,96.18,Present,Partial,10.25,68.33,3.66,96.34,1.22,95.12,No,100,0,70.09,19813,21043,Backlog Exists,Low,Good,Met
REC000920,EMP040,Employee 040,Team D,Quality Review,2026-07-23,Night,75,55,20,3,0,95,49,5.15,8.0,94.98,Present,Partial,6.88,45.83,5.45,94.55,0.0,89.09,Yes,100,0,73.33,19813,21043,Backlog Exists,Low,Average,Breached
REC000921,EMP001,Employee 001,Team A,Document Verification,2026-07-24,General,122,97,25,5,1,95,93,5.09,8.0,94.94,Present,Partial,12.12,80.83,5.15,94.85,1.03,95.88,No,100,0,79.51,21043,21847,Backlog Exists,Average,Average,Met
REC000922,EMP002,Employee 002,Team A,Document Verification,2026-07-24,General,109,87,22,6,0,95,84,3.89,8.0,93.07,Present,Partial,10.88,72.5,6.9,93.1,0.0,96.55,No,100,0,79.82,21043,21847,Backlog Exists,Low,Average,Met
REC000923,EMP003,Employee 003,Team A,Document Verification,2026-07-24,General,115,91,24,3,1,95,87,6.5,8.0,97.03,Present,Partial,11.38,75.83,3.3,96.7,1.1,95.6,No,100,0,79.13,21043,21847,Backlog Exists,Average,Good,Met
REC000924,EMP004,Employee 004,Team A,Document Verification,2026-07-24,Night,93,74,19,3,0,95,66,4.63,8.0,95.86,Present,Partial,9.25,61.67,4.05,95.95,0.0,89.19,Yes,100,0,79.57,21043,21847,Backlog Exists,Low,Good,Breached
REC000925,EMP005,Employee 005,Team A,Document Verification,2026-07-24,Night,123,98,25,2,1,95,93,4.95,8.0,98.38,Present,Partial,12.25,81.67,2.04,97.96,1.02,94.9,Yes,100,0,79.67,21043,21847,Backlog Exists,Average,Excellent,At Risk
REC000926,EMP006,Employee 006,Team A,Document Verification,2026-07-24,Afternoon,120,95,25,5,1,95,88,6.02,8.0,94.42,Present,Partial,11.88,79.17,5.26,94.74,1.05,92.63,Yes,100,0,79.17,21043,21847,Backlog Exists,Average,Average,At Risk
REC000927,EMP007,Employee 007,Team A,Document Verification,2026-07-24,General,70,55,15,5,0,95,44,5.62,8.0,91.17,Present,Partial,6.88,45.83,9.09,90.91,0.0,80.0,Yes,100,0,78.57,21043,21847,Backlog Exists,Low,Average,Breached
REC000928,EMP008,Employee 008,Team A,Document Verification,2026-07-24,General,97,77,20,3,1,95,74,4.29,8.0,96.27,Present,Partial,9.62,64.17,3.9,96.1,1.3,96.1,No,100,0,79.38,21043,21847,Backlog Exists,Low,Good,Met
REC000929,EMP009,Employee 009,Team A,Document Verification,2026-07-24,General,57,46,11,2,1,95,35,5.24,8.0,94.99,Present,Partial,5.75,38.33,4.35,95.65,2.17,76.09,Yes,100,0,80.7,21043,21847,Backlog Exists,Low,Average,Breached
REC000930,EMP010,Employee 010,Team A,Document Verification,2026-07-24,General,145,119,26,1,3,95,118,5.61,8.0,98.99,Present,Partial,14.88,99.17,0.84,99.16,2.52,99.16,No,100,0,82.07,21043,21847,Backlog Exists,High,Excellent,Met
REC000931,EMP011,Employee 011,Team B,Data Entry,2026-07-24,General,106,69,37,2,2,95,64,4.89,8.0,96.68,Present,Partial,8.62,57.5,2.9,97.1,2.9,92.75,Yes,100,0,65.09,21043,21847,Backlog Exists,Low,Good,At Risk
REC000932,EMP012,Employee 012,Team B,Data Entry,2026-07-24,Afternoon,165,107,58,1,1,95,100,6.16,8.0,98.71,Present,Partial,13.38,89.17,0.93,99.07,0.93,93.46,Yes,100,0,64.85,21043,21847,Backlog Exists,Average,Excellent,At Risk
REC000933,EMP013,Employee 013,Team B,Data Entry,2026-07-24,Night,92,59,33,4,1,95,55,3.96,8.0,93.39,Present,Partial,7.38,49.17,6.78,93.22,1.69,93.22,Yes,100,0,64.13,21043,21847,Backlog Exists,Low,Average,At Risk
REC000934,EMP014,Employee 014,Team B,Data Entry,2026-07-24,Morning,154,100,54,6,3,95,93,5.03,8.0,94.4,Present,Partial,12.5,83.33,6.0,94.0,3.0,93.0,Yes,100,0,64.94,21043,21847,Backlog Exists,Average,Average,At Risk
REC000935,EMP015,Employee 015,Team B,Data Entry,2026-07-24,Night,85,55,30,5,1,95,43,6.52,8.0,90.23,Present,Partial,6.88,45.83,9.09,90.91,1.82,78.18,Yes,100,0,64.71,21043,21847,Backlog Exists,Low,Average,Breached
REC000936,EMP016,Employee 016,Team B,Data Entry,2026-07-24,Night,139,90,49,0,2,95,87,4.99,8.0,99.59,Present,Partial,11.25,75.0,0.0,100.0,2.22,96.67,No,100,0,64.75,21043,21847,Backlog Exists,Average,Excellent,Met
REC000937,EMP017,Employee 017,Team B,Data Entry,2026-07-24,Afternoon,149,97,52,12,5,95,87,4.43,8.0,87.39,Present,Partial,12.12,80.83,12.37,87.63,5.15,89.69,Yes,100,0,65.1,21043,21847,Backlog Exists,Average,Needs Improvement,Breached
REC000938,EMP018,Employee 018,Team B,Data Entry,2026-07-24,Morning,0,0,0,0,0,95,0,4.82,0.0,93.5,Leave,Pending,0.0,0.0,0.0,100.0,0.0,0.0,Yes,0,100,0.0,21043,21847,Backlog Exists,Low,Average,Breached
REC000939,EMP019,Employee 019,Team B,Data Entry,2026-07-24,Night,139,90,49,2,1,95,89,3.21,8.0,98.19,Present,Partial,11.25,75.0,2.22,97.78,1.11,98.89,No,100,0,64.75,21043,21847,Backlog Exists,Average,Excellent,Met
REC000940,EMP020,Employee 020,Team B,Data Entry,2026-07-24,Afternoon,122,81,41,7,1,95,65,4.33,8.0,91.4,Present,Partial,10.12,67.5,8.64,91.36,1.23,80.25,Yes,100,0,66.39,21043,21847,Backlog Exists,Low,Average,Breached
REC000941,EMP021,Employee 021,Team C,Application Processing,2026-07-24,Afternoon,160,130,30,3,1,95,118,6.52,8.0,97.32,Present,Partial,16.25,100.0,2.31,97.69,0.77,90.77,Yes,100,0,81.25,21043,21847,Backlog Exists,High,Good,At Risk
REC000942,EMP022,Employee 022,Team C,Application Processing,2026-07-24,General,125,101,24,4,3,95,91,6.43,8.0,95.7,Present,Partial,12.62,84.17,3.96,96.04,2.97,90.1,Yes,100,0,80.8,21043,21847,Backlog Exists,Average,Good,At Risk
REC000943,EMP023,Employee 023,Team C,Application Processing,2026-07-24,Night,121,98,23,1,2,95,94,5.02,8.0,98.64,Present,Partial,12.25,81.67,1.02,98.98,2.04,95.92,No,100,0,80.99,21043,21847,Backlog Exists,Average,Excellent,Met
REC000944,EMP024,Employee 024,Team C,Application Processing,2026-07-24,Night,89,72,17,2,1,95,69,4.47,8.0,96.82,Present,Partial,9.0,60.0,2.78,97.22,1.39,95.83,No,100,0,80.9,21043,21847,Backlog Exists,Low,Good,Met
REC000945,EMP025,Employee 025,Team C,Application Processing,2026-07-24,Afternoon,128,104,24,7,3,95,88,6.87,8.0,93.71,Present,Partial,13.0,86.67,6.73,93.27,2.88,84.62,Yes,100,0,81.25,21043,21847,Backlog Exists,Average,Average,Breached
REC000946,EMP026,Employee 026,Team C,Application Processing,2026-07-24,Afternoon,170,137,33,1,1,95,128,6.08,8.0,99.34,Present,Partial,17.12,100.0,0.73,99.27,0.73,93.43,Yes,100,0,80.59,21043,21847,Backlog Exists,High,Excellent,At Risk
REC000947,EMP027,Employee 027,Team C,Application Processing,2026-07-24,Afternoon,106,86,20,4,2,95,74,4.76,8.0,95.4,Present,Partial,10.75,71.67,4.65,95.35,2.33,86.05,Yes,100,0,81.13,21043,21847,Backlog Exists,Low,Good,Breached
REC000948,EMP028,Employee 028,Team C,Application Processing,2026-07-24,Morning,87,70,17,4,2,95,59,5.33,8.0,93.83,Present,Partial,8.75,58.33,5.71,94.29,2.86,84.29,Yes,100,0,80.46,21043,21847,Backlog Exists,Low,Average,Breached
REC000949,EMP029,Employee 029,Team C,Application Processing,2026-07-24,Morning,165,134,31,0,5,95,133,5.81,7.5,99.95,Late,Partial,17.87,100.0,0.0,100.0,3.73,99.25,No,100,0,81.21,21043,21847,Backlog Exists,High,Excellent,Met
REC000950,EMP030,Employee 030,Team C,Application Processing,2026-07-24,General,94,78,16,5,1,95,62,6.56,8.0,93.72,Present,Partial,9.75,65.0,6.41,93.59,1.28,79.49,Yes,100,0,82.98,21043,21847,Backlog Exists,Low,Average,Breached
REC000951,EMP031,Employee 031,Team D,Quality Review,2026-07-24,General,81,86,0,3,2,95,82,5.61,8.0,96.21,Present,Completed,10.75,71.67,3.49,96.51,2.33,95.35,No,100,0,106.17,21043,21847,Backlog Exists,Low,Good,Met
REC000952,EMP032,Employee 032,Team D,Quality Review,2026-07-24,Afternoon,43,45,0,4,1,95,38,5.05,8.0,90.44,Present,Completed,5.62,37.5,8.89,91.11,2.22,84.44,Yes,100,0,104.65,21043,21847,Backlog Exists,Low,Average,Breached
REC000953,EMP033,Employee 033,Team D,Quality Review,2026-07-24,Morning,67,71,0,3,0,95,64,5.86,8.0,96.35,Present,Completed,8.88,59.17,4.23,95.77,0.0,90.14,Yes,100,0,105.97,21043,21847,Backlog Exists,Low,Good,At Risk
REC000954,EMP034,Employee 034,Team D,Quality Review,2026-07-24,Night,85,90,0,9,3,95,84,3.02,8.0,90.19,Present,Completed,11.25,75.0,10.0,90.0,3.33,93.33,Yes,100,0,105.88,21043,21847,Backlog Exists,Average,Average,At Risk
REC000955,EMP035,Employee 035,Team D,Quality Review,2026-07-24,Morning,110,116,0,4,4,95,108,3.48,8.0,96.34,Present,Completed,14.5,96.67,3.45,96.55,3.45,93.1,Yes,100,0,105.45,21043,21847,Backlog Exists,High,Good,At Risk
REC000956,EMP036,Employee 036,Team D,Quality Review,2026-07-24,Night,63,67,0,4,2,95,60,5.43,8.0,94.6,Present,Completed,8.38,55.83,5.97,94.03,2.99,89.55,Yes,100,0,106.35,21043,21847,Backlog Exists,Low,Average,Breached
REC000957,EMP037,Employee 037,Team D,Quality Review,2026-07-24,Afternoon,129,136,0,2,2,95,128,5.35,8.0,98.21,Present,Completed,17.0,100.0,1.47,98.53,1.47,94.12,Yes,100,0,105.43,21043,21847,Backlog Exists,High,Excellent,At Risk
REC000958,EMP038,Employee 038,Team D,Quality Review,2026-07-24,General,103,109,0,7,2,95,101,3.75,8.0,93.49,Present,Completed,13.62,90.83,6.42,93.58,1.83,92.66,Yes,100,0,105.83,21043,21847,Backlog Exists,High,Average,At Risk
REC000959,EMP039,Employee 039,Team D,Quality Review,2026-07-24,Morning,82,87,0,6,1,95,84,6.13,7.5,93.28,Late,Completed,11.6,77.33,6.9,93.1,1.15,96.55,No,100,0,106.1,21043,21847,Backlog Exists,Average,Average,Met
REC000960,EMP040,Employee 040,Team D,Quality Review,2026-07-24,Night,55,57,0,3,0,95,52,4.58,7.5,94.45,Late,Completed,7.6,50.67,5.26,94.74,0.0,91.23,Yes,100,0,103.64,21043,21847,Backlog Exists,Low,Average,At Risk
REC000961,EMP001,Employee 001,Team A,Document Verification,2026-07-25,General,83,81,2,2,2,95,72,5.78,8.0,97.28,Present,Partial,10.12,67.5,2.47,97.53,2.47,88.89,Yes,100,0,97.59,21847,21766,Backlog Exists,Low,Good,Breached
REC000962,EMP002,Employee 002,Team A,Document Verification,2026-07-25,General,68,67,1,3,1,95,61,4.19,8.0,95.6,Present,Partial,8.38,55.83,4.48,95.52,1.49,91.04,Yes,100,0,98.53,21847,21766,Backlog Exists,Low,Good,At Risk
REC000963,EMP003,Employee 003,Team A,Document Verification,2026-07-25,General,95,92,3,5,1,95,83,4.0,8.0,94.32,Present,Partial,11.5,76.67,5.43,94.57,1.09,90.22,Yes,100,0,96.84,21847,21766,Backlog Exists,Average,Average,At Risk
REC000964,EMP004,Employee 004,Team A,Document Verification,2026-07-25,Night,85,83,2,3,2,95,76,6.11,8.0,96.42,Present,Partial,10.38,69.17,3.61,96.39,2.41,91.57,Yes,100,0,97.65,21847,21766,Backlog Exists,Low,Good,At Risk
REC000965,EMP005,Employee 005,Team A,Document Verification,2026-07-25,Night,100,97,3,0,2,95,95,3.57,8.0,99.52,Present,Partial,12.12,80.83,0.0,100.0,2.06,97.94,No,100,0,97.0,21847,21766,Backlog Exists,Average,Excellent,Met
REC000966,EMP006,Employee 006,Team A,Document Verification,2026-07-25,Afternoon,95,93,2,6,1,95,85,3.73,8.0,93.12,Present,Partial,11.62,77.5,6.45,93.55,1.08,91.4,Yes,100,0,97.89,21847,21766,Backlog Exists,Average,Average,At Risk
REC000967,EMP007,Employee 007,Team A,Document Verification,2026-07-25,General,67,66,1,5,1,95,57,6.88,8.0,92.13,Present,Partial,8.25,55.0,7.58,92.42,1.52,86.36,Yes,100,0,98.51,21847,21766,Backlog Exists,Low,Average,Breached
REC000968,EMP008,Employee 008,Team A,Document Verification,2026-07-25,General,74,72,2,5,2,95,65,5.5,8.0,93.09,Present,Partial,9.0,60.0,6.94,93.06,2.78,90.28,Yes,100,0,97.3,21847,21766,Backlog Exists,Low,Average,At Risk
REC000969,EMP009,Employee 009,Team A,Document Verification,2026-07-25,General,65,63,2,7,1,95,52,6.35,8.0,89.05,Present,Partial,7.88,52.5,11.11,88.89,1.59,82.54,Yes,100,0,96.92,21847,21766,Backlog Exists,Low,Needs Improvement,Breached
REC000970,EMP010,Employee 010,Team A,Document Verification,2026-07-25,General,107,106,1,2,2,95,101,2.98,8.0,98.49,Present,Partial,13.25,88.33,1.89,98.11,1.89,95.28,No,100,0,99.07,21847,21766,Backlog Exists,Average,Excellent,Met
REC000971,EMP011,Employee 011,Team B,Data Entry,2026-07-25,General,82,80,2,5,2,95,75,4.8,8.0,93.18,Present,Partial,10.0,66.67,6.25,93.75,2.5,93.75,Yes,100,0,97.56,21847,21766,Backlog Exists,Low,Average,At Risk
REC000972,EMP012,Employee 012,Team B,Data Entry,2026-07-25,Afternoon,143,140,3,1,5,95,132,5.78,8.0,99.26,Present,Partial,17.5,100.0,0.71,99.29,3.57,94.29,Yes,100,0,97.9,21847,21766,Backlog Exists,High,Excellent,At Risk
REC000973,EMP013,Employee 013,Team B,Data Entry,2026-07-25,Night,69,68,1,2,1,95,65,4.83,8.0,97.17,Present,Partial,8.5,56.67,2.94,97.06,1.47,95.59,No,100,0,98.55,21847,21766,Backlog Exists,Low,Good,Met
REC000974,EMP014,Employee 014,Team B,Data Entry,2026-07-25,Morning,89,88,1,3,2,95,78,4.16,8.0,96.38,Present,Partial,11.0,73.33,3.41,96.59,2.27,88.64,Yes,100,0,98.88,21847,21766,Backlog Exists,Low,Good,Breached
REC000975,EMP015,Employee 015,Team B,Data Entry,2026-07-25,Night,45,44,1,2,1,95,35,8.33,8.0,94.89,Present,Partial,5.5,36.67,4.55,95.45,2.27,79.55,Yes,100,0,97.78,21847,21766,Backlog Exists,Low,Average,Breached
REC000976,EMP016,Employee 016,Team B,Data Entry,2026-07-25,Night,123,121,2,1,1,95,120,4.68,8.0,98.83,Present,Partial,15.12,100.0,0.83,99.17,0.83,99.17,No,100,0,98.37,21847,21766,Backlog Exists,High,Excellent,Met
REC000977,EMP017,Employee 017,Team B,Data Entry,2026-07-25,Afternoon,102,100,2,9,5,95,87,5.33,8.0,90.67,Present,Partial,12.5,83.33,9.0,91.0,5.0,87.0,Yes,100,0,98.04,21847,21766,Backlog Exists,Average,Average,Breached
REC000978,EMP018,Employee 018,Team B,Data Entry,2026-07-25,Morning,77,76,1,3,2,95,67,5.18,8.0,96.49,Present,Partial,9.5,63.33,3.95,96.05,2.63,88.16,Yes,100,0,98.7,21847,21766,Backlog Exists,Low,Good,Breached
REC000979,EMP019,Employee 019,Team B,Data Entry,2026-07-25,Night,134,131,3,4,1,95,124,5.67,8.0,97.02,Present,Partial,16.38,100.0,3.05,96.95,0.76,94.66,Yes,100,0,97.76,21847,21766,Backlog Exists,High,Good,At Risk
REC000980,EMP020,Employee 020,Team B,Data Entry,2026-07-25,Afternoon,46,44,2,3,0,95,37,8.22,8.0,93.02,Present,Partial,5.5,36.67,6.82,93.18,0.0,84.09,Yes,100,0,95.65,21847,21766,Backlog Exists,Low,Average,Breached
REC000981,EMP021,Employee 021,Team C,Application Processing,2026-07-25,Afternoon,118,115,3,2,3,95,110,5.42,8.0,98.65,Present,Partial,14.38,95.83,1.74,98.26,2.61,95.65,No,100,0,97.46,21847,21766,Backlog Exists,High,Excellent,Met
REC000982,EMP022,Employee 022,Team C,Application Processing,2026-07-25,General,70,68,2,1,2,95,64,5.89,8.0,97.8,Present,Partial,8.5,56.67,1.47,98.53,2.94,94.12,Yes,100,0,97.14,21847,21766,Backlog Exists,Low,Good,At Risk
REC000983,EMP023,Employee 023,Team C,Application Processing,2026-07-25,Night,107,104,3,2,3,95,101,3.74,8.0,97.82,Present,Partial,13.0,86.67,1.92,98.08,2.88,97.12,No,100,0,97.2,21847,21766,Backlog Exists,Average,Good,Met
REC000984,EMP024,Employee 024,Team C,Application Processing,2026-07-25,Night,93,91,2,3,1,95,83,4.97,8.0,97.18,Present,Partial,11.38,75.83,3.3,96.7,1.1,91.21,Yes,100,0,97.85,21847,21766,Backlog Exists,Average,Good,At Risk
REC000985,EMP025,Employee 025,Team C,Application Processing,2026-07-25,Afternoon,101,98,3,7,1,95,89,4.17,8.0,93.18,Present,Partial,12.25,81.67,7.14,92.86,1.02,90.82,Yes,100,0,97.03,21847,21766,Backlog Exists,Average,Average,At Risk
REC000986,EMP026,Employee 026,Team C,Application Processing,2026-07-25,Afternoon,123,119,4,0,3,95,110,6.46,8.0,99.62,Present,Partial,14.88,99.17,0.0,100.0,2.52,92.44,Yes,100,0,96.75,21847,21766,Backlog Exists,High,Excellent,At Risk
REC000987,EMP027,Employee 027,Team C,Application Processing,2026-07-25,Afternoon,88,86,2,5,3,95,78,5.29,8.0,94.19,Present,Partial,10.75,71.67,5.81,94.19,3.49,90.7,Yes,100,0,97.73,21847,21766,Backlog Exists,Low,Average,At Risk
REC000988,EMP028,Employee 028,Team C,Application Processing,2026-07-25,Morning,71,69,2,6,2,95,57,5.2,8.0,91.5,Present,Partial,8.62,57.5,8.7,91.3,2.9,82.61,Yes,100,0,97.18,21847,21766,Backlog Exists,Low,Average,Breached
REC000989,EMP029,Employee 029,Team C,Application Processing,2026-07-25,Morning,100,97,3,1,1,95,94,6.07,8.0,98.63,Present,Partial,12.12,80.83,1.03,98.97,1.03,96.91,No,100,0,97.0,21847,21766,Backlog Exists,Average,Excellent,Met
REC000990,EMP030,Employee 030,Team C,Application Processing,2026-07-25,General,66,65,1,5,1,95,51,5.41,7.5,92.42,Late,Partial,8.67,57.78,7.69,92.31,1.54,78.46,Yes,100,0,98.48,21847,21766,Backlog Exists,Low,Average,Breached
REC000991,EMP031,Employee 031,Team D,Quality Review,2026-07-25,General,82,98,0,2,3,95,93,4.5,8.0,97.99,Present,Completed,12.25,81.67,2.04,97.96,3.06,94.9,Yes,100,0,119.51,21847,21766,Backlog Exists,Average,Good,At Risk
REC000992,EMP032,Employee 032,Team D,Quality Review,2026-07-25,Afternoon,64,77,0,8,2,95,59,6.96,8.0,89.62,Present,Completed,9.62,64.17,10.39,89.61,2.6,76.62,Yes,100,0,120.31,21847,21766,Backlog Exists,Low,Needs Improvement,Breached
REC000993,EMP033,Employee 033,Team D,Quality Review,2026-07-25,Morning,82,98,0,2,3,95,93,6.09,8.0,97.57,Present,Completed,12.25,81.67,2.04,97.96,3.06,94.9,Yes,100,0,119.51,21847,21766,Backlog Exists,Average,Good,At Risk
REC000994,EMP034,Employee 034,Team D,Quality Review,2026-07-25,Night,60,72,0,6,3,95,67,4.89,8.0,90.99,Present,Completed,9.0,60.0,8.33,91.67,4.17,93.06,Yes,100,0,120.0,21847,21766,Backlog Exists,Low,Average,At Risk
REC000995,EMP035,Employee 035,Team D,Quality Review,2026-07-25,Morning,80,96,0,7,2,95,84,6.71,8.0,93.2,Present,Completed,12.0,80.0,7.29,92.71,2.08,87.5,Yes,100,0,120.0,21847,21766,Backlog Exists,Average,Average,Breached
REC000996,EMP036,Employee 036,Team D,Quality Review,2026-07-25,Night,77,93,0,2,1,95,87,3.37,8.0,97.81,Present,Completed,11.62,77.5,2.15,97.85,1.08,93.55,Yes,100,0,120.78,21847,21766,Backlog Exists,Average,Good,At Risk
REC000997,EMP037,Employee 037,Team D,Quality Review,2026-07-25,Afternoon,98,118,0,1,2,95,112,3.22,8.0,99.19,Present,Completed,14.75,98.33,0.85,99.15,1.69,94.92,Yes,100,0,120.41,21847,21766,Backlog Exists,High,Excellent,At Risk
REC000998,EMP038,Employee 038,Team D,Quality Review,2026-07-25,General,61,74,0,5,2,95,65,5.11,8.0,93.56,Present,Completed,9.25,61.67,6.76,93.24,2.7,87.84,Yes,100,0,121.31,21847,21766,Backlog Exists,Low,Average,Breached
REC000999,EMP039,Employee 039,Team D,Quality Review,2026-07-25,Morning,78,94,0,2,3,95,90,6.69,8.0,97.43,Present,Completed,11.75,78.33,2.13,97.87,3.19,95.74,No,100,0,120.51,21847,21766,Backlog Exists,Average,Good,Met
REC001000,EMP040,Employee 040,Team D,Quality Review,2026-07-25,Night,37,42,0,5,0,95,35,8.05,7.5,88.73,Late,Completed,5.6,37.33,11.9,88.1,0.0,83.33,Yes,100,0,113.51,21847,21766,Backlog Exists,Low,Needs Improvement,Breached
REC001001,EMP001,Employee 001,Team A,Document Verification,2026-07-26,General,59,73,0,2,2,95,66,6.06,8.0,96.63,Present,Completed,9.12,60.83,2.74,97.26,2.74,90.41,Yes,100,0,123.73,21766,21398,Backlog Exists,Low,Good,At Risk
REC001002,EMP002,Employee 002,Team A,Document Verification,2026-07-26,General,75,94,0,6,1,95,90,6.95,8.0,93.87,Present,Completed,11.75,78.33,6.38,93.62,1.06,95.74,No,100,0,125.33,21766,21398,Backlog Exists,Average,Average,Met
REC001003,EMP003,Employee 003,Team A,Document Verification,2026-07-26,General,69,86,0,4,3,95,79,4.17,8.0,95.56,Present,Completed,10.75,71.67,4.65,95.35,3.49,91.86,Yes,100,0,124.64,21766,21398,Backlog Exists,Low,Good,At Risk
REC001004,EMP004,Employee 004,Team A,Document Verification,2026-07-26,Night,72,90,0,5,3,95,80,5.32,8.0,94.33,Present,Completed,11.25,75.0,5.56,94.44,3.33,88.89,Yes,100,0,125.0,21766,21398,Backlog Exists,Average,Average,Breached
REC001005,EMP005,Employee 005,Team A,Document Verification,2026-07-26,Night,94,118,0,2,3,95,115,3.82,8.0,98.67,Present,Completed,14.75,98.33,1.69,98.31,2.54,97.46,No,100,0,125.53,21766,21398,Backlog Exists,High,Excellent,Met
REC001006,EMP006,Employee 006,Team A,Document Verification,2026-07-26,Afternoon,58,72,0,3,2,95,64,3.57,8.0,96.1,Present,Completed,9.0,60.0,4.17,95.83,2.78,88.89,Yes,100,0,124.14,21766,21398,Backlog Exists,Low,Good,Breached
REC001007,EMP007,Employee 007,Team A,Document Verification,2026-07-26,General,54,68,0,4,1,95,52,6.19,8.0,94.18,Present,Completed,8.5,56.67,5.88,94.12,1.47,76.47,Yes,100,0,125.93,21766,21398,Backlog Exists,Low,Average,Breached
REC001008,EMP008,Employee 008,Team A,Document Verification,2026-07-26,General,83,104,0,3,1,95,98,3.4,8.0,97.49,Present,Completed,13.0,86.67,2.88,97.12,0.96,94.23,Yes,100,0,125.3,21766,21398,Backlog Exists,Average,Good,At Risk
REC001009,EMP009,Employee 009,Team A,Document Verification,2026-07-26,General,58,73,0,9,1,95,63,7.02,8.0,88.23,Present,Completed,9.12,60.83,12.33,87.67,1.37,86.3,Yes,100,0,125.86,21766,21398,Backlog Exists,Low,Needs Improvement,Breached
REC001010,EMP010,Employee 010,Team A,Document Verification,2026-07-26,General,94,116,0,3,2,95,110,3.04,8.0,97.02,Present,Completed,14.5,96.67,2.59,97.41,1.72,94.83,Yes,100,0,123.4,21766,21398,Backlog Exists,High,Good,At Risk
REC001011,EMP011,Employee 011,Team B,Data Entry,2026-07-26,General,91,92,0,4,1,95,86,3.53,8.0,95.9,Present,Completed,11.5,76.67,4.35,95.65,1.09,93.48,Yes,100,0,101.1,21766,21398,Backlog Exists,Average,Good,At Risk
REC001012,EMP012,Employee 012,Team B,Data Entry,2026-07-26,Afternoon,102,103,0,1,4,95,96,2.98,8.0,99.42,Present,Completed,12.88,85.83,0.97,99.03,3.88,93.2,Yes,100,0,100.98,21766,21398,Backlog Exists,Average,Excellent,At Risk
REC001013,EMP013,Employee 013,Team B,Data Entry,2026-07-26,Night,66,67,0,2,0,95,61,6.26,8.0,97.61,Present,Completed,8.38,55.83,2.99,97.01,0.0,91.04,Yes,100,0,101.52,21766,21398,Backlog Exists,Low,Good,At Risk
REC001014,EMP014,Employee 014,Team B,Data Entry,2026-07-26,Morning,83,84,0,2,2,95,78,5.68,8.0,97.45,Present,Completed,10.5,70.0,2.38,97.62,2.38,92.86,Yes,100,0,101.2,21766,21398,Backlog Exists,Low,Good,At Risk
REC001015,EMP015,Employee 015,Team B,Data Entry,2026-07-26,Night,60,61,0,3,1,95,51,3.64,8.0,94.73,Present,Completed,7.62,50.83,4.92,95.08,1.64,83.61,Yes,100,0,101.67,21766,21398,Backlog Exists,Low,Average,Breached
REC001016,EMP016,Employee 016,Team B,Data Entry,2026-07-26,Night,110,111,0,1,4,95,110,6.52,8.0,98.73,Present,Completed,13.88,92.5,0.9,99.1,3.6,99.1,No,100,0,100.91,21766,21398,Backlog Exists,High,Excellent,Met
REC001017,EMP017,Employee 017,Team B,Data Entry,2026-07-26,Afternoon,101,102,0,10,5,95,87,6.69,8.0,90.42,Present,Completed,12.75,85.0,9.8,90.2,4.9,85.29,Yes,100,0,100.99,21766,21398,Backlog Exists,Average,Average,Breached
REC001018,EMP018,Employee 018,Team B,Data Entry,2026-07-26,Morning,111,112,0,7,3,95,104,6.0,8.0,94.15,Present,Completed,14.0,93.33,6.25,93.75,2.68,92.86,Yes,100,0,100.9,21766,21398,Backlog Exists,High,Average,At Risk
REC001019,EMP019,Employee 019,Team B,Data Entry,2026-07-26,Night,129,130,0,2,4,95,127,3.7,8.0,98.31,Present,Completed,16.25,100.0,1.54,98.46,3.08,97.69,No,100,0,100.78,21766,21398,Backlog Exists,High,Excellent,Met
REC001020,EMP020,Employee 020,Team B,Data Entry,2026-07-26,Afternoon,72,72,0,7,1,95,55,6.18,8.0,90.01,Present,Completed,9.0,60.0,9.72,90.28,1.39,76.39,Yes,100,0,100.0,21766,21398,Backlog Exists,Low,Average,Breached
REC001021,EMP021,Employee 021,Team C,Application Processing,2026-07-26,Afternoon,123,149,0,2,4,95,136,6.4,8.0,98.87,Present,Completed,18.62,100.0,1.34,98.66,2.68,91.28,Yes,100,0,121.14,21766,21398,Backlog Exists,High,Excellent,At Risk
REC001022,EMP022,Employee 022,Team C,Application Processing,2026-07-26,General,94,114,0,4,3,95,109,6.72,8.0,96.58,Present,Completed,14.25,95.0,3.51,96.49,2.63,95.61,No,100,0,121.28,21766,21398,Backlog Exists,High,Good,Met
REC001023,EMP023,Employee 023,Team C,Application Processing,2026-07-26,Night,87,105,0,3,2,95,101,4.37,8.0,97.55,Present,Completed,13.12,87.5,2.86,97.14,1.9,96.19,No,100,0,120.69,21766,21398,Backlog Exists,Average,Good,Met
REC001024,EMP024,Employee 024,Team C,Application Processing,2026-07-26,Night,58,70,0,2,0,95,64,5.65,8.0,97.07,Present,Completed,8.75,58.33,2.86,97.14,0.0,91.43,Yes,100,0,120.69,21766,21398,Backlog Exists,Low,Good,At Risk
REC001025,EMP025,Employee 025,Team C,Application Processing,2026-07-26,Afternoon,74,90,0,5,3,95,82,4.64,8.0,94.04,Present,Completed,11.25,75.0,5.56,94.44,3.33,91.11,Yes,100,0,121.62,21766,21398,Backlog Exists,Average,Average,At Risk
REC001026,EMP026,Employee 026,Team C,Application Processing,2026-07-26,Afternoon,97,117,0,3,3,95,107,6.08,8.0,97.71,Present,Completed,14.62,97.5,2.56,97.44,2.56,91.45,Yes,100,0,120.62,21766,21398,Backlog Exists,High,Good,At Risk
REC001027,EMP027,Employee 027,Team C,Application Processing,2026-07-26,Afternoon,97,117,0,3,1,95,109,5.58,8.0,97.33,Present,Completed,14.62,97.5,2.56,97.44,0.85,93.16,Yes,100,0,120.62,21766,21398,Backlog Exists,High,Good,At Risk
REC001028,EMP028,Employee 028,Team C,Application Processing,2026-07-26,Morning,54,66,0,7,2,95,55,4.61,8.0,89.75,Present,Completed,8.25,55.0,10.61,89.39,3.03,83.33,Yes,100,0,122.22,21766,21398,Backlog Exists,Low,Needs Improvement,Breached
REC001029,EMP029,Employee 029,Team C,Application Processing,2026-07-26,Morning,104,126,0,2,3,95,125,4.32,8.0,98.22,Present,Completed,15.75,100.0,1.59,98.41,2.38,99.21,No,100,0,121.15,21766,21398,Backlog Exists,High,Excellent,Met
REC001030,EMP030,Employee 030,Team C,Application Processing,2026-07-26,General,55,67,0,8,1,95,54,5.18,8.0,88.1,Present,Completed,8.38,55.83,11.94,88.06,1.49,80.6,Yes,100,0,121.82,21766,21398,Backlog Exists,Low,Needs Improvement,Breached
REC001031,EMP031,Employee 031,Team D,Quality Review,2026-07-26,General,35,35,0,1,0,95,33,6.93,4.0,96.54,Half Day,Completed,8.75,58.33,2.86,97.14,0.0,94.29,Yes,50,0,100.0,21766,21398,Backlog Exists,Low,Good,At Risk
REC001032,EMP032,Employee 032,Team D,Quality Review,2026-07-26,Afternoon,64,64,0,6,1,95,50,7.39,8.0,90.79,Present,Completed,8.0,53.33,9.38,90.62,1.56,78.12,Yes,100,0,100.0,21766,21398,Backlog Exists,Low,Average,Breached
REC001033,EMP033,Employee 033,Team D,Quality Review,2026-07-26,Morning,74,74,0,3,0,95,67,4.17,8.0,95.39,Present,Completed,9.25,61.67,4.05,95.95,0.0,90.54,Yes,100,0,100.0,21766,21398,Backlog Exists,Low,Good,At Risk
REC001034,EMP034,Employee 034,Team D,Quality Review,2026-07-26,Night,54,55,0,4,3,95,51,5.72,8.0,92.79,Present,Completed,6.88,45.83,7.27,92.73,5.45,92.73,Yes,100,0,101.85,21766,21398,Backlog Exists,Low,Average,At Risk
REC001035,EMP035,Employee 035,Team D,Quality Review,2026-07-26,Morning,76,76,0,3,2,95,69,4.89,8.0,96.05,Present,Completed,9.5,63.33,3.95,96.05,2.63,90.79,Yes,100,0,100.0,21766,21398,Backlog Exists,Low,Good,At Risk
REC001036,EMP036,Employee 036,Team D,Quality Review,2026-07-26,Night,58,58,0,2,0,95,53,6.89,8.0,96.22,Present,Completed,7.25,48.33,3.45,96.55,0.0,91.38,Yes,100,0,100.0,21766,21398,Backlog Exists,Low,Good,At Risk
REC001037,EMP037,Employee 037,Team D,Quality Review,2026-07-26,Afternoon,108,108,0,3,2,95,100,2.97,8.0,97.11,Present,Completed,13.5,90.0,2.78,97.22,1.85,92.59,Yes,100,0,100.0,21766,21398,Backlog Exists,High,Good,At Risk
REC001038,EMP038,Employee 038,Team D,Quality Review,2026-07-26,General,74,74,0,5,0,95,69,4.3,8.0,93.48,Present,Completed,9.25,61.67,6.76,93.24,0.0,93.24,Yes,100,0,100.0,21766,21398,Backlog Exists,Low,Average,At Risk
REC001039,EMP039,Employee 039,Team D,Quality Review,2026-07-26,Morning,76,76,0,2,0,95,69,3.45,7.5,97.89,Late,Completed,10.13,67.56,2.63,97.37,0.0,90.79,Yes,100,0,100.0,21766,21398,Backlog Exists,Low,Good,At Risk
REC001040,EMP040,Employee 040,Team D,Quality Review,2026-07-26,Night,46,48,0,5,1,95,43,4.26,8.0,90.46,Present,Completed,6.0,40.0,10.42,89.58,2.08,89.58,Yes,100,0,104.35,21766,21398,Backlog Exists,Low,Average,Breached
REC001041,EMP001,Employee 001,Team A,Document Verification,2026-07-27,General,121,74,47,2,1,95,65,4.04,8.0,97.68,Present,Partial,9.25,61.67,2.7,97.3,1.35,87.84,Yes,100,0,61.16,21398,23137,Backlog Exists,Low,Good,Breached
REC001042,EMP002,Employee 002,Team A,Document Verification,2026-07-27,General,0,0,0,0,0,95,0,4.41,0.0,93.09,Absent,Pending,0.0,0.0,0.0,100.0,0.0,0.0,Yes,0,100,0.0,21398,23137,Backlog Exists,Low,Average,Breached
REC001043,EMP003,Employee 003,Team A,Document Verification,2026-07-27,General,86,53,33,3,0,95,47,6.22,4.0,95.05,Half Day,Partial,13.25,88.33,5.66,94.34,0.0,88.68,Yes,50,0,61.63,21398,23137,Backlog Exists,Average,Good,Breached
REC001044,EMP004,Employee 004,Team A,Document Verification,2026-07-27,Night,125,76,49,3,2,95,69,4.24,8.0,96.08,Present,Partial,9.5,63.33,3.95,96.05,2.63,90.79,Yes,100,0,60.8,21398,23137,Backlog Exists,Low,Good,At Risk
REC001045,EMP005,Employee 005,Team A,Document Verification,2026-07-27,Night,212,129,83,2,2,95,127,3.73,8.0,98.45,Present,Partial,16.12,100.0,1.55,98.45,1.55,98.45,No,100,0,60.85,21398,23137,Backlog Exists,High,Excellent,Met
REC001046,EMP006,Employee 006,Team A,Document Verification,2026-07-27,Afternoon,184,112,72,7,3,95,103,5.24,8.0,93.68,Present,Partial,14.0,93.33,6.25,93.75,2.68,91.96,Yes,100,0,60.87,21398,23137,Backlog Exists,High,Average,At Risk
REC001047,EMP007,Employee 007,Team A,Document Verification,2026-07-27,General,136,83,53,4,2,95,65,5.37,8.0,94.73,Present,Partial,10.38,69.17,4.82,95.18,2.41,78.31,Yes,100,0,61.03,21398,23137,Backlog Exists,Low,Average,Breached
REC001048,EMP008,Employee 008,Team A,Document Verification,2026-07-27,General,171,104,67,3,1,95,94,6.96,8.0,96.68,Present,Partial,13.0,86.67,2.88,97.12,0.96,90.38,Yes,100,0,60.82,21398,23137,Backlog Exists,Average,Good,At Risk
REC001049,EMP009,Employee 009,Team A,Document Verification,2026-07-27,General,86,52,34,6,1,95,39,6.88,8.0,88.71,Present,Partial,6.5,43.33,11.54,88.46,1.92,75.0,Yes,100,0,60.47,21398,23137,Backlog Exists,Low,Needs Improvement,Breached
REC001050,EMP010,Employee 010,Team A,Document Verification,2026-07-27,General,122,77,45,1,0,95,75,6.01,4.0,99.02,Half Day,Partial,19.25,100.0,1.3,98.7,0.0,97.4,No,50,0,63.11,21398,23137,Backlog Exists,High,Excellent,Met
REC001051,EMP011,Employee 011,Team B,Data Entry,2026-07-27,General,132,84,48,4,3,95,80,3.41,8.0,95.28,Present,Partial,10.5,70.0,4.76,95.24,3.57,95.24,No,100,0,63.64,21398,23137,Backlog Exists,Low,Good,Met
REC001052,EMP012,Employee 012,Team B,Data Entry,2026-07-27,Afternoon,183,117,66,1,3,95,108,5.47,8.0,99.23,Present,Partial,14.62,97.5,0.85,99.15,2.56,92.31,Yes,100,0,63.93,21398,23137,Backlog Exists,High,Excellent,At Risk
REC001053,EMP013,Employee 013,Team B,Data Entry,2026-07-27,Night,114,73,41,5,2,95,70,5.61,8.0,93.56,Present,Partial,9.12,60.83,6.85,93.15,2.74,95.89,No,100,0,64.04,21398,23137,Backlog Exists,Low,Average,Met
REC001054,EMP014,Employee 014,Team B,Data Entry,2026-07-27,Morning,159,101,58,3,2,95,90,5.57,8.0,96.87,Present,Partial,12.62,84.17,2.97,97.03,1.98,89.11,Yes,100,0,63.52,21398,23137,Backlog Exists,Average,Good,Breached
REC001055,EMP015,Employee 015,Team B,Data Entry,2026-07-27,Night,73,47,26,5,1,95,36,5.63,8.0,90.29,Present,Partial,5.88,39.17,10.64,89.36,2.13,76.6,Yes,100,0,64.38,21398,23137,Backlog Exists,Low,Average,Breached
REC001056,EMP016,Employee 016,Team B,Data Entry,2026-07-27,Night,206,132,74,0,1,95,125,3.42,8.0,99.81,Present,Partial,16.5,100.0,0.0,100.0,0.76,94.7,Yes,100,0,64.08,21398,23137,Backlog Exists,High,Excellent,At Risk
REC001057,EMP017,Employee 017,Team B,Data Entry,2026-07-27,Afternoon,138,88,50,9,4,95,73,5.22,8.0,89.32,Present,Partial,11.0,73.33,10.23,89.77,4.55,82.95,Yes,100,0,63.77,21398,23137,Backlog Exists,Low,Needs Improvement,Breached
REC001058,EMP018,Employee 018,Team B,Data Entry,2026-07-27,Morning,186,119,67,4,3,95,114,6.81,8.0,96.65,Present,Partial,14.88,99.17,3.36,96.64,2.52,95.8,No,100,0,63.98,21398,23137,Backlog Exists,High,Good,Met
REC001059,EMP019,Employee 019,Team B,Data Entry,2026-07-27,Night,177,113,64,2,3,95,111,6.19,8.0,98.08,Present,Partial,14.12,94.17,1.77,98.23,2.65,98.23,No,100,0,63.84,21398,23137,Backlog Exists,High,Excellent,Met
REC001060,EMP020,Employee 020,Team B,Data Entry,2026-07-27,Afternoon,75,50,25,4,1,95,43,4.83,8.0,91.71,Present,Partial,6.25,41.67,8.0,92.0,2.0,86.0,Yes,100,0,66.67,21398,23137,Backlog Exists,Low,Average,Breached
REC001061,EMP021,Employee 021,Team C,Application Processing,2026-07-27,Afternoon,150,107,43,1,3,95,102,6.73,8.0,98.78,Present,Partial,13.38,89.17,0.93,99.07,2.8,95.33,No,100,0,71.33,21398,23137,Backlog Exists,Average,Excellent,Met
REC001062,EMP022,Employee 022,Team C,Application Processing,2026-07-27,General,158,112,46,6,1,95,101,6.36,8.0,94.69,Present,Partial,14.0,93.33,5.36,94.64,0.89,90.18,Yes,100,0,70.89,21398,23137,Backlog Exists,High,Average,At Risk
REC001063,EMP023,Employee 023,Team C,Application Processing,2026-07-27,Night,176,125,51,4,3,95,122,4.85,8.0,97.1,Present,Partial,15.62,100.0,3.2,96.8,2.4,97.6,No,100,0,71.02,21398,23137,Backlog Exists,High,Good,Met
REC001064,EMP024,Employee 024,Team C,Application Processing,2026-07-27,Night,145,103,42,3,1,95,93,5.46,8.0,96.95,Present,Partial,12.88,85.83,2.91,97.09,0.97,90.29,Yes,100,0,71.03,21398,23137,Backlog Exists,Average,Good,At Risk
REC001065,EMP025,Employee 025,Team C,Application Processing,2026-07-27,Afternoon,161,114,47,4,2,95,105,4.61,8.0,96.45,Present,Partial,14.25,95.0,3.51,96.49,1.75,92.11,Yes,100,0,70.81,21398,23137,Backlog Exists,High,Good,At Risk
REC001066,EMP026,Employee 026,Team C,Application Processing,2026-07-27,Afternoon,0,0,0,0,0,95,0,3.71,0.0,97.11,Leave,Pending,0.0,0.0,0.0,100.0,0.0,0.0,Yes,0,100,0.0,21398,23137,Backlog Exists,Low,Good,Breached
REC001067,EMP027,Employee 027,Team C,Application Processing,2026-07-27,Afternoon,108,76,32,4,1,95,69,6.58,8.0,94.83,Present,Partial,9.5,63.33,5.26,94.74,1.32,90.79,Yes,100,0,70.37,21398,23137,Backlog Exists,Low,Average,At Risk
REC001068,EMP028,Employee 028,Team C,Application Processing,2026-07-27,Morning,99,70,29,8,2,95,58,7.11,8.0,88.74,Present,Partial,8.75,58.33,11.43,88.57,2.86,82.86,Yes,100,0,70.71,21398,23137,Backlog Exists,Low,Needs Improvement,Breached
REC001069,EMP029,Employee 029,Team C,Application Processing,2026-07-27,Morning,146,103,43,1,2,95,100,4.48,8.0,99.03,Present,Partial,12.88,85.83,0.97,99.03,1.94,97.09,No,100,0,70.55,21398,23137,Backlog Exists,Average,Excellent,Met
REC001070,EMP030,Employee 030,Team C,Application Processing,2026-07-27,General,108,78,30,4,0,95,58,6.83,8.0,94.56,Present,Partial,9.75,65.0,5.13,94.87,0.0,74.36,Yes,100,0,72.22,21398,23137,Backlog Exists,Low,Average,Breached
REC001071,EMP031,Employee 031,Team D,Quality Review,2026-07-27,General,138,92,46,3,2,95,86,5.27,8.0,96.79,Present,Partial,11.5,76.67,3.26,96.74,2.17,93.48,Yes,100,0,66.67,21398,23137,Backlog Exists,Average,Good,At Risk
REC001072,EMP032,Employee 032,Team D,Quality Review,2026-07-27,Afternoon,71,48,23,3,0,95,42,5.9,8.0,92.79,Present,Partial,6.0,40.0,6.25,93.75,0.0,87.5,Yes,100,0,67.61,21398,23137,Backlog Exists,Low,Average,Breached
REC001073,EMP033,Employee 033,Team D,Quality Review,2026-07-27,Morning,163,109,54,5,4,95,100,6.5,8.0,95.18,Present,Partial,13.62,90.83,4.59,95.41,3.67,91.74,Yes,100,0,66.87,21398,23137,Backlog Exists,High,Good,At Risk
REC001074,EMP034,Employee 034,Team D,Quality Review,2026-07-27,Night,92,61,31,6,4,95,56,3.42,8.0,90.11,Present,Partial,7.62,50.83,9.84,90.16,6.56,91.8,Yes,100,0,66.3,21398,23137,Backlog Exists,Low,Average,At Risk
REC001075,EMP035,Employee 035,Team D,Quality Review,2026-07-27,Morning,113,75,38,3,2,95,70,6.71,8.0,96.44,Present,Partial,9.38,62.5,4.0,96.0,2.67,93.33,Yes,100,0,66.37,21398,23137,Backlog Exists,Low,Good,At Risk
REC001076,EMP036,Employee 036,Team D,Quality Review,2026-07-27,Night,114,76,38,2,1,95,68,4.37,8.0,97.02,Present,Partial,9.5,63.33,2.63,97.37,1.32,89.47,Yes,100,0,66.67,21398,23137,Backlog Exists,Low,Good,Breached
REC001077,EMP037,Employee 037,Team D,Quality Review,2026-07-27,Afternoon,153,102,51,3,2,95,97,4.49,8.0,97.5,Present,Partial,12.75,85.0,2.94,97.06,1.96,95.1,No,100,0,66.67,21398,23137,Backlog Exists,Average,Good,Met
REC001078,EMP038,Employee 038,Team D,Quality Review,2026-07-27,General,115,77,38,4,1,95,70,3.44,8.0,94.57,Present,Partial,9.62,64.17,5.19,94.81,1.3,90.91,Yes,100,0,66.96,21398,23137,Backlog Exists,Low,Average,At Risk
REC001079,EMP039,Employee 039,Team D,Quality Review,2026-07-27,Morning,105,70,35,3,1,95,67,3.41,8.0,95.21,Present,Partial,8.75,58.33,4.29,95.71,1.43,95.71,No,100,0,66.67,21398,23137,Backlog Exists,Low,Good,Met
REC001080,EMP040,Employee 040,Team D,Quality Review,2026-07-27,Night,71,51,20,6,0,95,41,6.87,8.0,88.34,Present,Partial,6.38,42.5,11.76,88.24,0.0,80.39,Yes,100,0,71.83,21398,23137,Backlog Exists,Low,Needs Improvement,Breached
REC001081,EMP001,Employee 001,Team A,Document Verification,2026-07-28,General,105,79,26,2,0,95,75,4.98,8.0,97.08,Present,Partial,9.88,65.83,2.53,97.47,0.0,94.94,Yes,100,0,75.24,23137,24535,Backlog Exists,Low,Good,At Risk
REC001082,EMP002,Employee 002,Team A,Document Verification,2026-07-28,General,85,64,21,4,2,95,60,3.65,8.0,93.67,Present,Partial,8.0,53.33,6.25,93.75,3.12,93.75,Yes,100,0,75.29,23137,24535,Backlog Exists,Low,Average,At Risk
REC001083,EMP003,Employee 003,Team A,Document Verification,2026-07-28,General,132,99,33,7,1,95,92,3.72,8.0,93.17,Present,Partial,12.38,82.5,7.07,92.93,1.01,92.93,Yes,100,0,75.0,23137,24535,Backlog Exists,Average,Average,At Risk
REC001084,EMP004,Employee 004,Team A,Document Verification,2026-07-28,Night,117,87,30,5,0,95,82,6.24,8.0,94.13,Present,Partial,10.88,72.5,5.75,94.25,0.0,94.25,Yes,100,0,74.36,23137,24535,Backlog Exists,Low,Average,At Risk
REC001085,EMP005,Employee 005,Team A,Document Verification,2026-07-28,Night,169,127,42,1,1,95,126,5.13,8.0,99.39,Present,Partial,15.88,100.0,0.79,99.21,0.79,99.21,No,100,0,75.15,23137,24535,Backlog Exists,High,Excellent,Met
REC001086,EMP006,Employee 006,Team A,Document Verification,2026-07-28,Afternoon,91,68,23,3,1,95,63,5.08,8.0,95.24,Present,Partial,8.5,56.67,4.41,95.59,1.47,92.65,Yes,100,0,74.73,23137,24535,Backlog Exists,Low,Good,At Risk
REC001087,EMP007,Employee 007,Team A,Document Verification,2026-07-28,General,62,47,15,3,1,95,42,6.5,8.0,93.85,Present,Partial,5.88,39.17,6.38,93.62,2.13,89.36,Yes,100,0,75.81,23137,24535,Backlog Exists,Low,Average,Breached
REC001088,EMP008,Employee 008,Team A,Document Verification,2026-07-28,General,112,84,28,6,2,95,77,3.96,8.0,93.1,Present,Partial,10.5,70.0,7.14,92.86,2.38,91.67,Yes,100,0,75.0,23137,24535,Backlog Exists,Low,Average,At Risk
REC001089,EMP009,Employee 009,Team A,Document Verification,2026-07-28,General,0,0,0,0,0,95,0,8.23,0.0,88.87,Absent,Pending,0.0,0.0,0.0,100.0,0.0,0.0,Yes,0,100,0.0,23137,24535,Backlog Exists,Low,Needs Improvement,Breached
REC001090,EMP010,Employee 010,Team A,Document Verification,2026-07-28,General,167,126,41,1,3,95,125,5.02,8.0,99.38,Present,Partial,15.75,100.0,0.79,99.21,2.38,99.21,No,100,0,75.45,23137,24535,Backlog Exists,High,Excellent,Met
REC001091,EMP011,Employee 011,Team B,Data Entry,2026-07-28,General,0,0,0,0,0,95,0,3.05,0.0,93.82,Leave,Pending,0.0,0.0,0.0,100.0,0.0,0.0,Yes,0,100,0.0,23137,24535,Backlog Exists,Low,Average,Breached
REC001092,EMP012,Employee 012,Team B,Data Entry,2026-07-28,Afternoon,179,116,63,0,1,95,109,3.02,8.0,99.64,Present,Partial,14.5,96.67,0.0,100.0,0.86,93.97,Yes,100,0,64.8,23137,24535,Backlog Exists,High,Excellent,At Risk
REC001093,EMP013,Employee 013,Team B,Data Entry,2026-07-28,Night,109,70,39,2,2,95,64,6.05,8.0,97.81,Present,Partial,8.75,58.33,2.86,97.14,2.86,91.43,Yes,100,0,64.22,23137,24535,Backlog Exists,Low,Good,At Risk
REC001094,EMP014,Employee 014,Team B,Data Entry,2026-07-28,Morning,161,104,57,3,2,95,99,4.88,8.0,97.17,Present,Partial,13.0,86.67,2.88,97.12,1.92,95.19,No,100,0,64.6,23137,24535,Backlog Exists,Average,Good,Met
REC001095,EMP015,Employee 015,Team B,Data Entry,2026-07-28,Night,110,71,39,6,2,95,63,4.96,8.0,91.69,Present,Partial,8.88,59.17,8.45,91.55,2.82,88.73,Yes,100,0,64.55,23137,24535,Backlog Exists,Low,Average,Breached
REC001096,EMP016,Employee 016,Team B,Data Entry,2026-07-28,Night,218,142,76,2,4,95,139,6.33,8.0,98.88,Present,Partial,17.75,100.0,1.41,98.59,2.82,97.89,No,100,0,65.14,23137,24535,Backlog Exists,High,Excellent,Met
REC001097,EMP017,Employee 017,Team B,Data Entry,2026-07-28,Afternoon,145,94,51,8,5,95,82,4.18,8.0,91.06,Present,Partial,11.75,78.33,8.51,91.49,5.32,87.23,Yes,100,0,64.83,23137,24535,Backlog Exists,Average,Average,Breached
REC001098,EMP018,Employee 018,Team B,Data Entry,2026-07-28,Morning,160,104,56,6,2,95,93,4.36,8.0,94.39,Present,Partial,13.0,86.67,5.77,94.23,1.92,89.42,Yes,100,0,65.0,23137,24535,Backlog Exists,Average,Average,Breached
REC001099,EMP019,Employee 019,Team B,Data Entry,2026-07-28,Night,166,108,58,2,2,95,102,5.89,8.0,97.97,Present,Partial,13.5,90.0,1.85,98.15,1.85,94.44,Yes,100,0,65.06,23137,24535,Backlog Exists,High,Good,At Risk
REC001100,EMP020,Employee 020,Team B,Data Entry,2026-07-28,Afternoon,113,75,38,5,2,95,57,8.09,8.0,92.7,Present,Partial,9.38,62.5,6.67,93.33,2.67,76.0,Yes,100,0,66.37,23137,24535,Backlog Exists,Low,Average,Breached
REC001101,EMP021,Employee 021,Team C,Application Processing,2026-07-28,Afternoon,151,99,52,1,2,95,92,6.26,8.0,99.24,Present,Partial,12.38,82.5,1.01,98.99,2.02,92.93,Yes,100,0,65.56,23137,24535,Backlog Exists,Average,Excellent,At Risk
REC001102,EMP022,Employee 022,Team C,Application Processing,2026-07-28,General,133,87,46,3,1,95,82,3.01,8.0,96.92,Present,Partial,10.88,72.5,3.45,96.55,1.15,94.25,Yes,100,0,65.41,23137,24535,Backlog Exists,Low,Good,At Risk
REC001103,EMP023,Employee 023,Team C,Application Processing,2026-07-28,Night,153,100,53,0,1,95,98,2.88,8.0,99.61,Present,Partial,12.5,83.33,0.0,100.0,1.0,98.0,No,100,0,65.36,23137,24535,Backlog Exists,Average,Excellent,Met
REC001104,EMP024,Employee 024,Team C,Application Processing,2026-07-28,Night,111,73,38,3,1,95,65,4.34,8.0,95.49,Present,Partial,9.12,60.83,4.11,95.89,1.37,89.04,Yes,100,0,65.77,23137,24535,Backlog Exists,Low,Good,Breached
REC001105,EMP025,Employee 025,Team C,Application Processing,2026-07-28,Afternoon,117,77,40,3,2,95,64,3.21,8.0,96.64,Present,Partial,9.62,64.17,3.9,96.1,2.6,83.12,Yes,100,0,65.81,23137,24535,Backlog Exists,Low,Good,Breached
REC001106,EMP026,Employee 026,Team C,Application Processing,2026-07-28,Afternoon,198,130,68,2,2,95,123,6.62,8.0,98.63,Present,Partial,16.25,100.0,1.54,98.46,1.54,94.62,Yes,100,0,65.66,23137,24535,Backlog Exists,High,Excellent,At Risk
REC001107,EMP027,Employee 027,Team C,Application Processing,2026-07-28,Afternoon,97,64,33,4,1,95,58,5.92,8.0,94.21,Present,Partial,8.0,53.33,6.25,93.75,1.56,90.62,Yes,100,0,65.98,23137,24535,Backlog Exists,Low,Average,At Risk
REC001108,EMP028,Employee 028,Team C,Application Processing,2026-07-28,Morning,90,59,31,3,2,95,51,5.13,8.0,94.43,Present,Partial,7.38,49.17,5.08,94.92,3.39,86.44,Yes,100,0,65.56,23137,24535,Backlog Exists,Low,Average,Breached
REC001109,EMP029,Employee 029,Team C,Application Processing,2026-07-28,Morning,100,65,35,2,2,95,63,5.62,4.0,97.61,Half Day,Partial,16.25,100.0,3.08,96.92,3.08,96.92,No,50,0,65.0,23137,24535,Backlog Exists,High,Good,Met
REC001110,EMP030,Employee 030,Team C,Application Processing,2026-07-28,General,107,71,36,5,2,95,54,5.35,7.5,92.47,Late,Partial,9.47,63.11,7.04,92.96,2.82,76.06,Yes,100,0,66.36,23137,24535,Backlog Exists,Low,Average,Breached
REC001111,EMP031,Employee 031,Team D,Quality Review,2026-07-28,General,82,63,19,3,1,95,56,3.09,8.0,94.67,Present,Partial,7.88,52.5,4.76,95.24,1.59,88.89,Yes,100,0,76.83,23137,24535,Backlog Exists,Low,Average,Breached
REC001112,EMP032,Employee 032,Team D,Quality Review,2026-07-28,Afternoon,53,41,12,2,1,95,33,6.85,8.0,94.08,Present,Partial,5.12,34.17,4.88,95.12,2.44,80.49,Yes,100,0,77.36,23137,24535,Backlog Exists,Low,Average,Breached
REC001113,EMP033,Employee 033,Team D,Quality Review,2026-07-28,Morning,0,0,0,0,0,95,0,6.87,0.0,96.93,Absent,Pending,0.0,0.0,0.0,100.0,0.0,0.0,Yes,0,100,0.0,23137,24535,Backlog Exists,Low,Good,Breached
REC001114,EMP034,Employee 034,Team D,Quality Review,2026-07-28,Night,117,90,27,8,5,95,78,4.66,8.0,90.96,Present,Partial,11.25,75.0,8.89,91.11,5.56,86.67,Yes,100,0,76.92,23137,24535,Backlog Exists,Average,Average,Breached
REC001115,EMP035,Employee 035,Team D,Quality Review,2026-07-28,Morning,111,85,26,4,1,95,77,3.65,8.0,95.42,Present,Partial,10.62,70.83,4.71,95.29,1.18,90.59,Yes,100,0,76.58,23137,24535,Backlog Exists,Low,Good,At Risk
REC001116,EMP036,Employee 036,Team D,Quality Review,2026-07-28,Night,90,69,21,3,2,95,64,3.43,8.0,95.45,Present,Partial,8.62,57.5,4.35,95.65,2.9,92.75,Yes,100,0,76.67,23137,24535,Backlog Exists,Low,Good,At Risk
REC001117,EMP037,Employee 037,Team D,Quality Review,2026-07-28,Afternoon,168,129,39,2,3,95,121,4.9,8.0,98.46,Present,Partial,16.12,100.0,1.55,98.45,2.33,93.8,Yes,100,0,76.79,23137,24535,Backlog Exists,High,Excellent,At Risk
REC001118,EMP038,Employee 038,Team D,Quality Review,2026-07-28,General,138,106,32,7,2,95,97,5.31,8.0,93.47,Present,Partial,13.25,88.33,6.6,93.4,1.89,91.51,Yes,100,0,76.81,23137,24535,Backlog Exists,Average,Average,At Risk
REC001119,EMP039,Employee 039,Team D,Quality Review,2026-07-28,Morning,136,104,32,6,1,95,94,6.82,8.0,93.76,Present,Partial,13.0,86.67,5.77,94.23,0.96,90.38,Yes,100,0,76.47,23137,24535,Backlog Exists,Average,Average,At Risk
REC001120,EMP040,Employee 040,Team D,Quality Review,2026-07-28,Night,88,66,22,5,1,95,58,4.87,7.5,93.14,Late,Partial,8.8,58.67,7.58,92.42,1.52,87.88,Yes,100,0,75.0,23137,24535,Backlog Exists,Low,Average,Breached
REC001121,EMP001,Employee 001,Team A,Document Verification,2026-07-29,General,116,92,24,6,3,95,84,3.7,8.0,94.01,Present,Partial,11.5,76.67,6.52,93.48,3.26,91.3,Yes,100,0,79.31,24535,25220,Backlog Exists,Average,Average,At Risk
REC001122,EMP002,Employee 002,Team A,Document Verification,2026-07-29,General,117,94,23,6,1,95,91,4.07,8.0,93.99,Present,Partial,11.75,78.33,6.38,93.62,1.06,96.81,No,100,0,80.34,24535,25220,Backlog Exists,Average,Average,Met
REC001123,EMP003,Employee 003,Team A,Document Verification,2026-07-29,General,124,99,25,5,2,95,89,3.86,8.0,94.64,Present,Partial,12.38,82.5,5.05,94.95,2.02,89.9,Yes,100,0,79.84,24535,25220,Backlog Exists,Average,Average,Breached
REC001124,EMP004,Employee 004,Team A,Document Verification,2026-07-29,Night,77,61,16,4,1,95,54,3.07,7.5,93.79,Late,Partial,8.13,54.22,6.56,93.44,1.64,88.52,Yes,100,0,79.22,24535,25220,Backlog Exists,Low,Average,Breached
REC001125,EMP005,Employee 005,Team A,Document Verification,2026-07-29,Night,152,122,30,1,1,95,120,5.78,8.0,99.41,Present,Partial,15.25,100.0,0.82,99.18,0.82,98.36,No,100,0,80.26,24535,25220,Backlog Exists,High,Excellent,Met
REC001126,EMP006,Employee 006,Team A,Document Verification,2026-07-29,Afternoon,87,70,17,4,1,95,63,5.62,8.0,94.55,Present,Partial,8.75,58.33,5.71,94.29,1.43,90.0,Yes,100,0,80.46,24535,25220,Backlog Exists,Low,Average,At Risk
REC001127,EMP007,Employee 007,Team A,Document Verification,2026-07-29,General,74,59,15,7,2,95,44,5.37,8.0,88.06,Present,Partial,7.38,49.17,11.86,88.14,3.39,74.58,Yes,100,0,79.73,24535,25220,Backlog Exists,Low,Needs Improvement,Breached
REC001128,EMP008,Employee 008,Team A,Document Verification,2026-07-29,General,124,99,25,7,2,95,93,6.29,8.0,93.01,Present,Partial,12.38,82.5,7.07,92.93,2.02,93.94,Yes,100,0,79.84,24535,25220,Backlog Exists,Average,Average,At Risk
REC001129,EMP009,Employee 009,Team A,Document Verification,2026-07-29,General,80,64,16,4,1,95,54,4.31,8.0,94.16,Present,Partial,8.0,53.33,6.25,93.75,1.56,84.38,Yes,100,0,80.0,24535,25220,Backlog Exists,Low,Average,Breached
REC001130,EMP010,Employee 010,Team A,Document Verification,2026-07-29,General,118,94,24,2,1,95,90,4.27,8.0,97.46,Present,Partial,11.75,78.33,2.13,97.87,1.06,95.74,No,100,0,79.66,24535,25220,Backlog Exists,Average,Good,Met
REC001131,EMP011,Employee 011,Team B,Data Entry,2026-07-29,General,150,110,40,6,2,95,102,5.21,8.0,94.89,Present,Partial,13.75,91.67,5.45,94.55,1.82,92.73,Yes,100,0,73.33,24535,25220,Backlog Exists,High,Average,At Risk
REC001132,EMP012,Employee 012,Team B,Data Entry,2026-07-29,Afternoon,162,119,43,2,2,95,114,4.17,8.0,98.49,Present,Partial,14.88,99.17,1.68,98.32,1.68,95.8,No,100,0,73.46,24535,25220,Backlog Exists,High,Excellent,Met
REC001133,EMP013,Employee 013,Team B,Data Entry,2026-07-29,Night,90,66,24,2,2,95,61,3.45,8.0,96.84,Present,Partial,8.25,55.0,3.03,96.97,3.03,92.42,Yes,100,0,73.33,24535,25220,Backlog Exists,Low,Good,At Risk
REC001134,EMP014,Employee 014,Team B,Data Entry,2026-07-29,Morning,155,114,41,5,2,95,109,4.58,8.0,95.2,Present,Partial,14.25,95.0,4.39,95.61,1.75,95.61,No,100,0,73.55,24535,25220,Backlog Exists,High,Good,Met
REC001135,EMP015,Employee 015,Team B,Data Entry,2026-07-29,Night,90,66,24,4,1,95,60,4.43,8.0,94.67,Present,Partial,8.25,55.0,6.06,93.94,1.52,90.91,Yes,100,0,73.33,24535,25220,Backlog Exists,Low,Average,At Risk
REC001136,EMP016,Employee 016,Team B,Data Entry,2026-07-29,Night,147,108,39,0,4,95,102,3.23,8.0,99.79,Present,Partial,13.5,90.0,0.0,100.0,3.7,94.44,Yes,100,0,73.47,24535,25220,Backlog Exists,High,Excellent,At Risk
REC001137,EMP017,Employee 017,Team B,Data Entry,2026-07-29,Afternoon,144,106,38,12,4,95,94,5.0,8.0,88.94,Present,Partial,13.25,88.33,11.32,88.68,3.77,88.68,Yes,100,0,73.61,24535,25220,Backlog Exists,Average,Needs Improvement,Breached
REC001138,EMP018,Employee 018,Team B,Data Entry,2026-07-29,Morning,156,114,42,5,1,95,104,6.62,8.0,95.97,Present,Partial,14.25,95.0,4.39,95.61,0.88,91.23,Yes,100,0,73.08,24535,25220,Backlog Exists,High,Good,At Risk
REC001139,EMP019,Employee 019,Team B,Data Entry,2026-07-29,Night,179,132,47,0,5,95,131,4.1,8.0,100.0,Present,Partial,16.5,100.0,0.0,100.0,3.79,99.24,No,100,0,73.74,24535,25220,Backlog Exists,High,Excellent,Met
REC001140,EMP020,Employee 020,Team B,Data Entry,2026-07-29,Afternoon,77,57,20,5,1,95,43,5.62,8.0,90.92,Present,Partial,7.12,47.5,8.77,91.23,1.75,75.44,Yes,100,0,74.03,24535,25220,Backlog Exists,Low,Average,Breached
REC001141,EMP021,Employee 021,Team C,Application Processing,2026-07-29,Afternoon,136,116,20,1,4,95,110,5.38,8.0,99.18,Present,Partial,14.5,96.67,0.86,99.14,3.45,94.83,Yes,100,0,85.29,24535,25220,Backlog Exists,High,Excellent,At Risk
REC001142,EMP022,Employee 022,Team C,Application Processing,2026-07-29,General,101,86,15,3,1,95,76,6.23,8.0,96.29,Present,Partial,10.75,71.67,3.49,96.51,1.16,88.37,Yes,100,0,85.15,24535,25220,Backlog Exists,Low,Good,Breached
REC001143,EMP023,Employee 023,Team C,Application Processing,2026-07-29,Night,161,137,24,2,5,95,132,4.54,8.0,98.53,Present,Partial,17.12,100.0,1.46,98.54,3.65,96.35,No,100,0,85.09,24535,25220,Backlog Exists,High,Excellent,Met
REC001144,EMP024,Employee 024,Team C,Application Processing,2026-07-29,Night,95,81,14,5,1,95,73,3.64,8.0,93.6,Present,Partial,10.12,67.5,6.17,93.83,1.23,90.12,Yes,100,0,85.26,24535,25220,Backlog Exists,Low,Average,At Risk
REC001145,EMP025,Employee 025,Team C,Application Processing,2026-07-29,Afternoon,117,100,17,6,1,95,92,5.47,8.0,94.41,Present,Partial,12.5,83.33,6.0,94.0,1.0,92.0,Yes,100,0,85.47,24535,25220,Backlog Exists,Average,Average,At Risk
REC001146,EMP026,Employee 026,Team C,Application Processing,2026-07-29,Afternoon,172,147,25,1,3,95,140,5.71,8.0,99.28,Present,Partial,18.38,100.0,0.68,99.32,2.04,95.24,No,100,0,85.47,24535,25220,Backlog Exists,High,Excellent,Met
REC001147,EMP027,Employee 027,Team C,Application Processing,2026-07-29,Afternoon,119,101,18,3,3,95,89,4.54,8.0,96.89,Present,Partial,12.62,84.17,2.97,97.03,2.97,88.12,Yes,100,0,84.87,24535,25220,Backlog Exists,Average,Good,Breached
REC001148,EMP028,Employee 028,Team C,Application Processing,2026-07-29,Morning,83,70,13,5,1,95,61,4.76,8.0,93.18,Present,Partial,8.75,58.33,7.14,92.86,1.43,87.14,Yes,100,0,84.34,24535,25220,Backlog Exists,Low,Average,Breached
REC001149,EMP029,Employee 029,Team C,Application Processing,2026-07-29,Morning,174,149,25,3,2,95,145,3.07,8.0,97.76,Present,Partial,18.62,100.0,2.01,97.99,1.34,97.32,No,100,0,85.63,24535,25220,Backlog Exists,High,Good,Met
REC001150,EMP030,Employee 030,Team C,Application Processing,2026-07-29,General,58,50,8,5,1,95,45,7.38,8.0,89.83,Present,Partial,6.25,41.67,10.0,90.0,2.0,90.0,Yes,100,0,86.21,24535,25220,Backlog Exists,Low,Needs Improvement,At Risk
REC001151,EMP031,Employee 031,Team D,Quality Review,2026-07-29,General,95,102,0,3,2,95,92,3.59,8.0,96.82,Present,Completed,12.75,85.0,2.94,97.06,1.96,90.2,Yes,100,0,107.37,24535,25220,Backlog Exists,Average,Good,At Risk
REC001152,EMP032,Employee 032,Team D,Quality Review,2026-07-29,Afternoon,43,46,0,4,1,95,35,5.74,8.0,91.87,Present,Completed,5.75,38.33,8.7,91.3,2.17,76.09,Yes,100,0,106.98,24535,25220,Backlog Exists,Low,Average,Breached
REC001153,EMP033,Employee 033,Team D,Quality Review,2026-07-29,Morning,99,108,0,4,3,95,95,3.15,8.0,96.33,Present,Completed,13.5,90.0,3.7,96.3,2.78,87.96,Yes,100,0,109.09,24535,25220,Backlog Exists,High,Good,Breached
REC001154,EMP034,Employee 034,Team D,Quality Review,2026-07-29,Night,70,76,0,7,3,95,67,3.95,8.0,91.22,Present,Completed,9.5,63.33,9.21,90.79,3.95,88.16,Yes,100,0,108.57,24535,25220,Backlog Exists,Low,Average,Breached
REC001155,EMP035,Employee 035,Team D,Quality Review,2026-07-29,Morning,83,90,0,3,1,95,87,5.81,8.0,96.14,Present,Completed,11.25,75.0,3.33,96.67,1.11,96.67,No,100,0,108.43,24535,25220,Backlog Exists,Average,Good,Met
REC001156,EMP036,Employee 036,Team D,Quality Review,2026-07-29,Night,64,69,0,4,1,95,63,5.14,8.0,93.68,Present,Completed,8.62,57.5,5.8,94.2,1.45,91.3,Yes,100,0,107.81,24535,25220,Backlog Exists,Low,Average,At Risk
REC001157,EMP037,Employee 037,Team D,Quality Review,2026-07-29,Afternoon,138,149,0,1,4,95,136,2.52,8.0,99.53,Present,Completed,18.62,100.0,0.67,99.33,2.68,91.28,Yes,100,0,107.97,24535,25220,Backlog Exists,High,Excellent,At Risk
REC001158,EMP038,Employee 038,Team D,Quality Review,2026-07-29,General,91,98,0,4,1,95,88,6.19,8.0,96.33,Present,Completed,12.25,81.67,4.08,95.92,1.02,89.8,Yes,100,0,107.69,24535,25220,Backlog Exists,Average,Good,Breached
REC001159,EMP039,Employee 039,Team D,Quality Review,2026-07-29,Morning,77,83,0,3,1,95,75,5.24,8.0,96.92,Present,Completed,10.38,69.17,3.61,96.39,1.2,90.36,Yes,100,0,107.79,24535,25220,Backlog Exists,Low,Good,At Risk
REC001160,EMP040,Employee 040,Team D,Quality Review,2026-07-29,Night,56,62,0,7,0,95,47,4.75,8.0,88.06,Present,Completed,7.75,51.67,11.29,88.71,0.0,75.81,Yes,100,0,110.71,24535,25220,Backlog Exists,Low,Needs Improvement,Breached
REC001161,EMP001,Employee 001,Team A,Document Verification,2026-07-30,General,91,63,28,4,2,95,58,3.62,8.0,93.49,Present,Partial,7.88,52.5,6.35,93.65,3.17,92.06,Yes,100,0,69.23,25220,26666,Backlog Exists,Low,Average,At Risk
REC001162,EMP002,Employee 002,Team A,Document Verification,2026-07-30,General,120,83,37,3,3,95,74,6.27,8.0,96.97,Present,Partial,10.38,69.17,3.61,96.39,3.61,89.16,Yes,100,0,69.17,25220,26666,Backlog Exists,Low,Good,Breached
REC001163,EMP003,Employee 003,Team A,Document Verification,2026-07-30,General,147,103,44,2,3,95,99,5.19,8.0,97.67,Present,Partial,12.88,85.83,1.94,98.06,2.91,96.12,No,100,0,70.07,25220,26666,Backlog Exists,Average,Good,Met
REC001164,EMP004,Employee 004,Team A,Document Verification,2026-07-30,Night,142,99,43,5,1,95,87,4.72,8.0,94.78,Present,Partial,12.38,82.5,5.05,94.95,1.01,87.88,Yes,100,0,69.72,25220,26666,Backlog Exists,Average,Average,Breached
REC001165,EMP005,Employee 005,Team A,Document Verification,2026-07-30,Night,129,90,39,2,1,95,87,3.16,8.0,98.2,Present,Partial,11.25,75.0,2.22,97.78,1.11,96.67,No,100,0,69.77,25220,26666,Backlog Exists,Average,Excellent,Met
REC001166,EMP006,Employee 006,Team A,Document Verification,2026-07-30,Afternoon,142,99,43,5,2,95,89,6.77,8.0,94.49,Present,Partial,12.38,82.5,5.05,94.95,2.02,89.9,Yes,100,0,69.72,25220,26666,Backlog Exists,Average,Average,Breached
REC001167,EMP007,Employee 007,Team A,Document Verification,2026-07-30,General,99,69,30,6,1,95,53,4.87,8.0,91.69,Present,Partial,8.62,57.5,8.7,91.3,1.45,76.81,Yes,100,0,69.7,25220,26666,Backlog Exists,Low,Average,Breached
REC001168,EMP008,Employee 008,Team A,Document Verification,2026-07-30,General,142,99,43,5,2,95,94,5.75,8.0,94.82,Present,Partial,12.38,82.5,5.05,94.95,2.02,94.95,Yes,100,0,69.72,25220,26666,Backlog Exists,Average,Average,At Risk
REC001169,EMP009,Employee 009,Team A,Document Verification,2026-07-30,General,79,55,24,6,0,95,45,4.31,8.0,88.78,Present,Partial,6.88,45.83,10.91,89.09,0.0,81.82,Yes,100,0,69.62,25220,26666,Backlog Exists,Low,Needs Improvement,Breached
REC001170,EMP010,Employee 010,Team A,Document Verification,2026-07-30,General,177,124,53,1,1,95,122,2.99,8.0,99.42,Present,Partial,15.5,100.0,0.81,99.19,0.81,98.39,No,100,0,70.06,25220,26666,Backlog Exists,High,Excellent,Met
REC001171,EMP011,Employee 011,Team B,Data Entry,2026-07-30,General,105,71,34,4,1,95,67,6.95,8.0,94.33,Present,Partial,8.88,59.17,5.63,94.37,1.41,94.37,Yes,100,0,67.62,25220,26666,Backlog Exists,Low,Average,At Risk
REC001172,EMP012,Employee 012,Team B,Data Entry,2026-07-30,Afternoon,207,141,66,2,2,95,133,5.54,8.0,98.67,Present,Partial,17.62,100.0,1.42,98.58,1.42,94.33,Yes,100,0,68.12,25220,26666,Backlog Exists,High,Excellent,At Risk
REC001173,EMP013,Employee 013,Team B,Data Entry,2026-07-30,Night,128,87,41,2,0,95,80,3.86,8.0,97.38,Present,Partial,10.88,72.5,2.3,97.7,0.0,91.95,Yes,100,0,67.97,25220,26666,Backlog Exists,Low,Good,At Risk
REC001174,EMP014,Employee 014,Team B,Data Entry,2026-07-30,Morning,146,99,47,5,3,95,88,5.55,8.0,94.7,Present,Partial,12.38,82.5,5.05,94.95,3.03,88.89,Yes,100,0,67.81,25220,26666,Backlog Exists,Average,Average,Breached
REC001175,EMP015,Employee 015,Team B,Data Entry,2026-07-30,Night,62,42,20,3,1,95,37,7.25,8.0,92.58,Present,Partial,5.25,35.0,7.14,92.86,2.38,88.1,Yes,100,0,67.74,25220,26666,Backlog Exists,Low,Average,Breached
REC001176,EMP016,Employee 016,Team B,Data Entry,2026-07-30,Night,140,96,44,2,2,95,93,5.27,8.0,97.56,Present,Partial,12.0,80.0,2.08,97.92,2.08,96.88,No,100,0,68.57,25220,26666,Backlog Exists,Average,Good,Met
REC001177,EMP017,Employee 017,Team B,Data Entry,2026-07-30,Afternoon,155,106,49,10,5,95,93,4.05,8.0,90.17,Present,Partial,13.25,88.33,9.43,90.57,4.72,87.74,Yes,100,0,68.39,25220,26666,Backlog Exists,Average,Average,Breached
REC001178,EMP018,Employee 018,Team B,Data Entry,2026-07-30,Morning,150,102,48,3,3,95,93,5.45,8.0,96.8,Present,Partial,12.75,85.0,2.94,97.06,2.94,91.18,Yes,100,0,68.0,25220,26666,Backlog Exists,Average,Good,At Risk
REC001179,EMP019,Employee 019,Team B,Data Entry,2026-07-30,Night,196,134,62,3,4,95,132,5.35,8.0,98.12,Present,Partial,16.75,100.0,2.24,97.76,2.99,98.51,No,100,0,68.37,25220,26666,Backlog Exists,High,Excellent,Met
REC001180,EMP020,Employee 020,Team B,Data Entry,2026-07-30,Afternoon,114,79,35,7,2,95,65,6.1,8.0,91.21,Present,Partial,9.88,65.83,8.86,91.14,2.53,82.28,Yes,100,0,69.3,25220,26666,Backlog Exists,Low,Average,Breached
REC001181,EMP021,Employee 021,Team C,Application Processing,2026-07-30,Afternoon,185,112,73,2,1,95,107,5.88,8.0,98.6,Present,Partial,14.0,93.33,1.79,98.21,0.89,95.54,No,100,0,60.54,25220,26666,Backlog Exists,High,Excellent,Met
REC001182,EMP022,Employee 022,Team C,Application Processing,2026-07-30,General,107,65,42,4,0,95,58,3.98,8.0,93.63,Present,Partial,8.12,54.17,6.15,93.85,0.0,89.23,Yes,100,0,60.75,25220,26666,Backlog Exists,Low,Average,Breached
REC001183,EMP023,Employee 023,Team C,Application Processing,2026-07-30,Night,168,101,67,1,1,95,98,4.14,8.0,98.68,Present,Partial,12.62,84.17,0.99,99.01,0.99,97.03,No,100,0,60.12,25220,26666,Backlog Exists,Average,Excellent,Met
REC001184,EMP024,Employee 024,Team C,Application Processing,2026-07-30,Night,139,84,55,3,2,95,81,3.55,8.0,96.51,Present,Partial,10.5,70.0,3.57,96.43,2.38,96.43,No,100,0,60.43,25220,26666,Backlog Exists,Low,Good,Met
REC001185,EMP025,Employee 025,Team C,Application Processing,2026-07-30,Afternoon,116,70,46,3,1,95,61,4.96,8.0,95.15,Present,Partial,8.75,58.33,4.29,95.71,1.43,87.14,Yes,100,0,60.34,25220,26666,Backlog Exists,Low,Good,Breached
REC001186,EMP026,Employee 026,Team C,Application Processing,2026-07-30,Afternoon,215,130,85,2,2,95,123,3.99,8.0,98.55,Present,Partial,16.25,100.0,1.54,98.46,1.54,94.62,Yes,100,0,60.47,25220,26666,Backlog Exists,High,Excellent,At Risk
REC001187,EMP027,Employee 027,Team C,Application Processing,2026-07-30,Afternoon,0,0,0,0,0,95,0,6.77,0.0,97.2,Leave,Pending,0.0,0.0,0.0,100.0,0.0,0.0,Yes,0,100,0.0,25220,26666,Backlog Exists,Low,Good,Breached
REC001188,EMP028,Employee 028,Team C,Application Processing,2026-07-30,Morning,125,75,50,5,1,95,63,8.09,8.0,92.98,Present,Partial,9.38,62.5,6.67,93.33,1.33,84.0,Yes,100,0,60.0,25220,26666,Backlog Exists,Low,Average,Breached
REC001189,EMP029,Employee 029,Team C,Application Processing,2026-07-30,Morning,210,127,83,1,4,95,121,5.99,8.0,99.23,Present,Partial,15.88,100.0,0.79,99.21,3.15,95.28,No,100,0,60.48,25220,26666,Backlog Exists,High,Excellent,Met
REC001190,EMP030,Employee 030,Team C,Application Processing,2026-07-30,General,114,71,43,4,1,95,63,5.08,8.0,94.51,Present,Partial,8.88,59.17,5.63,94.37,1.41,88.73,Yes,100,0,62.28,25220,26666,Backlog Exists,Low,Average,Breached
REC001191,EMP031,Employee 031,Team D,Quality Review,2026-07-30,General,114,105,9,3,2,95,93,3.5,8.0,96.86,Present,Partial,13.12,87.5,2.86,97.14,1.9,88.57,Yes,100,0,92.11,25220,26666,Backlog Exists,Average,Good,Breached
REC001192,EMP032,Employee 032,Team D,Quality Review,2026-07-30,Afternoon,66,61,5,7,1,95,52,5.72,8.0,89.32,Present,Partial,7.62,50.83,11.48,88.52,1.64,85.25,Yes,100,0,92.42,25220,26666,Backlog Exists,Low,Needs Improvement,Breached
REC001193,EMP033,Employee 033,Team D,Quality Review,2026-07-30,Morning,123,113,10,6,3,95,107,3.96,8.0,94.33,Present,Partial,14.12,94.17,5.31,94.69,2.65,94.69,Yes,100,0,91.87,25220,26666,Backlog Exists,High,Average,At Risk
REC001194,EMP034,Employee 034,Team D,Quality Review,2026-07-30,Night,107,98,9,12,5,95,89,4.0,8.0,87.34,Present,Partial,12.25,81.67,12.24,87.76,5.1,90.82,Yes,100,0,91.59,25220,26666,Backlog Exists,Average,Needs Improvement,At Risk
REC001195,EMP035,Employee 035,Team D,Quality Review,2026-07-30,Morning,112,103,9,5,2,95,98,6.84,8.0,94.99,Present,Partial,12.88,85.83,4.85,95.15,1.94,95.15,No,100,0,91.96,25220,26666,Backlog Exists,Average,Average,Met
REC001196,EMP036,Employee 036,Team D,Quality Review,2026-07-30,Night,101,93,8,2,2,95,86,5.76,8.0,97.47,Present,Partial,11.62,77.5,2.15,97.85,2.15,92.47,Yes,100,0,92.08,25220,26666,Backlog Exists,Average,Good,At Risk
REC001197,EMP037,Employee 037,Team D,Quality Review,2026-07-30,Afternoon,106,98,8,0,1,95,91,5.42,8.0,99.82,Present,Partial,12.25,81.67,0.0,100.0,1.02,92.86,Yes,100,0,92.45,25220,26666,Backlog Exists,Average,Excellent,At Risk
REC001198,EMP038,Employee 038,Team D,Quality Review,2026-07-30,General,101,93,8,4,3,95,85,6.17,8.0,95.93,Present,Partial,11.62,77.5,4.3,95.7,3.23,91.4,Yes,100,0,92.08,25220,26666,Backlog Exists,Average,Good,At Risk
REC001199,EMP039,Employee 039,Team D,Quality Review,2026-07-30,Morning,78,71,7,4,2,95,65,5.38,8.0,94.8,Present,Partial,8.88,59.17,5.63,94.37,2.82,91.55,Yes,100,0,91.03,25220,26666,Backlog Exists,Low,Average,At Risk
REC001200,EMP040,Employee 040,Team D,Quality Review,2026-07-30,Night,4,5,0,1,0,95,4,5.69,0.0,88.22,Leave,Completed,0.0,0.0,20.0,80.0,0.0,80.0,Yes,0,100,125.0,25220,26666,Backlog Exists,Low,Needs Improvement,Breached
REC001201,EMP001,Employee 001,Team A,Document Verification,2026-07-31,General,110,99,11,3,2,95,92,5.18,8.0,96.85,Present,Partial,12.38,82.5,3.03,96.97,2.02,92.93,Yes,100,0,90.0,26666,27373,Backlog Exists,Average,Good,At Risk
REC001202,EMP002,Employee 002,Team A,Document Verification,2026-07-31,General,103,92,11,4,3,95,81,3.19,8.0,95.95,Present,Partial,11.5,76.67,4.35,95.65,3.26,88.04,Yes,100,0,89.32,26666,27373,Backlog Exists,Average,Good,Breached
REC001203,EMP003,Employee 003,Team A,Document Verification,2026-07-31,General,103,92,11,6,1,95,82,5.69,8.0,93.96,Present,Partial,11.5,76.67,6.52,93.48,1.09,89.13,Yes,100,0,89.32,26666,27373,Backlog Exists,Average,Average,Breached
REC001204,EMP004,Employee 004,Team A,Document Verification,2026-07-31,Night,95,85,10,4,3,95,76,4.24,8.0,95.3,Present,Partial,10.62,70.83,4.71,95.29,3.53,89.41,Yes,100,0,89.47,26666,27373,Backlog Exists,Low,Good,Breached
REC001205,EMP005,Employee 005,Team A,Document Verification,2026-07-31,Night,110,99,11,0,3,95,96,4.68,8.0,99.95,Present,Partial,12.38,82.5,0.0,100.0,3.03,96.97,No,100,0,90.0,26666,27373,Backlog Exists,Average,Excellent,Met
REC001206,EMP006,Employee 006,Team A,Document Verification,2026-07-31,Afternoon,118,106,12,5,1,95,97,3.61,8.0,95.4,Present,Partial,13.25,88.33,4.72,95.28,0.94,91.51,Yes,100,0,89.83,26666,27373,Backlog Exists,Average,Good,At Risk
REC001207,EMP007,Employee 007,Team A,Document Verification,2026-07-31,General,53,47,6,4,1,95,42,4.88,8.0,91.54,Present,Partial,5.88,39.17,8.51,91.49,2.13,89.36,Yes,100,0,88.68,26666,27373,Backlog Exists,Low,Average,Breached
REC001208,EMP008,Employee 008,Team A,Document Verification,2026-07-31,General,84,75,9,3,1,95,67,5.8,8.0,95.56,Present,Partial,9.38,62.5,4.0,96.0,1.33,89.33,Yes,100,0,89.29,26666,27373,Backlog Exists,Low,Good,Breached
REC001209,EMP009,Employee 009,Team A,Document Verification,2026-07-31,General,58,52,6,3,1,95,41,6.52,8.0,94.49,Present,Partial,6.5,43.33,5.77,94.23,1.92,78.85,Yes,100,0,89.66,26666,27373,Backlog Exists,Low,Average,Breached
REC001210,EMP010,Employee 010,Team A,Document Verification,2026-07-31,General,124,110,14,3,3,95,107,3.89,8.0,97.01,Present,Partial,13.75,91.67,2.73,97.27,2.73,97.27,No,100,0,88.71,26666,27373,Backlog Exists,High,Good,Met
REC001211,EMP011,Employee 011,Team B,Data Entry,2026-07-31,General,135,94,41,5,2,95,84,4.07,8.0,94.18,Present,Partial,11.75,78.33,5.32,94.68,2.13,89.36,Yes,100,0,69.63,26666,27373,Backlog Exists,Average,Average,Breached
REC001212,EMP012,Employee 012,Team B,Data Entry,2026-07-31,Afternoon,164,114,50,2,3,95,105,6.22,8.0,98.6,Present,Partial,14.25,95.0,1.75,98.25,2.63,92.11,Yes,100,0,69.51,26666,27373,Backlog Exists,High,Excellent,At Risk
REC001213,EMP013,Employee 013,Team B,Data Entry,2026-07-31,Night,139,96,43,3,3,95,87,6.96,8.0,97.04,Present,Partial,12.0,80.0,3.12,96.88,3.12,90.62,Yes,100,0,69.06,26666,27373,Backlog Exists,Average,Good,At Risk
REC001214,EMP014,Employee 014,Team B,Data Entry,2026-07-31,Morning,130,90,40,5,1,95,85,4.74,8.0,94.31,Present,Partial,11.25,75.0,5.56,94.44,1.11,94.44,Yes,100,0,69.23,26666,27373,Backlog Exists,Average,Average,At Risk
REC001215,EMP015,Employee 015,Team B,Data Entry,2026-07-31,Night,58,40,18,4,0,95,35,7.21,8.0,90.32,Present,Partial,5.0,33.33,10.0,90.0,0.0,87.5,Yes,100,0,68.97,26666,27373,Backlog Exists,Low,Average,Breached
REC001216,EMP016,Employee 016,Team B,Data Entry,2026-07-31,Night,138,96,42,0,1,95,92,5.21,8.0,99.87,Present,Partial,12.0,80.0,0.0,100.0,1.04,95.83,No,100,0,69.57,26666,27373,Backlog Exists,Average,Excellent,Met
REC001217,EMP017,Employee 017,Team B,Data Entry,2026-07-31,Afternoon,102,71,31,7,5,95,62,6.57,8.0,89.89,Present,Partial,8.88,59.17,9.86,90.14,7.04,87.32,Yes,100,0,69.61,26666,27373,Backlog Exists,Low,Needs Improvement,Breached
REC001218,EMP018,Employee 018,Team B,Data Entry,2026-07-31,Morning,116,80,36,4,2,95,76,6.74,8.0,95.57,Present,Partial,10.0,66.67,5.0,95.0,2.5,95.0,No,100,0,68.97,26666,27373,Backlog Exists,Low,Good,Met
REC001219,EMP019,Employee 019,Team B,Data Entry,2026-07-31,Night,134,93,41,0,2,95,91,4.42,8.0,99.52,Present,Partial,11.62,77.5,0.0,100.0,2.15,97.85,No,100,0,69.4,26666,27373,Backlog Exists,Average,Excellent,Met
REC001220,EMP020,Employee 020,Team B,Data Entry,2026-07-31,Afternoon,70,49,21,3,1,95,38,5.95,8.0,93.57,Present,Partial,6.12,40.83,6.12,93.88,2.04,77.55,Yes,100,0,70.0,26666,27373,Backlog Exists,Low,Average,Breached
REC001221,EMP021,Employee 021,Team C,Application Processing,2026-07-31,Afternoon,153,121,32,0,2,95,109,6.1,8.0,99.97,Present,Partial,15.12,100.0,0.0,100.0,1.65,90.08,Yes,100,0,79.08,26666,27373,Backlog Exists,High,Excellent,At Risk
REC001222,EMP022,Employee 022,Team C,Application Processing,2026-07-31,General,81,65,16,2,1,95,59,6.63,8.0,97.52,Present,Partial,8.12,54.17,3.08,96.92,1.54,90.77,Yes,100,0,80.25,26666,27373,Backlog Exists,Low,Good,At Risk
REC001223,EMP023,Employee 023,Team C,Application Processing,2026-07-31,Night,126,100,26,1,1,95,96,5.62,8.0,98.59,Present,Partial,12.5,83.33,1.0,99.0,1.0,96.0,No,100,0,79.37,26666,27373,Backlog Exists,Average,Excellent,Met
REC001224,EMP024,Employee 024,Team C,Application Processing,2026-07-31,Night,87,69,18,3,2,95,62,5.78,8.0,95.95,Present,Partial,8.62,57.5,4.35,95.65,2.9,89.86,Yes,100,0,79.31,26666,27373,Backlog Exists,Low,Good,Breached
REC001225,EMP025,Employee 025,Team C,Application Processing,2026-07-31,Afternoon,133,106,27,3,2,95,94,5.42,8.0,97.42,Present,Partial,13.25,88.33,2.83,97.17,1.89,88.68,Yes,100,0,79.7,26666,27373,Backlog Exists,Average,Good,Breached
REC001226,EMP026,Employee 026,Team C,Application Processing,2026-07-31,Afternoon,136,108,28,0,2,95,101,4.95,8.0,99.64,Present,Partial,13.5,90.0,0.0,100.0,1.85,93.52,Yes,100,0,79.41,26666,27373,Backlog Exists,High,Excellent,At Risk
REC001227,EMP027,Employee 027,Team C,Application Processing,2026-07-31,Afternoon,123,98,25,3,1,95,88,5.34,8.0,97.11,Present,Partial,12.25,81.67,3.06,96.94,1.02,89.8,Yes,100,0,79.67,26666,27373,Backlog Exists,Average,Good,Breached
REC001228,EMP028,Employee 028,Team C,Application Processing,2026-07-31,Morning,98,78,20,8,2,95,61,4.5,8.0,89.26,Present,Partial,9.75,65.0,10.26,89.74,2.56,78.21,Yes,100,0,79.59,26666,27373,Backlog Exists,Low,Needs Improvement,Breached
REC001229,EMP029,Employee 029,Team C,Application Processing,2026-07-31,Morning,175,139,36,1,1,95,132,5.69,8.0,99.13,Present,Partial,17.38,100.0,0.72,99.28,0.72,94.96,Yes,100,0,79.43,26666,27373,Backlog Exists,High,Excellent,At Risk
REC001230,EMP030,Employee 030,Team C,Application Processing,2026-07-31,General,67,54,13,6,1,95,44,6.89,8.0,89.72,Present,Partial,6.75,45.0,11.11,88.89,1.85,81.48,Yes,100,0,80.6,26666,27373,Backlog Exists,Low,Needs Improvement,Breached
REC001231,EMP031,Employee 031,Team D,Quality Review,2026-07-31,General,98,98,0,5,1,95,93,3.04,8.0,94.98,Present,Completed,12.25,81.67,5.1,94.9,1.02,94.9,Yes,100,0,100.0,26666,27373,Backlog Exists,Average,Average,At Risk
REC001232,EMP032,Employee 032,Team D,Quality Review,2026-07-31,Afternoon,74,74,0,7,0,95,54,4.31,8.0,90.18,Present,Completed,9.25,61.67,9.46,90.54,0.0,72.97,Yes,100,0,100.0,26666,27373,Backlog Exists,Low,Average,Breached
REC001233,EMP033,Employee 033,Team D,Quality Review,2026-07-31,Morning,0,0,0,0,0,95,0,3.24,0.0,93.43,Leave,Pending,0.0,0.0,0.0,100.0,0.0,0.0,Yes,0,100,0.0,26666,27373,Backlog Exists,Low,Average,Breached
REC001234,EMP034,Employee 034,Team D,Quality Review,2026-07-31,Night,119,119,0,14,7,95,103,3.03,8.0,87.84,Present,Completed,14.88,99.17,11.76,88.24,5.88,86.55,Yes,100,0,100.0,26666,27373,Backlog Exists,High,Needs Improvement,Breached
REC001235,EMP035,Employee 035,Team D,Quality Review,2026-07-31,Morning,77,77,0,5,2,95,70,6.94,8.0,94.07,Present,Completed,9.62,64.17,6.49,93.51,2.6,90.91,Yes,100,0,100.0,26666,27373,Backlog Exists,Low,Average,At Risk
REC001236,EMP036,Employee 036,Team D,Quality Review,2026-07-31,Night,99,99,0,7,3,95,92,5.23,8.0,93.15,Present,Completed,12.38,82.5,7.07,92.93,3.03,92.93,Yes,100,0,100.0,26666,27373,Backlog Exists,Average,Average,At Risk
REC001237,EMP037,Employee 037,Team D,Quality Review,2026-07-31,Afternoon,139,138,1,4,2,95,133,5.05,8.0,97.18,Present,Partial,17.25,100.0,2.9,97.1,1.45,96.38,No,100,0,99.28,26666,27373,Backlog Exists,High,Good,Met
REC001238,EMP038,Employee 038,Team D,Quality Review,2026-07-31,General,76,76,0,4,2,95,71,3.66,8.0,94.32,Present,Completed,9.5,63.33,5.26,94.74,2.63,93.42,Yes,100,0,100.0,26666,27373,Backlog Exists,Low,Average,At Risk
REC001239,EMP039,Employee 039,Team D,Quality Review,2026-07-31,Morning,90,90,0,6,2,95,82,5.86,8.0,93.74,Present,Completed,11.25,75.0,6.67,93.33,2.22,91.11,Yes,100,0,100.0,26666,27373,Backlog Exists,Average,Average,At Risk
REC001240,EMP040,Employee 040,Team D,Quality Review,2026-07-31,Night,52,51,1,6,1,95,38,6.47,8.0,88.49,Present,Partial,6.38,42.5,11.76,88.24,1.96,74.51,Yes,100,0,98.08,26666,27373,Backlog Exists,Low,Needs Improvement,Breached
REC001241,EMP001,Employee 001,Team A,Document Verification,2026-08-01,General,83,98,0,6,1,95,91,5.58,8.0,93.84,Present,Completed,12.25,81.67,6.12,93.88,1.02,92.86,Yes,100,0,118.07,27373,27433,Backlog Exists,Average,Average,At Risk
REC001242,EMP002,Employee 002,Team A,Document Verification,2026-08-01,General,63,75,0,4,0,95,68,5.76,8.0,94.98,Present,Completed,9.38,62.5,5.33,94.67,0.0,90.67,Yes,100,0,119.05,27373,27433,Backlog Exists,Low,Average,At Risk
REC001243,EMP003,Employee 003,Team A,Document Verification,2026-08-01,General,66,78,0,3,1,95,68,6.01,8.0,96.35,Present,Completed,9.75,65.0,3.85,96.15,1.28,87.18,Yes,100,0,118.18,27373,27433,Backlog Exists,Low,Good,Breached
REC001244,EMP004,Employee 004,Team A,Document Verification,2026-08-01,Night,76,90,0,6,1,95,79,4.73,8.0,93.53,Present,Completed,11.25,75.0,6.67,93.33,1.11,87.78,Yes,100,0,118.42,27373,27433,Backlog Exists,Average,Average,Breached
REC001245,EMP005,Employee 005,Team A,Document Verification,2026-08-01,Night,106,126,0,2,3,95,121,5.57,8.0,98.51,Present,Completed,15.75,100.0,1.59,98.41,2.38,96.03,No,100,0,118.87,27373,27433,Backlog Exists,High,Excellent,Met
REC001246,EMP006,Employee 006,Team A,Document Verification,2026-08-01,Afternoon,70,82,0,2,2,95,74,3.3,8.0,97.16,Present,Completed,10.25,68.33,2.44,97.56,2.44,90.24,Yes,100,0,117.14,27373,27433,Backlog Exists,Low,Good,At Risk
REC001247,EMP007,Employee 007,Team A,Document Verification,2026-08-01,General,47,56,0,5,1,95,42,8.28,8.0,91.25,Present,Completed,7.0,46.67,8.93,91.07,1.79,75.0,Yes,100,0,119.15,27373,27433,Backlog Exists,Low,Average,Breached
REC001248,EMP008,Employee 008,Team A,Document Verification,2026-08-01,General,80,95,0,4,3,95,85,3.1,8.0,95.73,Present,Completed,11.88,79.17,4.21,95.79,3.16,89.47,Yes,100,0,118.75,27373,27433,Backlog Exists,Average,Good,Breached
REC001249,EMP009,Employee 009,Team A,Document Verification,2026-08-01,General,42,49,0,6,1,95,37,7.48,8.0,88.28,Present,Completed,6.12,40.83,12.24,87.76,2.04,75.51,Yes,100,0,116.67,27373,27433,Backlog Exists,Low,Needs Improvement,Breached
REC001250,EMP010,Employee 010,Team A,Document Verification,2026-08-01,General,96,112,0,2,3,95,107,3.51,8.0,97.91,Present,Completed,14.0,93.33,1.79,98.21,2.68,95.54,No,100,0,116.67,27373,27433,Backlog Exists,High,Good,Met
REC001251,EMP011,Employee 011,Team B,Data Entry,2026-08-01,General,91,77,14,5,1,95,70,4.8,8.0,93.22,Present,Partial,9.62,64.17,6.49,93.51,1.3,90.91,Yes,100,0,84.62,27373,27433,Backlog Exists,Low,Average,At Risk
REC001252,EMP012,Employee 012,Team B,Data Entry,2026-08-01,Afternoon,170,144,26,1,1,95,137,3.67,8.0,99.48,Present,Partial,18.0,100.0,0.69,99.31,0.69,95.14,No,100,0,84.71,27373,27433,Backlog Exists,High,Excellent,Met
REC001253,EMP013,Employee 013,Team B,Data Entry,2026-08-01,Night,86,73,13,4,2,95,66,5.03,8.0,94.24,Present,Partial,9.12,60.83,5.48,94.52,2.74,90.41,Yes,100,0,84.88,27373,27433,Backlog Exists,Low,Average,At Risk
REC001254,EMP014,Employee 014,Team B,Data Entry,2026-08-01,Morning,133,113,20,3,4,95,107,5.33,8.0,96.93,Present,Partial,14.12,94.17,2.65,97.35,3.54,94.69,Yes,100,0,84.96,27373,27433,Backlog Exists,High,Good,At Risk
REC001255,EMP015,Employee 015,Team B,Data Entry,2026-08-01,Night,80,68,12,7,2,95,59,3.98,8.0,89.74,Present,Partial,8.5,56.67,10.29,89.71,2.94,86.76,Yes,100,0,85.0,27373,27433,Backlog Exists,Low,Needs Improvement,Breached
REC001256,EMP016,Employee 016,Team B,Data Entry,2026-08-01,Night,117,99,18,0,2,95,95,6.22,8.0,99.53,Present,Partial,12.38,82.5,0.0,100.0,2.02,95.96,No,100,0,84.62,27373,27433,Backlog Exists,Average,Excellent,Met
REC001257,EMP017,Employee 017,Team B,Data Entry,2026-08-01,Afternoon,111,94,17,11,5,95,80,6.81,8.0,87.97,Present,Partial,11.75,78.33,11.7,88.3,5.32,85.11,Yes,100,0,84.68,27373,27433,Backlog Exists,Average,Needs Improvement,Breached
REC001258,EMP018,Employee 018,Team B,Data Entry,2026-08-01,Morning,111,94,17,5,1,95,82,3.61,8.0,95.03,Present,Partial,11.75,78.33,5.32,94.68,1.06,87.23,Yes,100,0,84.68,27373,27433,Backlog Exists,Average,Good,Breached
REC001259,EMP019,Employee 019,Team B,Data Entry,2026-08-01,Night,117,99,18,2,1,95,96,4.31,8.0,98.26,Present,Partial,12.38,82.5,2.02,97.98,1.01,96.97,No,100,0,84.62,27373,27433,Backlog Exists,Average,Excellent,Met
REC001260,EMP020,Employee 020,Team B,Data Entry,2026-08-01,Afternoon,58,54,4,4,1,95,40,6.48,8.0,92.62,Present,Partial,6.75,45.0,7.41,92.59,1.85,74.07,Yes,100,0,93.1,27373,27433,Backlog Exists,Low,Average,Breached
REC001261,EMP021,Employee 021,Team C,Application Processing,2026-08-01,Afternoon,102,97,5,0,2,95,90,4.42,8.0,99.75,Present,Partial,12.12,80.83,0.0,100.0,2.06,92.78,Yes,100,0,95.1,27373,27433,Backlog Exists,Average,Excellent,At Risk
REC001262,EMP022,Employee 022,Team C,Application Processing,2026-08-01,General,112,106,6,2,4,95,101,5.75,8.0,97.97,Present,Partial,13.25,88.33,1.89,98.11,3.77,95.28,No,100,0,94.64,27373,27433,Backlog Exists,Average,Good,Met
REC001263,EMP023,Employee 023,Team C,Application Processing,2026-08-01,Night,127,121,6,3,4,95,116,5.64,8.0,97.88,Present,Partial,15.12,100.0,2.48,97.52,3.31,95.87,No,100,0,95.28,27373,27433,Backlog Exists,High,Good,Met
REC001264,EMP024,Employee 024,Team C,Application Processing,2026-08-01,Night,81,77,4,3,2,95,73,3.77,8.0,96.02,Present,Partial,9.62,64.17,3.9,96.1,2.6,94.81,Yes,100,0,95.06,27373,27433,Backlog Exists,Low,Good,At Risk
REC001265,EMP025,Employee 025,Team C,Application Processing,2026-08-01,Afternoon,78,74,4,3,0,95,66,4.67,8.0,96.34,Present,Partial,9.25,61.67,4.05,95.95,0.0,89.19,Yes,100,0,94.87,27373,27433,Backlog Exists,Low,Good,Breached
REC001266,EMP026,Employee 026,Team C,Application Processing,2026-08-01,Afternoon,142,135,7,1,5,95,125,4.46,8.0,99.5,Present,Partial,16.88,100.0,0.74,99.26,3.7,92.59,Yes,100,0,95.07,27373,27433,Backlog Exists,High,Excellent,At Risk
REC001267,EMP027,Employee 027,Team C,Application Processing,2026-08-01,Afternoon,86,82,4,4,2,95,76,6.61,8.0,95.39,Present,Partial,10.25,68.33,4.88,95.12,2.44,92.68,Yes,100,0,95.35,27373,27433,Backlog Exists,Low,Good,At Risk
REC001268,EMP028,Employee 028,Team C,Application Processing,2026-08-01,Morning,85,81,4,5,3,95,64,5.97,8.0,94.42,Present,Partial,10.12,67.5,6.17,93.83,3.7,79.01,Yes,100,0,95.29,27373,27433,Backlog Exists,Low,Average,Breached
REC001269,EMP029,Employee 029,Team C,Application Processing,2026-08-01,Morning,115,109,6,2,3,95,104,2.86,8.0,98.08,Present,Partial,13.62,90.83,1.83,98.17,2.75,95.41,No,100,0,94.78,27373,27433,Backlog Exists,High,Excellent,Met
REC001270,EMP030,Employee 030,Team C,Application Processing,2026-08-01,General,6,4,2,0,0,95,3,6.25,0.0,92.05,Leave,Partial,0.0,0.0,0.0,100.0,0.0,75.0,Yes,0,100,66.67,27373,27433,Backlog Exists,Low,Average,Breached
REC001271,EMP031,Employee 031,Team D,Quality Review,2026-08-01,General,75,76,0,5,1,95,70,5.69,8.0,94.03,Present,Completed,9.5,63.33,6.58,93.42,1.32,92.11,Yes,100,0,101.33,27373,27433,Backlog Exists,Low,Average,At Risk
REC001272,EMP032,Employee 032,Team D,Quality Review,2026-08-01,Afternoon,53,55,0,3,1,95,47,7.46,8.0,94.38,Present,Completed,6.88,45.83,5.45,94.55,1.82,85.45,Yes,100,0,103.77,27373,27433,Backlog Exists,Low,Average,Breached
REC001273,EMP033,Employee 033,Team D,Quality Review,2026-08-01,Morning,78,80,0,5,1,95,75,4.69,8.0,93.7,Present,Completed,10.0,66.67,6.25,93.75,1.25,93.75,Yes,100,0,102.56,27373,27433,Backlog Exists,Low,Average,At Risk
REC001274,EMP034,Employee 034,Team D,Quality Review,2026-08-01,Night,58,59,0,7,2,95,50,6.17,8.0,88.3,Present,Completed,7.38,49.17,11.86,88.14,3.39,84.75,Yes,100,0,101.72,27373,27433,Backlog Exists,Low,Needs Improvement,Breached
REC001275,EMP035,Employee 035,Team D,Quality Review,2026-08-01,Morning,100,102,0,6,2,95,96,4.04,8.0,93.66,Present,Completed,12.75,85.0,5.88,94.12,1.96,94.12,Yes,100,0,102.0,27373,27433,Backlog Exists,Average,Average,At Risk
REC001276,EMP036,Employee 036,Team D,Quality Review,2026-08-01,Night,61,62,0,4,1,95,57,5.3,8.0,93.81,Present,Completed,7.75,51.67,6.45,93.55,1.61,91.94,Yes,100,0,101.64,27373,27433,Backlog Exists,Low,Average,At Risk
REC001277,EMP037,Employee 037,Team D,Quality Review,2026-08-01,Afternoon,90,92,0,2,2,95,84,3.72,8.0,97.39,Present,Completed,11.5,76.67,2.17,97.83,2.17,91.3,Yes,100,0,102.22,27373,27433,Backlog Exists,Average,Good,At Risk
REC001278,EMP038,Employee 038,Team D,Quality Review,2026-08-01,General,70,72,0,3,2,95,66,5.49,8.0,95.14,Present,Completed,9.0,60.0,4.17,95.83,2.78,91.67,Yes,100,0,102.86,27373,27433,Backlog Exists,Low,Good,At Risk
REC001279,EMP039,Employee 039,Team D,Quality Review,2026-08-01,Morning,68,70,0,4,2,95,64,4.83,8.0,94.98,Present,Completed,8.75,58.33,5.71,94.29,2.86,91.43,Yes,100,0,102.94,27373,27433,Backlog Exists,Low,Average,At Risk
REC001280,EMP040,Employee 040,Team D,Quality Review,2026-08-01,Night,42,42,0,4,1,95,36,5.57,8.0,91.62,Present,Completed,5.25,35.0,9.52,90.48,2.38,85.71,Yes,100,0,100.0,27373,27433,Backlog Exists,Low,Average,Breached
REC001281,EMP001,Employee 001,Team A,Document Verification,2026-08-02,General,0,0,0,0,0,95,0,5.06,0.0,93.93,Leave,Pending,0.0,0.0,0.0,100.0,0.0,0.0,Yes,0,100,0.0,27433,27893,Backlog Exists,Low,Average,Breached
REC001282,EMP002,Employee 002,Team A,Document Verification,2026-08-02,General,82,78,4,4,0,95,71,3.43,8.0,94.28,Present,Partial,9.75,65.0,5.13,94.87,0.0,91.03,Yes,100,0,95.12,27433,27893,Backlog Exists,Low,Average,At Risk
REC001283,EMP003,Employee 003,Team A,Document Verification,2026-08-02,General,93,88,5,2,0,95,80,3.21,8.0,97.53,Present,Partial,11.0,73.33,2.27,97.73,0.0,90.91,Yes,100,0,94.62,27433,27893,Backlog Exists,Low,Good,At Risk
REC001284,EMP004,Employee 004,Team A,Document Verification,2026-08-02,Night,35,33,2,2,0,95,30,3.13,4.0,93.48,Half Day,Partial,8.25,55.0,6.06,93.94,0.0,90.91,Yes,50,0,94.29,27433,27893,Backlog Exists,Low,Average,At Risk
REC001285,EMP005,Employee 005,Team A,Document Verification,2026-08-02,Night,126,120,6,4,1,95,118,5.12,8.0,97.0,Present,Partial,15.0,100.0,3.33,96.67,0.83,98.33,No,100,0,95.24,27433,27893,Backlog Exists,High,Good,Met
REC001286,EMP006,Employee 006,Team A,Document Verification,2026-08-02,Afternoon,101,96,5,4,3,95,87,4.31,8.0,95.44,Present,Partial,12.0,80.0,4.17,95.83,3.12,90.62,Yes,100,0,95.05,27433,27893,Backlog Exists,Average,Good,At Risk
REC001287,EMP007,Employee 007,Team A,Document Verification,2026-08-02,General,70,67,3,7,1,95,59,7.85,8.0,88.95,Present,Partial,8.38,55.83,10.45,89.55,1.49,88.06,Yes,100,0,95.71,27433,27893,Backlog Exists,Low,Needs Improvement,Breached
REC001288,EMP008,Employee 008,Team A,Document Verification,2026-08-02,General,105,100,5,5,2,95,90,4.03,8.0,94.53,Present,Partial,12.5,83.33,5.0,95.0,2.0,90.0,Yes,100,0,95.24,27433,27893,Backlog Exists,Average,Average,At Risk
REC001289,EMP009,Employee 009,Team A,Document Verification,2026-08-02,General,71,68,3,5,0,95,54,6.18,8.0,92.16,Present,Partial,8.5,56.67,7.35,92.65,0.0,79.41,Yes,100,0,95.77,27433,27893,Backlog Exists,Low,Average,Breached
REC001290,EMP010,Employee 010,Team A,Document Verification,2026-08-02,General,126,118,8,3,2,95,117,5.85,8.0,97.25,Present,Partial,14.75,98.33,2.54,97.46,1.69,99.15,No,100,0,93.65,27433,27893,Backlog Exists,High,Good,Met
REC001291,EMP011,Employee 011,Team B,Data Entry,2026-08-02,General,122,98,24,3,3,95,86,5.49,8.0,96.95,Present,Partial,12.25,81.67,3.06,96.94,3.06,87.76,Yes,100,0,80.33,27433,27893,Backlog Exists,Average,Good,Breached
REC001292,EMP012,Employee 012,Team B,Data Entry,2026-08-02,Afternoon,176,142,34,4,1,95,136,5.41,8.0,97.02,Present,Partial,17.75,100.0,2.82,97.18,0.7,95.77,No,100,0,80.68,27433,27893,Backlog Exists,High,Good,Met
REC001293,EMP013,Employee 013,Team B,Data Entry,2026-08-02,Night,140,113,27,3,4,95,104,4.34,8.0,97.75,Present,Partial,14.12,94.17,2.65,97.35,3.54,92.04,Yes,100,0,80.71,27433,27893,Backlog Exists,High,Good,At Risk
REC001294,EMP014,Employee 014,Team B,Data Entry,2026-08-02,Morning,119,97,22,6,2,95,88,5.24,8.0,93.77,Present,Partial,12.12,80.83,6.19,93.81,2.06,90.72,Yes,100,0,81.51,27433,27893,Backlog Exists,Average,Average,At Risk
REC001295,EMP015,Employee 015,Team B,Data Entry,2026-08-02,Night,47,38,9,3,1,95,33,6.41,8.0,92.66,Present,Partial,4.75,31.67,7.89,92.11,2.63,86.84,Yes,100,0,80.85,27433,27893,Backlog Exists,Low,Average,Breached
REC001296,EMP016,Employee 016,Team B,Data Entry,2026-08-02,Night,156,126,30,4,2,95,124,3.34,8.0,97.1,Present,Partial,15.75,100.0,3.17,96.83,1.59,98.41,No,100,0,80.77,27433,27893,Backlog Exists,High,Good,Met
REC001297,EMP017,Employee 017,Team B,Data Entry,2026-08-02,Afternoon,91,74,17,6,3,95,62,5.3,8.0,91.38,Present,Partial,9.25,61.67,8.11,91.89,4.05,83.78,Yes,100,0,81.32,27433,27893,Backlog Exists,Low,Average,Breached
REC001298,EMP018,Employee 018,Team B,Data Entry,2026-08-02,Morning,104,84,20,2,2,95,81,3.87,8.0,97.11,Present,Partial,10.5,70.0,2.38,97.62,2.38,96.43,No,100,0,80.77,27433,27893,Backlog Exists,Low,Good,Met
REC001299,EMP019,Employee 019,Team B,Data Entry,2026-08-02,Night,80,64,16,1,1,95,61,3.3,4.0,99.14,Half Day,Partial,16.0,100.0,1.56,98.44,1.56,95.31,No,50,0,80.0,27433,27893,Backlog Exists,High,Excellent,Met
REC001300,EMP020,Employee 020,Team B,Data Entry,2026-08-02,Afternoon,90,75,15,8,1,95,65,7.29,8.0,89.51,Present,Partial,9.38,62.5,10.67,89.33,1.33,86.67,Yes,100,0,83.33,27433,27893,Backlog Exists,Low,Needs Improvement,Breached
REC001301,EMP021,Employee 021,Team C,Application Processing,2026-08-02,Afternoon,142,104,38,1,3,95,96,5.11,8.0,98.57,Present,Partial,13.0,86.67,0.96,99.04,2.88,92.31,Yes,100,0,73.24,27433,27893,Backlog Exists,Average,Excellent,At Risk
REC001302,EMP022,Employee 022,Team C,Application Processing,2026-08-02,General,133,97,36,3,1,95,90,6.93,8.0,96.88,Present,Partial,12.12,80.83,3.09,96.91,1.03,92.78,Yes,100,0,72.93,27433,27893,Backlog Exists,Average,Good,At Risk
REC001303,EMP023,Employee 023,Team C,Application Processing,2026-08-02,Night,148,108,40,0,4,95,104,5.7,8.0,99.69,Present,Partial,13.5,90.0,0.0,100.0,3.7,96.3,No,100,0,72.97,27433,27893,Backlog Exists,High,Excellent,Met
REC001304,EMP024,Employee 024,Team C,Application Processing,2026-08-02,Night,0,0,0,0,0,95,0,3.8,0.0,93.41,Leave,Pending,0.0,0.0,0.0,100.0,0.0,0.0,Yes,0,100,0.0,27433,27893,Backlog Exists,Low,Average,Breached
REC001305,EMP025,Employee 025,Team C,Application Processing,2026-08-02,Afternoon,0,0,0,0,0,95,0,4.71,0.0,93.4,Leave,Pending,0.0,0.0,0.0,100.0,0.0,0.0,Yes,0,100,0.0,27433,27893,Backlog Exists,Low,Average,Breached
REC001306,EMP026,Employee 026,Team C,Application Processing,2026-08-02,Afternoon,152,111,41,3,4,95,103,6.3,8.0,97.4,Present,Partial,13.88,92.5,2.7,97.3,3.6,92.79,Yes,100,0,73.03,27433,27893,Backlog Exists,High,Good,At Risk
REC001307,EMP027,Employee 027,Team C,Application Processing,2026-08-02,Afternoon,93,68,25,4,2,95,60,5.89,8.0,94.77,Present,Partial,8.5,56.67,5.88,94.12,2.94,88.24,Yes,100,0,73.12,27433,27893,Backlog Exists,Low,Average,Breached
REC001308,EMP028,Employee 028,Team C,Application Processing,2026-08-02,Morning,79,58,21,4,1,95,53,7.42,8.0,93.61,Present,Partial,7.25,48.33,6.9,93.1,1.72,91.38,Yes,100,0,73.42,27433,27893,Backlog Exists,Low,Average,At Risk
REC001309,EMP029,Employee 029,Team C,Application Processing,2026-08-02,Morning,192,141,51,1,1,95,136,5.51,8.0,99.57,Present,Partial,17.62,100.0,0.71,99.29,0.71,96.45,No,100,0,73.44,27433,27893,Backlog Exists,High,Excellent,Met
REC001310,EMP030,Employee 030,Team C,Application Processing,2026-08-02,General,4,3,1,0,0,95,2,6.6,0.0,89.24,Absent,Partial,0.0,0.0,0.0,100.0,0.0,66.67,Yes,0,100,75.0,27433,27893,Backlog Exists,Low,Needs Improvement,Breached
REC001311,EMP031,Employee 031,Team D,Quality Review,2026-08-02,General,98,104,0,4,3,95,93,6.66,8.0,96.43,Present,Completed,13.0,86.67,3.85,96.15,2.88,89.42,Yes,100,0,106.12,27433,27893,Backlog Exists,Average,Good,Breached
REC001312,EMP032,Employee 032,Team D,Quality Review,2026-08-02,Afternoon,52,55,0,4,2,95,41,5.03,8.0,93.26,Present,Completed,6.88,45.83,7.27,92.73,3.64,74.55,Yes,100,0,105.77,27433,27893,Backlog Exists,Low,Average,Breached
REC001313,EMP033,Employee 033,Team D,Quality Review,2026-08-02,Morning,88,94,0,3,2,95,87,4.96,8.0,96.81,Present,Completed,11.75,78.33,3.19,96.81,2.13,92.55,Yes,100,0,106.82,27433,27893,Backlog Exists,Average,Good,At Risk
REC001314,EMP034,Employee 034,Team D,Quality Review,2026-08-02,Night,84,89,0,11,4,95,79,5.42,8.0,87.29,Present,Completed,11.12,74.17,12.36,87.64,4.49,88.76,Yes,100,0,105.95,27433,27893,Backlog Exists,Low,Needs Improvement,Breached
REC001315,EMP035,Employee 035,Team D,Quality Review,2026-08-02,Morning,82,88,0,3,3,95,82,3.05,7.5,96.75,Late,Completed,11.73,78.22,3.41,96.59,3.41,93.18,Yes,100,0,107.32,27433,27893,Backlog Exists,Average,Good,At Risk
REC001316,EMP036,Employee 036,Team D,Quality Review,2026-08-02,Night,83,89,0,6,2,95,80,5.32,8.0,93.17,Present,Completed,11.12,74.17,6.74,93.26,2.25,89.89,Yes,100,0,107.23,27433,27893,Backlog Exists,Low,Average,Breached
REC001317,EMP037,Employee 037,Team D,Quality Review,2026-08-02,Afternoon,116,124,0,3,2,95,114,4.89,8.0,97.61,Present,Completed,15.5,100.0,2.42,97.58,1.61,91.94,Yes,100,0,106.9,27433,27893,Backlog Exists,High,Good,At Risk
REC001318,EMP038,Employee 038,Team D,Quality Review,2026-08-02,General,76,81,0,2,1,95,73,6.08,7.5,97.8,Late,Completed,10.8,72.0,2.47,97.53,1.23,90.12,Yes,100,0,106.58,27433,27893,Backlog Exists,Low,Good,At Risk
REC001319,EMP039,Employee 039,Team D,Quality Review,2026-08-02,Morning,0,0,0,0,0,95,0,3.05,0.0,97.33,Absent,Pending,0.0,0.0,0.0,100.0,0.0,0.0,Yes,0,100,0.0,27433,27893,Backlog Exists,Low,Good,Breached
REC001320,EMP040,Employee 040,Team D,Quality Review,2026-08-02,Night,54,57,0,6,1,95,47,4.33,8.0,90.1,Present,Completed,7.12,47.5,10.53,89.47,1.75,82.46,Yes,100,0,105.56,27433,27893,Backlog Exists,Low,Average,Breached
REC001321,EMP001,Employee 001,Team A,Document Verification,2026-08-03,General,127,105,22,7,2,95,98,5.31,8.0,93.65,Present,Partial,13.12,87.5,6.67,93.33,1.9,93.33,Yes,100,0,82.68,27893,29322,Backlog Exists,Average,Average,At Risk
REC001322,EMP002,Employee 002,Team A,Document Verification,2026-08-03,General,116,96,20,5,3,95,84,4.39,8.0,94.3,Present,Partial,12.0,80.0,5.21,94.79,3.12,87.5,Yes,100,0,82.76,27893,29322,Backlog Exists,Average,Average,Breached
REC001323,EMP003,Employee 003,Team A,Document Verification,2026-08-03,General,105,87,18,3,2,95,79,3.07,8.0,96.59,Present,Partial,10.88,72.5,3.45,96.55,2.3,90.8,Yes,100,0,82.86,27893,29322,Backlog Exists,Low,Good,At Risk
REC001324,EMP004,Employee 004,Team A,Document Verification,2026-08-03,Night,87,72,15,3,0,95,64,5.6,8.0,96.09,Present,Partial,9.0,60.0,4.17,95.83,0.0,88.89,Yes,100,0,82.76,27893,29322,Backlog Exists,Low,Good,Breached
REC001325,EMP005,Employee 005,Team A,Document Verification,2026-08-03,Night,157,130,27,3,2,95,126,6.33,8.0,97.94,Present,Partial,16.25,100.0,2.31,97.69,1.54,96.92,No,100,0,82.8,27893,29322,Backlog Exists,High,Good,Met
REC001326,EMP006,Employee 006,Team A,Document Verification,2026-08-03,Afternoon,83,68,15,3,1,95,59,5.13,8.0,95.08,Present,Partial,8.5,56.67,4.41,95.59,1.47,86.76,Yes,100,0,81.93,27893,29322,Backlog Exists,Low,Good,Breached
REC001327,EMP007,Employee 007,Team A,Document Verification,2026-08-03,General,81,67,14,5,1,95,54,4.83,8.0,92.25,Present,Partial,8.38,55.83,7.46,92.54,1.49,80.6,Yes,100,0,82.72,27893,29322,Backlog Exists,Low,Average,Breached
REC001328,EMP008,Employee 008,Team A,Document Verification,2026-08-03,General,90,74,16,4,1,95,69,5.53,8.0,94.71,Present,Partial,9.25,61.67,5.41,94.59,1.35,93.24,Yes,100,0,82.22,27893,29322,Backlog Exists,Low,Average,At Risk
REC001329,EMP009,Employee 009,Team A,Document Verification,2026-08-03,General,83,68,15,6,1,95,54,4.22,8.0,91.24,Present,Partial,8.5,56.67,8.82,91.18,1.47,79.41,Yes,100,0,81.93,27893,29322,Backlog Exists,Low,Average,Breached
REC001330,EMP010,Employee 010,Team A,Document Verification,2026-08-03,General,163,138,25,3,4,95,136,6.08,8.0,97.76,Present,Partial,17.25,100.0,2.17,97.83,2.9,98.55,No,100,0,84.66,27893,29322,Backlog Exists,High,Good,Met
REC001331,EMP011,Employee 011,Team B,Data Entry,2026-08-03,General,104,46,58,1,1,95,43,4.92,4.0,97.44,Half Day,Partial,11.5,76.67,2.17,97.83,2.17,93.48,Yes,50,0,44.23,27893,29322,Backlog Exists,Average,Good,At Risk
REC001332,EMP012,Employee 012,Team B,Data Entry,2026-08-03,Afternoon,209,93,116,2,2,95,87,4.85,8.0,97.53,Present,Partial,11.62,77.5,2.15,97.85,2.15,93.55,Yes,100,0,44.5,27893,29322,Backlog Exists,Average,Good,At Risk
REC001333,EMP013,Employee 013,Team B,Data Entry,2026-08-03,Night,148,66,82,3,1,95,58,4.82,8.0,94.83,Present,Partial,8.25,55.0,4.55,95.45,1.52,87.88,Yes,100,0,44.59,27893,29322,Backlog Exists,Low,Average,Breached
REC001334,EMP014,Employee 014,Team B,Data Entry,2026-08-03,Morning,210,93,117,3,3,95,85,5.08,8.0,97.05,Present,Partial,11.62,77.5,3.23,96.77,3.23,91.4,Yes,100,0,44.29,27893,29322,Backlog Exists,Average,Good,At Risk
REC001335,EMP015,Employee 015,Team B,Data Entry,2026-08-03,Night,89,40,49,5,1,95,32,6.16,8.0,88.24,Present,Partial,5.0,33.33,12.5,87.5,2.5,80.0,Yes,100,0,44.94,27893,29322,Backlog Exists,Low,Needs Improvement,Breached
REC001336,EMP016,Employee 016,Team B,Data Entry,2026-08-03,Night,245,109,136,2,1,95,104,4.53,8.0,98.39,Present,Partial,13.62,90.83,1.83,98.17,0.92,95.41,No,100,0,44.49,27893,29322,Backlog Exists,High,Excellent,Met
REC001337,EMP017,Employee 017,Team B,Data Entry,2026-08-03,Afternoon,209,93,116,8,5,95,80,5.15,8.0,91.68,Present,Partial,11.62,77.5,8.6,91.4,5.38,86.02,Yes,100,0,44.5,27893,29322,Backlog Exists,Average,Average,Breached
REC001338,EMP018,Employee 018,Team B,Data Entry,2026-08-03,Morning,173,77,96,4,2,95,70,3.59,8.0,94.25,Present,Partial,9.62,64.17,5.19,94.81,2.6,90.91,Yes,100,0,44.51,27893,29322,Backlog Exists,Low,Average,At Risk
REC001339,EMP019,Employee 019,Team B,Data Entry,2026-08-03,Night,0,0,0,0,0,95,0,3.54,0.0,97.29,Leave,Pending,0.0,0.0,0.0,100.0,0.0,0.0,Yes,0,100,0.0,27893,29322,Backlog Exists,Low,Good,Breached
REC001340,EMP020,Employee 020,Team B,Data Entry,2026-08-03,Afternoon,169,77,92,6,2,95,56,7.46,8.0,91.64,Present,Partial,9.62,64.17,7.79,92.21,2.6,72.73,Yes,100,0,45.56,27893,29322,Backlog Exists,Low,Average,Breached
REC001341,EMP021,Employee 021,Team C,Application Processing,2026-08-03,Afternoon,181,127,54,1,3,95,119,4.1,8.0,99.02,Present,Partial,15.88,100.0,0.79,99.21,2.36,93.7,Yes,100,0,70.17,27893,29322,Backlog Exists,High,Excellent,At Risk
REC001342,EMP022,Employee 022,Team C,Application Processing,2026-08-03,General,103,72,31,3,1,95,69,3.34,8.0,96.24,Present,Partial,9.0,60.0,4.17,95.83,1.39,95.83,No,100,0,69.9,27893,29322,Backlog Exists,Low,Good,Met
REC001343,EMP023,Employee 023,Team C,Application Processing,2026-08-03,Night,158,111,47,2,2,95,105,4.15,8.0,98.04,Present,Partial,13.88,92.5,1.8,98.2,1.8,94.59,Yes,100,0,70.25,27893,29322,Backlog Exists,High,Excellent,At Risk
REC001344,EMP024,Employee 024,Team C,Application Processing,2026-08-03,Night,126,88,38,4,1,95,83,5.04,8.0,95.53,Present,Partial,11.0,73.33,4.55,95.45,1.14,94.32,Yes,100,0,69.84,27893,29322,Backlog Exists,Low,Good,At Risk
REC001345,EMP025,Employee 025,Team C,Application Processing,2026-08-03,Afternoon,123,86,37,5,2,95,72,6.73,8.0,93.65,Present,Partial,10.75,71.67,5.81,94.19,2.33,83.72,Yes,100,0,69.92,27893,29322,Backlog Exists,Low,Average,Breached
REC001346,EMP026,Employee 026,Team C,Application Processing,2026-08-03,Afternoon,179,125,54,3,4,95,117,5.37,8.0,97.97,Present,Partial,15.62,100.0,2.4,97.6,3.2,93.6,Yes,100,0,69.83,27893,29322,Backlog Exists,High,Good,At Risk
REC001347,EMP027,Employee 027,Team C,Application Processing,2026-08-03,Afternoon,148,104,44,3,1,95,90,4.22,8.0,97.47,Present,Partial,13.0,86.67,2.88,97.12,0.96,86.54,Yes,100,0,70.27,27893,29322,Backlog Exists,Average,Good,Breached
REC001348,EMP028,Employee 028,Team C,Application Processing,2026-08-03,Morning,91,63,28,5,1,95,57,4.81,7.5,91.6,Late,Partial,8.4,56.0,7.94,92.06,1.59,90.48,Yes,100,0,69.23,27893,29322,Backlog Exists,Low,Average,At Risk
REC001349,EMP029,Employee 029,Team C,Application Processing,2026-08-03,Morning,183,128,55,0,1,95,123,5.81,8.0,99.76,Present,Partial,16.0,100.0,0.0,100.0,0.78,96.09,No,100,0,69.95,27893,29322,Backlog Exists,High,Excellent,Met
REC001350,EMP030,Employee 030,Team C,Application Processing,2026-08-03,General,74,52,22,3,1,95,43,4.25,8.0,93.45,Present,Partial,6.5,43.33,5.77,94.23,1.92,82.69,Yes,100,0,70.27,27893,29322,Backlog Exists,Low,Average,Breached
REC001351,EMP031,Employee 031,Team D,Quality Review,2026-08-03,General,110,113,0,7,3,95,99,3.19,8.0,93.39,Present,Completed,14.12,94.17,6.19,93.81,2.65,87.61,Yes,100,0,102.73,27893,29322,Backlog Exists,High,Average,Breached
REC001352,EMP032,Employee 032,Team D,Quality Review,2026-08-03,Afternoon,86,88,0,11,2,95,69,7.34,8.0,88.03,Present,Completed,11.0,73.33,12.5,87.5,2.27,78.41,Yes,100,0,102.33,27893,29322,Backlog Exists,Low,Needs Improvement,Breached
REC001353,EMP033,Employee 033,Team D,Quality Review,2026-08-03,Morning,111,114,0,6,4,95,104,5.22,8.0,94.95,Present,Completed,14.25,95.0,5.26,94.74,3.51,91.23,Yes,100,0,102.7,27893,29322,Backlog Exists,High,Average,At Risk
REC001354,EMP034,Employee 034,Team D,Quality Review,2026-08-03,Night,48,49,0,6,2,95,43,6.15,4.0,87.03,Half Day,Completed,12.25,81.67,12.24,87.76,4.08,87.76,Yes,50,0,102.08,27893,29322,Backlog Exists,Average,Needs Improvement,Breached
REC001355,EMP035,Employee 035,Team D,Quality Review,2026-08-03,Morning,97,100,0,2,1,95,95,4.2,7.5,97.87,Late,Completed,13.33,88.89,2.0,98.0,1.0,95.0,No,100,0,103.09,27893,29322,Backlog Exists,Average,Good,Met
REC001356,EMP036,Employee 036,Team D,Quality Review,2026-08-03,Night,108,111,0,5,2,95,103,4.42,8.0,95.75,Present,Completed,13.88,92.5,4.5,95.5,1.8,92.79,Yes,100,0,102.78,27893,29322,Backlog Exists,High,Good,At Risk
REC001357,EMP037,Employee 037,Team D,Quality Review,2026-08-03,Afternoon,145,150,0,3,1,95,136,6.48,8.0,98.0,Present,Completed,18.75,100.0,2.0,98.0,0.67,90.67,Yes,100,0,103.45,27893,29322,Backlog Exists,High,Excellent,At Risk
REC001358,EMP038,Employee 038,Team D,Quality Review,2026-08-03,General,97,100,0,6,2,95,94,6.87,8.0,94.43,Present,Completed,12.5,83.33,6.0,94.0,2.0,94.0,Yes,100,0,103.09,27893,29322,Backlog Exists,Average,Average,At Risk
REC001359,EMP039,Employee 039,Team D,Quality Review,2026-08-03,Morning,84,87,0,4,3,95,84,6.49,8.0,95.28,Present,Completed,10.88,72.5,4.6,95.4,3.45,96.55,No,100,0,103.57,27893,29322,Backlog Exists,Low,Good,Met
REC001360,EMP040,Employee 040,Team D,Quality Review,2026-08-03,Night,55,59,0,6,0,95,49,5.83,8.0,89.59,Present,Completed,7.38,49.17,10.17,89.83,0.0,83.05,Yes,100,0,107.27,27893,29322,Backlog Exists,Low,Needs Improvement,Breached
REC001361,EMP001,Employee 001,Team A,Document Verification,2026-08-04,General,99,94,5,6,1,95,89,3.2,8.0,93.27,Present,Partial,11.75,78.33,6.38,93.62,1.06,94.68,Yes,100,0,94.95,29322,30433,Backlog Exists,Average,Average,At Risk
REC001362,EMP002,Employee 002,Team A,Document Verification,2026-08-04,General,108,102,6,3,3,95,93,4.39,8.0,97.28,Present,Partial,12.75,85.0,2.94,97.06,2.94,91.18,Yes,100,0,94.44,29322,30433,Backlog Exists,Average,Good,At Risk
REC001363,EMP003,Employee 003,Team A,Document Verification,2026-08-04,General,116,109,7,8,3,95,97,4.24,8.0,93.1,Present,Partial,13.62,90.83,7.34,92.66,2.75,88.99,Yes,100,0,93.97,29322,30433,Backlog Exists,High,Average,Breached
REC001364,EMP004,Employee 004,Team A,Document Verification,2026-08-04,Night,109,102,7,4,1,95,94,6.24,8.0,95.85,Present,Partial,12.75,85.0,3.92,96.08,0.98,92.16,Yes,100,0,93.58,29322,30433,Backlog Exists,Average,Good,At Risk
REC001365,EMP005,Employee 005,Team A,Document Verification,2026-08-04,Night,143,134,9,2,5,95,132,3.97,8.0,98.41,Present,Partial,16.75,100.0,1.49,98.51,3.73,98.51,No,100,0,93.71,29322,30433,Backlog Exists,High,Excellent,Met
REC001366,EMP006,Employee 006,Team A,Document Verification,2026-08-04,Afternoon,98,92,6,4,2,95,78,5.43,8.0,95.12,Present,Partial,11.5,76.67,4.35,95.65,2.17,84.78,Yes,100,0,93.88,29322,30433,Backlog Exists,Average,Good,Breached
REC001367,EMP007,Employee 007,Team A,Document Verification,2026-08-04,General,61,58,3,5,1,95,47,7.34,8.0,90.8,Present,Partial,7.25,48.33,8.62,91.38,1.72,81.03,Yes,100,0,95.08,29322,30433,Backlog Exists,Low,Average,Breached
REC001368,EMP008,Employee 008,Team A,Document Verification,2026-08-04,General,80,76,4,5,1,95,72,5.25,8.0,93.21,Present,Partial,9.5,63.33,6.58,93.42,1.32,94.74,Yes,100,0,95.0,29322,30433,Backlog Exists,Low,Average,At Risk
REC001369,EMP009,Employee 009,Team A,Document Verification,2026-08-04,General,67,63,4,3,0,95,50,4.83,7.5,94.65,Late,Partial,8.4,56.0,4.76,95.24,0.0,79.37,Yes,100,0,94.03,29322,30433,Backlog Exists,Low,Average,Breached
REC001370,EMP010,Employee 010,Team A,Document Verification,2026-08-04,General,123,115,8,2,1,95,112,4.84,8.0,98.15,Present,Partial,14.38,95.83,1.74,98.26,0.87,97.39,No,100,0,93.5,29322,30433,Backlog Exists,High,Excellent,Met
REC001371,EMP011,Employee 011,Team B,Data Entry,2026-08-04,General,128,78,50,5,0,95,72,4.14,8.0,93.24,Present,Partial,9.75,65.0,6.41,93.59,0.0,92.31,Yes,100,0,60.94,29322,30433,Backlog Exists,Low,Average,At Risk
REC001372,EMP012,Employee 012,Team B,Data Entry,2026-08-04,Afternoon,195,119,76,0,2,95,111,3.15,8.0,99.64,Present,Partial,14.88,99.17,0.0,100.0,1.68,93.28,Yes,100,0,61.03,29322,30433,Backlog Exists,High,Excellent,At Risk
REC001373,EMP013,Employee 013,Team B,Data Entry,2026-08-04,Night,168,103,65,6,2,95,94,3.08,8.0,93.84,Present,Partial,12.88,85.83,5.83,94.17,1.94,91.26,Yes,100,0,61.31,29322,30433,Backlog Exists,Average,Average,At Risk
REC001374,EMP014,Employee 014,Team B,Data Entry,2026-08-04,Morning,194,118,76,8,3,95,111,6.77,8.0,93.08,Present,Partial,14.75,98.33,6.78,93.22,2.54,94.07,Yes,100,0,60.82,29322,30433,Backlog Exists,High,Average,At Risk
REC001375,EMP015,Employee 015,Team B,Data Entry,2026-08-04,Night,131,80,51,9,1,95,60,5.87,8.0,89.25,Present,Partial,10.0,66.67,11.25,88.75,1.25,75.0,Yes,100,0,61.07,29322,30433,Backlog Exists,Low,Needs Improvement,Breached
REC001376,EMP016,Employee 016,Team B,Data Entry,2026-08-04,Night,185,113,72,1,3,95,108,4.28,8.0,99.52,Present,Partial,14.12,94.17,0.88,99.12,2.65,95.58,No,100,0,61.08,29322,30433,Backlog Exists,High,Excellent,Met
REC001377,EMP017,Employee 017,Team B,Data Entry,2026-08-04,Afternoon,179,109,70,12,8,95,98,3.33,8.0,89.14,Present,Partial,13.62,90.83,11.01,88.99,7.34,89.91,Yes,100,0,60.89,29322,30433,Backlog Exists,High,Needs Improvement,Breached
REC001378,EMP018,Employee 018,Team B,Data Entry,2026-08-04,Morning,0,0,0,0,0,95,0,6.26,0.0,96.03,Leave,Pending,0.0,0.0,0.0,100.0,0.0,0.0,Yes,0,100,0.0,29322,30433,Backlog Exists,Low,Good,Breached
REC001379,EMP019,Employee 019,Team B,Data Entry,2026-08-04,Night,173,106,67,1,1,95,100,5.75,8.0,98.6,Present,Partial,13.25,88.33,0.94,99.06,0.94,94.34,Yes,100,0,61.27,29322,30433,Backlog Exists,Average,Excellent,At Risk
REC001380,EMP020,Employee 020,Team B,Data Entry,2026-08-04,Afternoon,140,86,54,6,1,95,68,5.95,8.0,92.98,Present,Partial,10.75,71.67,6.98,93.02,1.16,79.07,Yes,100,0,61.43,29322,30433,Backlog Exists,Low,Average,Breached
REC001381,EMP021,Employee 021,Team C,Application Processing,2026-08-04,Afternoon,136,100,36,2,3,95,97,4.75,8.0,98.34,Present,Partial,12.5,83.33,2.0,98.0,3.0,97.0,No,100,0,73.53,29322,30433,Backlog Exists,Average,Excellent,Met
REC001382,EMP022,Employee 022,Team C,Application Processing,2026-08-04,General,92,67,25,3,1,95,63,4.34,8.0,94.99,Present,Partial,8.38,55.83,4.48,95.52,1.49,94.03,Yes,100,0,72.83,29322,30433,Backlog Exists,Low,Average,At Risk
REC001383,EMP023,Employee 023,Team C,Application Processing,2026-08-04,Night,174,128,46,4,4,95,125,5.75,8.0,97.01,Present,Partial,16.0,100.0,3.12,96.88,3.12,97.66,No,100,0,73.56,29322,30433,Backlog Exists,High,Good,Met
REC001384,EMP024,Employee 024,Team C,Application Processing,2026-08-04,Night,85,62,23,4,0,95,56,4.28,8.0,93.33,Present,Partial,7.75,51.67,6.45,93.55,0.0,90.32,Yes,100,0,72.94,29322,30433,Backlog Exists,Low,Average,At Risk
REC001385,EMP025,Employee 025,Team C,Application Processing,2026-08-04,Afternoon,99,72,27,3,2,95,64,4.53,8.0,96.29,Present,Partial,9.0,60.0,4.17,95.83,2.78,88.89,Yes,100,0,72.73,29322,30433,Backlog Exists,Low,Good,Breached
REC001386,EMP026,Employee 026,Team C,Application Processing,2026-08-04,Afternoon,183,134,49,2,3,95,122,2.94,8.0,98.63,Present,Partial,16.75,100.0,1.49,98.51,2.24,91.04,Yes,100,0,73.22,29322,30433,Backlog Exists,High,Excellent,At Risk
REC001387,EMP027,Employee 027,Team C,Application Processing,2026-08-04,Afternoon,109,80,29,3,0,95,72,3.04,8.0,96.55,Present,Partial,10.0,66.67,3.75,96.25,0.0,90.0,Yes,100,0,73.39,29322,30433,Backlog Exists,Low,Good,At Risk
REC001388,EMP028,Employee 028,Team C,Application Processing,2026-08-04,Morning,103,76,27,8,2,95,63,8.01,8.0,89.33,Present,Partial,9.5,63.33,10.53,89.47,2.63,82.89,Yes,100,0,73.79,29322,30433,Backlog Exists,Low,Needs Improvement,Breached
REC001389,EMP029,Employee 029,Team C,Application Processing,2026-08-04,Morning,169,124,45,2,2,95,119,3.67,7.5,98.63,Late,Partial,16.53,100.0,1.61,98.39,1.61,95.97,No,100,0,73.37,29322,30433,Backlog Exists,High,Excellent,Met
REC001390,EMP030,Employee 030,Team C,Application Processing,2026-08-04,General,66,49,17,4,0,95,38,5.04,8.0,91.22,Present,Partial,6.12,40.83,8.16,91.84,0.0,77.55,Yes,100,0,74.24,29322,30433,Backlog Exists,Low,Average,Breached
REC001391,EMP031,Employee 031,Team D,Quality Review,2026-08-04,General,93,78,15,4,2,95,71,6.85,8.0,94.63,Present,Partial,9.75,65.0,5.13,94.87,2.56,91.03,Yes,100,0,83.87,29322,30433,Backlog Exists,Low,Average,At Risk
REC001392,EMP032,Employee 032,Team D,Quality Review,2026-08-04,Afternoon,66,55,11,7,1,95,44,5.46,8.0,88.17,Present,Partial,6.88,45.83,12.73,87.27,1.82,80.0,Yes,100,0,83.33,29322,30433,Backlog Exists,Low,Needs Improvement,Breached
REC001393,EMP033,Employee 033,Team D,Quality Review,2026-08-04,Morning,79,67,12,3,2,95,61,3.85,8.0,95.97,Present,Partial,8.38,55.83,4.48,95.52,2.99,91.04,Yes,100,0,84.81,29322,30433,Backlog Exists,Low,Good,At Risk
REC001394,EMP034,Employee 034,Team D,Quality Review,2026-08-04,Night,79,66,13,6,2,95,57,3.1,8.0,90.76,Present,Partial,8.25,55.0,9.09,90.91,3.03,86.36,Yes,100,0,83.54,29322,30433,Backlog Exists,Low,Average,Breached
REC001395,EMP035,Employee 035,Team D,Quality Review,2026-08-04,Morning,130,109,21,5,2,95,102,3.22,8.0,94.98,Present,Partial,13.62,90.83,4.59,95.41,1.83,93.58,Yes,100,0,83.85,29322,30433,Backlog Exists,High,Average,At Risk
REC001396,EMP036,Employee 036,Team D,Quality Review,2026-08-04,Night,105,88,17,4,2,95,82,4.62,8.0,95.44,Present,Partial,11.0,73.33,4.55,95.45,2.27,93.18,Yes,100,0,83.81,29322,30433,Backlog Exists,Low,Good,At Risk
REC001397,EMP037,Employee 037,Team D,Quality Review,2026-08-04,Afternoon,116,97,19,2,2,95,92,6.24,8.0,97.91,Present,Partial,12.12,80.83,2.06,97.94,2.06,94.85,Yes,100,0,83.62,29322,30433,Backlog Exists,Average,Good,At Risk
REC001398,EMP038,Employee 038,Team D,Quality Review,2026-08-04,General,87,73,14,2,1,95,66,4.94,8.0,96.82,Present,Partial,9.12,60.83,2.74,97.26,1.37,90.41,Yes,100,0,83.91,29322,30433,Backlog Exists,Low,Good,At Risk
REC001399,EMP039,Employee 039,Team D,Quality Review,2026-08-04,Morning,82,69,13,4,1,95,62,5.75,8.0,94.28,Present,Partial,8.62,57.5,5.8,94.2,1.45,89.86,Yes,100,0,84.15,29322,30433,Backlog Exists,Low,Average,Breached
REC001400,EMP040,Employee 040,Team D,Quality Review,2026-08-04,Night,90,78,12,7,1,95,71,5.43,8.0,91.29,Present,Partial,9.75,65.0,8.97,91.03,1.28,91.03,Yes,100,0,86.67,29322,30433,Backlog Exists,Low,Average,At Risk
REC001401,EMP001,Employee 001,Team A,Document Verification,2026-08-05,General,104,86,18,3,2,95,83,5.39,8.0,96.53,Present,Partial,10.75,71.67,3.49,96.51,2.33,96.51,No,100,0,82.69,30433,31325,Backlog Exists,Low,Good,Met
REC001402,EMP002,Employee 002,Team A,Document Verification,2026-08-05,General,86,71,15,5,1,95,63,6.7,8.0,93.07,Present,Partial,8.88,59.17,7.04,92.96,1.41,88.73,Yes,100,0,82.56,30433,31325,Backlog Exists,Low,Average,Breached
REC001403,EMP003,Employee 003,Team A,Document Verification,2026-08-05,General,91,75,16,5,1,95,67,6.39,8.0,93.52,Present,Partial,9.38,62.5,6.67,93.33,1.33,89.33,Yes,100,0,82.42,30433,31325,Backlog Exists,Low,Average,Breached
REC001404,EMP004,Employee 004,Team A,Document Verification,2026-08-05,Night,117,97,20,5,3,95,85,3.51,8.0,94.54,Present,Partial,12.12,80.83,5.15,94.85,3.09,87.63,Yes,100,0,82.91,30433,31325,Backlog Exists,Average,Average,Breached
REC001405,EMP005,Employee 005,Team A,Document Verification,2026-08-05,Night,136,113,23,3,3,95,112,3.07,8.0,97.67,Present,Partial,14.12,94.17,2.65,97.35,2.65,99.12,No,100,0,83.09,30433,31325,Backlog Exists,High,Good,Met
REC001406,EMP006,Employee 006,Team A,Document Verification,2026-08-05,Afternoon,112,93,19,3,1,95,81,3.2,8.0,96.72,Present,Partial,11.62,77.5,3.23,96.77,1.08,87.1,Yes,100,0,83.04,30433,31325,Backlog Exists,Average,Good,Breached
REC001407,EMP007,Employee 007,Team A,Document Verification,2026-08-05,General,50,41,9,4,0,95,33,7.16,8.0,89.85,Present,Partial,5.12,34.17,9.76,90.24,0.0,80.49,Yes,100,0,82.0,30433,31325,Backlog Exists,Low,Needs Improvement,Breached
REC001408,EMP008,Employee 008,Team A,Document Verification,2026-08-05,General,102,84,18,3,1,95,78,4.27,8.0,96.64,Present,Partial,10.5,70.0,3.57,96.43,1.19,92.86,Yes,100,0,82.35,30433,31325,Backlog Exists,Low,Good,At Risk
REC001409,EMP009,Employee 009,Team A,Document Verification,2026-08-05,General,81,67,14,5,0,95,60,4.82,8.0,93.25,Present,Partial,8.38,55.83,7.46,92.54,0.0,89.55,Yes,100,0,82.72,30433,31325,Backlog Exists,Low,Average,Breached
REC001410,EMP010,Employee 010,Team A,Document Verification,2026-08-05,General,132,108,24,0,2,95,104,6.47,8.0,99.85,Present,Partial,13.5,90.0,0.0,100.0,1.85,96.3,No,100,0,81.82,30433,31325,Backlog Exists,High,Excellent,Met
REC001411,EMP011,Employee 011,Team B,Data Entry,2026-08-05,General,66,41,25,2,0,95,38,4.29,4.0,95.58,Half Day,Partial,10.25,68.33,4.88,95.12,0.0,92.68,Yes,50,0,62.12,30433,31325,Backlog Exists,Low,Good,At Risk
REC001412,EMP012,Employee 012,Team B,Data Entry,2026-08-05,Afternoon,178,112,66,1,2,95,108,3.73,8.0,99.17,Present,Partial,14.0,93.33,0.89,99.11,1.79,96.43,No,100,0,62.92,30433,31325,Backlog Exists,High,Excellent,Met
REC001413,EMP013,Employee 013,Team B,Data Entry,2026-08-05,Night,149,94,55,6,1,95,90,6.91,8.0,93.23,Present,Partial,11.75,78.33,6.38,93.62,1.06,95.74,No,100,0,63.09,30433,31325,Backlog Exists,Average,Average,Met
REC001414,EMP014,Employee 014,Team B,Data Entry,2026-08-05,Morning,115,72,43,2,1,95,65,5.58,8.0,96.7,Present,Partial,9.0,60.0,2.78,97.22,1.39,90.28,Yes,100,0,62.61,30433,31325,Backlog Exists,Low,Good,At Risk
REC001415,EMP015,Employee 015,Team B,Data Entry,2026-08-05,Night,119,75,44,8,2,95,59,7.99,8.0,88.82,Present,Partial,9.38,62.5,10.67,89.33,2.67,78.67,Yes,100,0,63.03,30433,31325,Backlog Exists,Low,Needs Improvement,Breached
REC001416,EMP016,Employee 016,Team B,Data Entry,2026-08-05,Night,209,131,78,1,1,95,130,3.61,8.0,99.31,Present,Partial,16.38,100.0,0.76,99.24,0.76,99.24,No,100,0,62.68,30433,31325,Backlog Exists,High,Excellent,Met
REC001417,EMP017,Employee 017,Team B,Data Entry,2026-08-05,Afternoon,142,89,53,7,4,95,76,4.44,8.0,92.54,Present,Partial,11.12,74.17,7.87,92.13,4.49,85.39,Yes,100,0,62.68,30433,31325,Backlog Exists,Low,Average,Breached
REC001418,EMP018,Employee 018,Team B,Data Entry,2026-08-05,Morning,117,74,43,3,2,95,66,6.59,8.0,96.35,Present,Partial,9.25,61.67,4.05,95.95,2.7,89.19,Yes,100,0,63.25,30433,31325,Backlog Exists,Low,Good,Breached
REC001419,EMP019,Employee 019,Team B,Data Entry,2026-08-05,Night,197,124,73,1,3,95,120,4.02,8.0,99.59,Present,Partial,15.5,100.0,0.81,99.19,2.42,96.77,No,100,0,62.94,30433,31325,Backlog Exists,High,Excellent,Met
REC001420,EMP020,Employee 020,Team B,Data Entry,2026-08-05,Afternoon,86,53,33,4,0,95,44,4.27,8.0,92.7,Present,Partial,6.62,44.17,7.55,92.45,0.0,83.02,Yes,100,0,61.63,30433,31325,Backlog Exists,Low,Average,Breached
REC001421,EMP021,Employee 021,Team C,Application Processing,2026-08-05,Afternoon,157,121,36,2,1,95,109,3.57,8.0,98.03,Present,Partial,15.12,100.0,1.65,98.35,0.83,90.08,Yes,100,0,77.07,30433,31325,Backlog Exists,High,Excellent,At Risk
REC001422,EMP022,Employee 022,Team C,Application Processing,2026-08-05,General,112,87,25,2,2,95,82,3.18,7.5,97.81,Late,Partial,11.6,77.33,2.3,97.7,2.3,94.25,Yes,100,0,77.68,30433,31325,Backlog Exists,Average,Good,At Risk
REC001423,EMP023,Employee 023,Team C,Application Processing,2026-08-05,Night,117,90,27,1,1,95,88,2.79,8.0,98.7,Present,Partial,11.25,75.0,1.11,98.89,1.11,97.78,No,100,0,76.92,30433,31325,Backlog Exists,Average,Excellent,Met
REC001424,EMP024,Employee 024,Team C,Application Processing,2026-08-05,Night,112,86,26,3,2,95,79,3.39,8.0,97.0,Present,Partial,10.75,71.67,3.49,96.51,2.33,91.86,Yes,100,0,76.79,30433,31325,Backlog Exists,Low,Good,At Risk
REC001425,EMP025,Employee 025,Team C,Application Processing,2026-08-05,Afternoon,105,81,24,5,2,95,72,5.85,8.0,93.66,Present,Partial,10.12,67.5,6.17,93.83,2.47,88.89,Yes,100,0,77.14,30433,31325,Backlog Exists,Low,Average,Breached
REC001426,EMP026,Employee 026,Team C,Application Processing,2026-08-05,Afternoon,140,108,32,2,3,95,99,3.91,8.0,98.48,Present,Partial,13.5,90.0,1.85,98.15,2.78,91.67,Yes,100,0,77.14,30433,31325,Backlog Exists,High,Excellent,At Risk
REC001427,EMP027,Employee 027,Team C,Application Processing,2026-08-05,Afternoon,114,89,25,3,2,95,79,4.84,7.5,96.82,Late,Partial,11.87,79.11,3.37,96.63,2.25,88.76,Yes,100,0,78.07,30433,31325,Backlog Exists,Average,Good,Breached
REC001428,EMP028,Employee 028,Team C,Application Processing,2026-08-05,Morning,92,71,21,8,2,95,58,6.96,8.0,88.81,Present,Partial,8.88,59.17,11.27,88.73,2.82,81.69,Yes,100,0,77.17,30433,31325,Backlog Exists,Low,Needs Improvement,Breached
REC001429,EMP029,Employee 029,Team C,Application Processing,2026-08-05,Morning,135,105,30,3,3,95,104,4.4,8.0,97.62,Present,Partial,13.12,87.5,2.86,97.14,2.86,99.05,No,100,0,77.78,30433,31325,Backlog Exists,Average,Good,Met
REC001430,EMP030,Employee 030,Team C,Application Processing,2026-08-05,General,99,78,21,4,3,95,68,6.71,8.0,95.0,Present,Partial,9.75,65.0,5.13,94.87,3.85,87.18,Yes,100,0,78.79,30433,31325,Backlog Exists,Low,Good,Breached
REC001431,EMP031,Employee 031,Team D,Quality Review,2026-08-05,General,114,122,0,6,2,95,109,5.59,8.0,95.47,Present,Completed,15.25,100.0,4.92,95.08,1.64,89.34,Yes,100,0,107.02,30433,31325,Backlog Exists,High,Good,Breached
REC001432,EMP032,Employee 032,Team D,Quality Review,2026-08-05,Afternoon,59,63,0,3,0,95,47,7.02,8.0,94.51,Present,Completed,7.88,52.5,4.76,95.24,0.0,74.6,Yes,100,0,106.78,30433,31325,Backlog Exists,Low,Average,Breached
REC001433,EMP033,Employee 033,Team D,Quality Review,2026-08-05,Morning,87,93,0,5,2,95,86,3.24,8.0,94.27,Present,Completed,11.62,77.5,5.38,94.62,2.15,92.47,Yes,100,0,106.9,30433,31325,Backlog Exists,Average,Average,At Risk
REC001434,EMP034,Employee 034,Team D,Quality Review,2026-08-05,Night,99,105,0,13,6,95,97,4.92,8.0,87.48,Present,Completed,13.12,87.5,12.38,87.62,5.71,92.38,Yes,100,0,106.06,30433,31325,Backlog Exists,Average,Needs Improvement,At Risk
REC001435,EMP035,Employee 035,Team D,Quality Review,2026-08-05,Morning,104,111,0,5,1,95,106,6.22,8.0,95.07,Present,Completed,13.88,92.5,4.5,95.5,0.9,95.5,No,100,0,106.73,30433,31325,Backlog Exists,High,Good,Met
REC001436,EMP036,Employee 036,Team D,Quality Review,2026-08-05,Night,97,104,0,6,1,95,91,4.19,8.0,94.15,Present,Completed,13.0,86.67,5.77,94.23,0.96,87.5,Yes,100,0,107.22,30433,31325,Backlog Exists,Average,Average,Breached
REC001437,EMP037,Employee 037,Team D,Quality Review,2026-08-05,Afternoon,126,134,0,2,3,95,130,4.82,8.0,98.75,Present,Completed,16.75,100.0,1.49,98.51,2.24,97.01,No,100,0,106.35,30433,31325,Backlog Exists,High,Excellent,Met
REC001438,EMP038,Employee 038,Team D,Quality Review,2026-08-05,General,91,97,0,4,0,95,87,4.3,8.0,95.4,Present,Completed,12.12,80.83,4.12,95.88,0.0,89.69,Yes,100,0,106.59,30433,31325,Backlog Exists,Average,Good,Breached
REC001439,EMP039,Employee 039,Team D,Quality Review,2026-08-05,Morning,118,126,0,3,4,95,121,6.3,8.0,97.83,Present,Completed,15.75,100.0,2.38,97.62,3.17,96.03,No,100,0,106.78,30433,31325,Backlog Exists,High,Good,Met
REC001440,EMP040,Employee 040,Team D,Quality Review,2026-08-05,Night,65,69,0,7,2,95,63,5.16,8.0,90.46,Present,Completed,8.62,57.5,10.14,89.86,2.9,91.3,Yes,100,0,106.15,30433,31325,Backlog Exists,Low,Average,At Risk
REC001441,EMP001,Employee 001,Team A,Document Verification,2026-08-06,General,93,64,29,2,1,95,60,5.24,8.0,96.52,Present,Partial,8.0,53.33,3.12,96.88,1.56,93.75,Yes,100,0,68.82,31325,32659,Backlog Exists,Low,Good,At Risk
REC001442,EMP002,Employee 002,Team A,Document Verification,2026-08-06,General,145,99,46,5,2,95,93,6.62,7.5,94.5,Late,Partial,13.2,88.0,5.05,94.95,2.02,93.94,Yes,100,0,68.28,31325,32659,Backlog Exists,Average,Average,At Risk
REC001443,EMP003,Employee 003,Team A,Document Verification,2026-08-06,General,119,82,37,5,2,95,74,6.21,8.0,93.65,Present,Partial,10.25,68.33,6.1,93.9,2.44,90.24,Yes,100,0,68.91,31325,32659,Backlog Exists,Low,Average,At Risk
REC001444,EMP004,Employee 004,Team A,Document Verification,2026-08-06,Night,127,87,40,6,2,95,77,5.39,8.0,93.35,Present,Partial,10.88,72.5,6.9,93.1,2.3,88.51,Yes,100,0,68.5,31325,32659,Backlog Exists,Low,Average,Breached
REC001445,EMP005,Employee 005,Team A,Document Verification,2026-08-06,Night,193,133,60,1,4,95,131,4.52,8.0,99.51,Present,Partial,16.62,100.0,0.75,99.25,3.01,98.5,No,100,0,68.91,31325,32659,Backlog Exists,High,Excellent,Met
REC001446,EMP006,Employee 006,Team A,Document Verification,2026-08-06,Afternoon,103,71,32,3,2,95,63,3.89,8.0,95.94,Present,Partial,8.88,59.17,4.23,95.77,2.82,88.73,Yes,100,0,68.93,31325,32659,Backlog Exists,Low,Good,Breached
REC001447,EMP007,Employee 007,Team A,Document Verification,2026-08-06,General,0,0,0,0,0,95,0,7.2,0.0,91.81,Leave,Pending,0.0,0.0,0.0,100.0,0.0,0.0,Yes,0,100,0.0,31325,32659,Backlog Exists,Low,Average,Breached
REC001448,EMP008,Employee 008,Team A,Document Verification,2026-08-06,General,101,69,32,5,1,95,66,4.58,8.0,93.46,Present,Partial,8.62,57.5,7.25,92.75,1.45,95.65,No,100,0,68.32,31325,32659,Backlog Exists,Low,Average,Met
REC001449,EMP009,Employee 009,Team A,Document Verification,2026-08-06,General,80,55,25,5,1,95,46,5.17,8.0,91.26,Present,Partial,6.88,45.83,9.09,90.91,1.82,83.64,Yes,100,0,68.75,31325,32659,Backlog Exists,Low,Average,Breached
REC001450,EMP010,Employee 010,Team A,Document Verification,2026-08-06,General,204,141,63,4,5,95,134,5.43,8.0,97.09,Present,Partial,17.62,100.0,2.84,97.16,3.55,95.04,No,100,0,69.12,31325,32659,Backlog Exists,High,Good,Met
REC001451,EMP011,Employee 011,Team B,Data Entry,2026-08-06,General,201,108,93,4,2,95,103,3.53,8.0,96.75,Present,Partial,13.5,90.0,3.7,96.3,1.85,95.37,No,100,0,53.73,31325,32659,Backlog Exists,High,Good,Met
REC001452,EMP012,Employee 012,Team B,Data Entry,2026-08-06,Afternoon,194,104,90,1,2,95,98,4.25,8.0,98.79,Present,Partial,13.0,86.67,0.96,99.04,1.92,94.23,Yes,100,0,53.61,31325,32659,Backlog Exists,Average,Excellent,At Risk
REC001453,EMP013,Employee 013,Team B,Data Entry,2026-08-06,Night,154,82,72,5,1,95,77,3.19,8.0,94.26,Present,Partial,10.25,68.33,6.1,93.9,1.22,93.9,Yes,100,0,53.25,31325,32659,Backlog Exists,Low,Average,At Risk
REC001454,EMP014,Employee 014,Team B,Data Entry,2026-08-06,Morning,163,87,76,3,1,95,77,4.2,8.0,96.26,Present,Partial,10.88,72.5,3.45,96.55,1.15,88.51,Yes,100,0,53.37,31325,32659,Backlog Exists,Low,Good,Breached
REC001455,EMP015,Employee 015,Team B,Data Entry,2026-08-06,Night,93,49,44,5,1,95,39,8.33,8.0,89.57,Present,Partial,6.12,40.83,10.2,89.8,2.04,79.59,Yes,100,0,52.69,31325,32659,Backlog Exists,Low,Needs Improvement,Breached
REC001456,EMP016,Employee 016,Team B,Data Entry,2026-08-06,Night,187,100,87,2,3,95,95,4.69,8.0,98.33,Present,Partial,12.5,83.33,2.0,98.0,3.0,95.0,No,100,0,53.48,31325,32659,Backlog Exists,Average,Excellent,Met
REC001457,EMP017,Employee 017,Team B,Data Entry,2026-08-06,Afternoon,147,79,68,8,3,95,69,4.88,8.0,89.9,Present,Partial,9.88,65.83,10.13,89.87,3.8,87.34,Yes,100,0,53.74,31325,32659,Backlog Exists,Low,Needs Improvement,Breached
REC001458,EMP018,Employee 018,Team B,Data Entry,2026-08-06,Morning,216,115,101,4,1,95,109,5.75,8.0,96.85,Present,Partial,14.38,95.83,3.48,96.52,0.87,94.78,Yes,100,0,53.24,31325,32659,Backlog Exists,High,Good,At Risk
REC001459,EMP019,Employee 019,Team B,Data Entry,2026-08-06,Night,222,119,103,1,3,95,115,3.43,8.0,99.22,Present,Partial,14.88,99.17,0.84,99.16,2.52,96.64,No,100,0,53.6,31325,32659,Backlog Exists,High,Excellent,Met
REC001460,EMP020,Employee 020,Team B,Data Entry,2026-08-06,Afternoon,141,77,64,4,2,95,56,7.54,8.0,94.71,Present,Partial,9.62,64.17,5.19,94.81,2.6,72.73,Yes,100,0,54.61,31325,32659,Backlog Exists,Low,Average,Breached
REC001461,EMP021,Employee 021,Team C,Application Processing,2026-08-06,Afternoon,169,147,22,2,3,95,139,6.22,8.0,98.53,Present,Partial,18.38,100.0,1.36,98.64,2.04,94.56,Yes,100,0,86.98,31325,32659,Backlog Exists,High,Excellent,At Risk
REC001462,EMP022,Employee 022,Team C,Application Processing,2026-08-06,General,99,86,13,4,2,95,77,5.64,8.0,94.91,Present,Partial,10.75,71.67,4.65,95.35,2.33,89.53,Yes,100,0,86.87,31325,32659,Backlog Exists,Low,Average,Breached
REC001463,EMP023,Employee 023,Team C,Application Processing,2026-08-06,Night,112,97,15,2,3,95,92,3.18,8.0,98.09,Present,Partial,12.12,80.83,2.06,97.94,3.09,94.85,Yes,100,0,86.61,31325,32659,Backlog Exists,Average,Excellent,At Risk
REC001464,EMP024,Employee 024,Team C,Application Processing,2026-08-06,Night,99,86,13,6,2,95,76,3.64,8.0,93.42,Present,Partial,10.75,71.67,6.98,93.02,2.33,88.37,Yes,100,0,86.87,31325,32659,Backlog Exists,Low,Average,Breached
REC001465,EMP025,Employee 025,Team C,Application Processing,2026-08-06,Afternoon,94,81,13,6,2,95,75,5.96,7.5,93.07,Late,Partial,10.8,72.0,7.41,92.59,2.47,92.59,Yes,100,0,86.17,31325,32659,Backlog Exists,Low,Average,At Risk
REC001466,EMP026,Employee 026,Team C,Application Processing,2026-08-06,Afternoon,161,140,21,2,2,95,133,5.81,8.0,98.3,Present,Partial,17.5,100.0,1.43,98.57,1.43,95.0,No,100,0,86.96,31325,32659,Backlog Exists,High,Excellent,Met
REC001467,EMP027,Employee 027,Team C,Application Processing,2026-08-06,Afternoon,129,112,17,2,1,95,99,3.05,8.0,97.8,Present,Partial,14.0,93.33,1.79,98.21,0.89,88.39,Yes,100,0,86.82,31325,32659,Backlog Exists,High,Good,Breached
REC001468,EMP028,Employee 028,Team C,Application Processing,2026-08-06,Morning,52,45,7,4,0,95,38,4.47,7.5,91.49,Late,Partial,6.0,40.0,8.89,91.11,0.0,84.44,Yes,100,0,86.54,31325,32659,Backlog Exists,Low,Average,Breached
REC001469,EMP029,Employee 029,Team C,Application Processing,2026-08-06,Morning,151,131,20,1,2,95,128,3.51,8.0,98.88,Present,Partial,16.38,100.0,0.76,99.24,1.53,97.71,No,100,0,86.75,31325,32659,Backlog Exists,High,Excellent,Met
REC001470,EMP030,Employee 030,Team C,Application Processing,2026-08-06,General,84,75,9,6,2,95,60,4.89,8.0,91.93,Present,Partial,9.38,62.5,8.0,92.0,2.67,80.0,Yes,100,0,89.29,31325,32659,Backlog Exists,Low,Average,Breached
REC001471,EMP031,Employee 031,Team D,Quality Review,2026-08-06,General,76,74,2,4,1,95,65,6.65,8.0,95.19,Present,Partial,9.25,61.67,5.41,94.59,1.35,87.84,Yes,100,0,97.37,31325,32659,Backlog Exists,Low,Good,Breached
REC001472,EMP032,Employee 032,Team D,Quality Review,2026-08-06,Afternoon,65,63,2,3,0,95,45,7.13,8.0,94.99,Present,Partial,7.88,52.5,4.76,95.24,0.0,71.43,Yes,100,0,96.92,31325,32659,Backlog Exists,Low,Average,Breached
REC001473,EMP033,Employee 033,Team D,Quality Review,2026-08-06,Morning,83,81,2,5,0,95,74,6.73,8.0,93.28,Present,Partial,10.12,67.5,6.17,93.83,0.0,91.36,Yes,100,0,97.59,31325,32659,Backlog Exists,Low,Average,At Risk
REC001474,EMP034,Employee 034,Team D,Quality Review,2026-08-06,Night,107,104,3,11,4,95,96,4.19,8.0,89.15,Present,Partial,13.0,86.67,10.58,89.42,3.85,92.31,Yes,100,0,97.2,31325,32659,Backlog Exists,Average,Needs Improvement,At Risk
REC001475,EMP035,Employee 035,Team D,Quality Review,2026-08-06,Morning,109,107,2,3,1,95,100,4.58,8.0,97.21,Present,Partial,13.38,89.17,2.8,97.2,0.93,93.46,Yes,100,0,98.17,31325,32659,Backlog Exists,Average,Good,At Risk
REC001476,EMP036,Employee 036,Team D,Quality Review,2026-08-06,Night,89,87,2,5,2,95,83,5.23,8.0,94.49,Present,Partial,10.88,72.5,5.75,94.25,2.3,95.4,No,100,0,97.75,31325,32659,Backlog Exists,Low,Average,Met
REC001477,EMP037,Employee 037,Team D,Quality Review,2026-08-06,Afternoon,136,133,3,4,3,95,124,5.48,8.0,97.09,Present,Partial,16.62,100.0,3.01,96.99,2.26,93.23,Yes,100,0,97.79,31325,32659,Backlog Exists,High,Good,At Risk
REC001478,EMP038,Employee 038,Team D,Quality Review,2026-08-06,General,81,79,2,4,2,95,71,5.67,8.0,95.51,Present,Partial,9.88,65.83,5.06,94.94,2.53,89.87,Yes,100,0,97.53,31325,32659,Backlog Exists,Low,Good,Breached
REC001479,EMP039,Employee 039,Team D,Quality Review,2026-08-06,Morning,101,98,3,6,1,95,94,4.39,8.0,94.14,Present,Partial,12.25,81.67,6.12,93.88,1.02,95.92,No,100,0,97.03,31325,32659,Backlog Exists,Average,Average,Met
REC001480,EMP040,Employee 040,Team D,Quality Review,2026-08-06,Night,78,77,1,7,2,95,70,8.01,8.0,90.43,Present,Partial,9.62,64.17,9.09,90.91,2.6,90.91,Yes,100,0,98.72,31325,32659,Backlog Exists,Low,Average,At Risk
REC001481,EMP001,Employee 001,Team A,Document Verification,2026-08-07,General,0,0,0,0,0,95,0,3.21,0.0,97.46,Absent,Pending,0.0,0.0,0.0,100.0,0.0,0.0,Yes,0,100,0.0,32659,33735,Backlog Exists,Low,Good,Breached
REC001482,EMP002,Employee 002,Team A,Document Verification,2026-08-07,General,124,106,18,4,1,95,99,3.9,8.0,96.08,Present,Partial,13.25,88.33,3.77,96.23,0.94,93.4,Yes,100,0,85.48,32659,33735,Backlog Exists,Average,Good,At Risk
REC001483,EMP003,Employee 003,Team A,Document Verification,2026-08-07,General,78,67,11,2,1,95,60,6.41,8.0,97.52,Present,Partial,8.38,55.83,2.99,97.01,1.49,89.55,Yes,100,0,85.9,32659,33735,Backlog Exists,Low,Good,Breached
REC001484,EMP004,Employee 004,Team A,Document Verification,2026-08-07,Night,99,85,14,5,1,95,81,4.24,8.0,94.27,Present,Partial,10.62,70.83,5.88,94.12,1.18,95.29,No,100,0,85.86,32659,33735,Backlog Exists,Low,Average,Met
REC001485,EMP005,Employee 005,Team A,Document Verification,2026-08-07,Night,136,116,20,2,2,95,110,2.67,8.0,98.23,Present,Partial,14.5,96.67,1.72,98.28,1.72,94.83,Yes,100,0,85.29,32659,33735,Backlog Exists,High,Excellent,At Risk
REC001486,EMP006,Employee 006,Team A,Document Verification,2026-08-07,Afternoon,113,96,17,4,1,95,82,6.95,8.0,96.23,Present,Partial,12.0,80.0,4.17,95.83,1.04,85.42,Yes,100,0,84.96,32659,33735,Backlog Exists,Average,Good,Breached
REC001487,EMP007,Employee 007,Team A,Document Verification,2026-08-07,General,73,62,11,5,2,95,54,4.75,8.0,91.31,Present,Partial,7.75,51.67,8.06,91.94,3.23,87.1,Yes,100,0,84.93,32659,33735,Backlog Exists,Low,Average,Breached
REC001488,EMP008,Employee 008,Team A,Document Verification,2026-08-07,General,120,102,18,6,3,95,96,5.66,8.0,93.71,Present,Partial,12.75,85.0,5.88,94.12,2.94,94.12,Yes,100,0,85.0,32659,33735,Backlog Exists,Average,Average,At Risk
REC001489,EMP009,Employee 009,Team A,Document Verification,2026-08-07,General,59,50,9,6,1,95,44,6.96,8.0,88.91,Present,Partial,6.25,41.67,12.0,88.0,2.0,88.0,Yes,100,0,84.75,32659,33735,Backlog Exists,Low,Needs Improvement,Breached
REC001490,EMP010,Employee 010,Team A,Document Verification,2026-08-07,General,143,124,19,1,1,95,122,5.28,8.0,99.05,Present,Partial,15.5,100.0,0.81,99.19,0.81,98.39,No,100,0,86.71,32659,33735,Backlog Exists,High,Excellent,Met
REC001491,EMP011,Employee 011,Team B,Data Entry,2026-08-07,General,192,99,93,7,1,95,94,6.87,8.0,93.09,Present,Partial,12.38,82.5,7.07,92.93,1.01,94.95,Yes,100,0,51.56,32659,33735,Backlog Exists,Average,Average,At Risk
REC001492,EMP012,Employee 012,Team B,Data Entry,2026-08-07,Afternoon,239,123,116,3,1,95,116,3.27,8.0,97.96,Present,Partial,15.38,100.0,2.44,97.56,0.81,94.31,Yes,100,0,51.46,32659,33735,Backlog Exists,High,Good,At Risk
REC001493,EMP013,Employee 013,Team B,Data Entry,2026-08-07,Night,0,0,0,0,0,95,0,4.02,0.0,97.69,Leave,Pending,0.0,0.0,0.0,100.0,0.0,0.0,Yes,0,100,0.0,32659,33735,Backlog Exists,Low,Good,Breached
REC001494,EMP014,Employee 014,Team B,Data Entry,2026-08-07,Morning,136,70,66,4,1,95,65,3.26,8.0,93.7,Present,Partial,8.75,58.33,5.71,94.29,1.43,92.86,Yes,100,0,51.47,32659,33735,Backlog Exists,Low,Average,At Risk
REC001495,EMP015,Employee 015,Team B,Data Entry,2026-08-07,Night,137,71,66,6,0,95,56,5.15,8.0,91.04,Present,Partial,8.88,59.17,8.45,91.55,0.0,78.87,Yes,100,0,51.82,32659,33735,Backlog Exists,Low,Average,Breached
REC001496,EMP016,Employee 016,Team B,Data Entry,2026-08-07,Night,233,120,113,1,4,95,116,3.9,8.0,99.12,Present,Partial,15.0,100.0,0.83,99.17,3.33,96.67,No,100,0,51.5,32659,33735,Backlog Exists,High,Excellent,Met
REC001497,EMP017,Employee 017,Team B,Data Entry,2026-08-07,Afternoon,128,66,62,9,3,95,57,4.43,8.0,86.92,Present,Partial,8.25,55.0,13.64,86.36,4.55,86.36,Yes,100,0,51.56,32659,33735,Backlog Exists,Low,Needs Improvement,Breached
REC001498,EMP018,Employee 018,Team B,Data Entry,2026-08-07,Morning,199,103,96,4,1,95,99,4.78,8.0,96.07,Present,Partial,12.88,85.83,3.88,96.12,0.97,96.12,No,100,0,51.76,32659,33735,Backlog Exists,Average,Good,Met
REC001499,EMP019,Employee 019,Team B,Data Entry,2026-08-07,Night,189,98,91,1,1,95,96,3.7,8.0,98.9,Present,Partial,12.25,81.67,1.02,98.98,1.02,97.96,No,100,0,51.85,32659,33735,Backlog Exists,Average,Excellent,Met
REC001500,EMP020,Employee 020,Team B,Data Entry,2026-08-07,Afternoon,126,67,59,4,2,95,52,4.56,8.0,94.18,Present,Partial,8.38,55.83,5.97,94.03,2.99,77.61,Yes,100,0,53.17,32659,33735,Backlog Exists,Low,Average,Breached
REC001501,EMP021,Employee 021,Team C,Application Processing,2026-08-07,Afternoon,179,145,34,4,5,95,135,4.37,8.0,97.39,Present,Partial,18.12,100.0,2.76,97.24,3.45,93.1,Yes,100,0,81.01,32659,33735,Backlog Exists,High,Good,At Risk
REC001502,EMP022,Employee 022,Team C,Application Processing,2026-08-07,General,101,82,19,2,1,95,73,4.2,8.0,97.5,Present,Partial,10.25,68.33,2.44,97.56,1.22,89.02,Yes,100,0,81.19,32659,33735,Backlog Exists,Low,Good,Breached
REC001503,EMP023,Employee 023,Team C,Application Processing,2026-08-07,Night,125,102,23,0,2,95,99,5.45,8.0,99.88,Present,Partial,12.75,85.0,0.0,100.0,1.96,97.06,No,100,0,81.6,32659,33735,Backlog Exists,Average,Excellent,Met
REC001504,EMP024,Employee 024,Team C,Application Processing,2026-08-07,Night,84,68,16,2,1,95,64,4.07,8.0,96.79,Present,Partial,8.5,56.67,2.94,97.06,1.47,94.12,Yes,100,0,80.95,32659,33735,Backlog Exists,Low,Good,At Risk
REC001505,EMP025,Employee 025,Team C,Application Processing,2026-08-07,Afternoon,119,97,22,5,2,95,85,4.46,8.0,94.39,Present,Partial,12.12,80.83,5.15,94.85,2.06,87.63,Yes,100,0,81.51,32659,33735,Backlog Exists,Average,Average,Breached
REC001506,EMP026,Employee 026,Team C,Application Processing,2026-08-07,Afternoon,140,114,26,3,2,95,108,4.9,8.0,97.69,Present,Partial,14.25,95.0,2.63,97.37,1.75,94.74,Yes,100,0,81.43,32659,33735,Backlog Exists,High,Good,At Risk
REC001507,EMP027,Employee 027,Team C,Application Processing,2026-08-07,Afternoon,98,80,18,4,1,95,73,4.05,8.0,94.96,Present,Partial,10.0,66.67,5.0,95.0,1.25,91.25,Yes,100,0,81.63,32659,33735,Backlog Exists,Low,Average,At Risk
REC001508,EMP028,Employee 028,Team C,Application Processing,2026-08-07,Morning,88,71,17,5,2,95,58,6.97,8.0,92.52,Present,Partial,8.88,59.17,7.04,92.96,2.82,81.69,Yes,100,0,80.68,32659,33735,Backlog Exists,Low,Average,Breached
REC001509,EMP029,Employee 029,Team C,Application Processing,2026-08-07,Morning,166,135,31,1,3,95,129,4.03,8.0,99.47,Present,Partial,16.88,100.0,0.74,99.26,2.22,95.56,No,100,0,81.33,32659,33735,Backlog Exists,High,Excellent,Met
REC001510,EMP030,Employee 030,Team C,Application Processing,2026-08-07,General,79,64,15,4,1,95,49,5.43,8.0,93.48,Present,Partial,8.0,53.33,6.25,93.75,1.56,76.56,Yes,100,0,81.01,32659,33735,Backlog Exists,Low,Average,Breached
REC001511,EMP031,Employee 031,Team D,Quality Review,2026-08-07,General,98,103,0,4,1,95,99,4.45,8.0,96.11,Present,Completed,12.88,85.83,3.88,96.12,0.97,96.12,No,100,0,105.1,32659,33735,Backlog Exists,Average,Good,Met
REC001512,EMP032,Employee 032,Team D,Quality Review,2026-08-07,Afternoon,46,48,0,4,0,95,36,7.64,8.0,90.78,Present,Completed,6.0,40.0,8.33,91.67,0.0,75.0,Yes,100,0,104.35,32659,33735,Backlog Exists,Low,Average,Breached
REC001513,EMP033,Employee 033,Team D,Quality Review,2026-08-07,Morning,104,109,0,5,3,95,100,6.22,8.0,95.02,Present,Completed,13.62,90.83,4.59,95.41,2.75,91.74,Yes,100,0,104.81,32659,33735,Backlog Exists,High,Good,At Risk
REC001514,EMP034,Employee 034,Team D,Quality Review,2026-08-07,Night,98,103,0,9,4,95,92,3.8,8.0,91.46,Present,Completed,12.88,85.83,8.74,91.26,3.88,89.32,Yes,100,0,105.1,32659,33735,Backlog Exists,Average,Average,Breached
REC001515,EMP035,Employee 035,Team D,Quality Review,2026-08-07,Morning,77,82,0,5,1,95,77,4.4,8.0,93.48,Present,Completed,10.25,68.33,6.1,93.9,1.22,93.9,Yes,100,0,106.49,32659,33735,Backlog Exists,Low,Average,At Risk
REC001516,EMP036,Employee 036,Team D,Quality Review,2026-08-07,Night,59,63,0,4,1,95,59,5.19,8.0,94.12,Present,Completed,7.88,52.5,6.35,93.65,1.59,93.65,Yes,100,0,106.78,32659,33735,Backlog Exists,Low,Average,At Risk
REC001517,EMP037,Employee 037,Team D,Quality Review,2026-08-07,Afternoon,132,139,0,1,2,95,131,2.91,8.0,99.23,Present,Completed,17.38,100.0,0.72,99.28,1.44,94.24,Yes,100,0,105.3,32659,33735,Backlog Exists,High,Excellent,At Risk
REC001518,EMP038,Employee 038,Team D,Quality Review,2026-08-07,General,81,86,0,5,2,95,76,3.49,8.0,94.51,Present,Completed,10.75,71.67,5.81,94.19,2.33,88.37,Yes,100,0,106.17,32659,33735,Backlog Exists,Low,Average,Breached
REC001519,EMP039,Employee 039,Team D,Quality Review,2026-08-07,Morning,75,79,0,2,2,95,74,6.37,8.0,97.33,Present,Completed,9.88,65.83,2.53,97.47,2.53,93.67,Yes,100,0,105.33,32659,33735,Backlog Exists,Low,Good,At Risk
REC001520,EMP040,Employee 040,Team D,Quality Review,2026-08-07,Night,52,54,0,5,1,95,45,4.73,7.5,91.25,Late,Completed,7.2,48.0,9.26,90.74,1.85,83.33,Yes,100,0,103.85,32659,33735,Backlog Exists,Low,Average,Breached
REC001521,EMP001,Employee 001,Team A,Document Verification,2026-08-08,General,84,78,6,4,2,95,72,3.98,8.0,94.78,Present,Partial,9.75,65.0,5.13,94.87,2.56,92.31,Yes,100,0,92.86,33735,33922,Backlog Exists,Low,Average,At Risk
REC001522,EMP002,Employee 002,Team A,Document Verification,2026-08-08,General,73,68,5,4,2,95,63,5.11,8.0,94.68,Present,Partial,8.5,56.67,5.88,94.12,2.94,92.65,Yes,100,0,93.15,33735,33922,Backlog Exists,Low,Average,At Risk
REC001523,EMP003,Employee 003,Team A,Document Verification,2026-08-08,General,69,64,5,1,1,95,59,6.25,8.0,97.81,Present,Partial,8.0,53.33,1.56,98.44,1.56,92.19,Yes,100,0,92.75,33735,33922,Backlog Exists,Low,Good,At Risk
REC001524,EMP004,Employee 004,Team A,Document Verification,2026-08-08,Night,80,74,6,2,1,95,66,5.8,8.0,96.79,Present,Partial,9.25,61.67,2.7,97.3,1.35,89.19,Yes,100,0,92.5,33735,33922,Backlog Exists,Low,Good,Breached
REC001525,EMP005,Employee 005,Team A,Document Verification,2026-08-08,Night,140,130,10,3,4,95,124,4.05,8.0,97.77,Present,Partial,16.25,100.0,2.31,97.69,3.08,95.38,No,100,0,92.86,33735,33922,Backlog Exists,High,Good,Met
REC001526,EMP006,Employee 006,Team A,Document Verification,2026-08-08,Afternoon,104,96,8,3,3,95,85,3.51,8.0,96.52,Present,Partial,12.0,80.0,3.12,96.88,3.12,88.54,Yes,100,0,92.31,33735,33922,Backlog Exists,Average,Good,Breached
REC001527,EMP007,Employee 007,Team A,Document Verification,2026-08-08,General,43,40,3,5,1,95,35,7.62,8.0,88.61,Present,Partial,5.0,33.33,12.5,87.5,2.5,87.5,Yes,100,0,93.02,33735,33922,Backlog Exists,Low,Needs Improvement,Breached
REC001528,EMP008,Employee 008,Team A,Document Verification,2026-08-08,General,0,0,0,0,0,95,0,4.23,0.0,94.81,Absent,Pending,0.0,0.0,0.0,100.0,0.0,0.0,Yes,0,100,0.0,33735,33922,Backlog Exists,Low,Average,Breached
REC001529,EMP009,Employee 009,Team A,Document Verification,2026-08-08,General,62,57,5,5,1,95,45,6.85,7.5,90.79,Late,Partial,7.6,50.67,8.77,91.23,1.75,78.95,Yes,100,0,91.94,33735,33922,Backlog Exists,Low,Average,Breached
REC001530,EMP010,Employee 010,Team A,Document Verification,2026-08-08,General,130,121,9,1,3,95,118,4.52,8.0,99.37,Present,Partial,15.12,100.0,0.83,99.17,2.48,97.52,No,100,0,93.08,33735,33922,Backlog Exists,High,Excellent,Met
REC001531,EMP011,Employee 011,Team B,Data Entry,2026-08-08,General,112,91,21,4,1,95,81,4.82,8.0,95.15,Present,Partial,11.38,75.83,4.4,95.6,1.1,89.01,Yes,100,0,81.25,33735,33922,Backlog Exists,Average,Good,Breached
REC001532,EMP012,Employee 012,Team B,Data Entry,2026-08-08,Afternoon,121,99,22,1,2,95,92,6.37,8.0,99.44,Present,Partial,12.38,82.5,1.01,98.99,2.02,92.93,Yes,100,0,81.82,33735,33922,Backlog Exists,Average,Excellent,At Risk
REC001533,EMP013,Employee 013,Team B,Data Entry,2026-08-08,Night,107,87,20,6,1,95,82,6.8,8.0,93.22,Present,Partial,10.88,72.5,6.9,93.1,1.15,94.25,Yes,100,0,81.31,33735,33922,Backlog Exists,Low,Average,At Risk
REC001534,EMP014,Employee 014,Team B,Data Entry,2026-08-08,Morning,123,101,22,7,1,95,96,5.99,8.0,93.39,Present,Partial,12.62,84.17,6.93,93.07,0.99,95.05,No,100,0,82.11,33735,33922,Backlog Exists,Average,Average,Met
REC001535,EMP015,Employee 015,Team B,Data Entry,2026-08-08,Night,53,43,10,2,0,95,35,4.31,8.0,94.95,Present,Partial,5.38,35.83,4.65,95.35,0.0,81.4,Yes,100,0,81.13,33735,33922,Backlog Exists,Low,Average,Breached
REC001536,EMP016,Employee 016,Team B,Data Entry,2026-08-08,Night,164,134,30,2,2,95,127,6.27,8.0,98.74,Present,Partial,16.75,100.0,1.49,98.51,1.49,94.78,Yes,100,0,81.71,33735,33922,Backlog Exists,High,Excellent,At Risk
REC001537,EMP017,Employee 017,Team B,Data Entry,2026-08-08,Afternoon,100,82,18,7,4,95,74,5.94,8.0,91.9,Present,Partial,10.25,68.33,8.54,91.46,4.88,90.24,Yes,100,0,82.0,33735,33922,Backlog Exists,Low,Average,At Risk
REC001538,EMP018,Employee 018,Team B,Data Entry,2026-08-08,Morning,119,97,22,6,1,95,92,6.54,8.0,93.87,Present,Partial,12.12,80.83,6.19,93.81,1.03,94.85,Yes,100,0,81.51,33735,33922,Backlog Exists,Average,Average,At Risk
REC001539,EMP019,Employee 019,Team B,Data Entry,2026-08-08,Night,131,107,24,3,1,95,102,3.13,8.0,97.13,Present,Partial,13.38,89.17,2.8,97.2,0.93,95.33,No,100,0,81.68,33735,33922,Backlog Exists,Average,Good,Met
REC001540,EMP020,Employee 020,Team B,Data Entry,2026-08-08,Afternoon,86,71,15,6,1,95,62,6.48,7.5,91.86,Late,Partial,9.47,63.11,8.45,91.55,1.41,87.32,Yes,100,0,82.56,33735,33922,Backlog Exists,Low,Average,Breached
REC001541,EMP021,Employee 021,Team C,Application Processing,2026-08-08,Afternoon,94,86,8,1,3,95,82,5.98,8.0,99.1,Present,Partial,10.75,71.67,1.16,98.84,3.49,95.35,No,100,0,91.49,33735,33922,Backlog Exists,Low,Excellent,Met
REC001542,EMP022,Employee 022,Team C,Application Processing,2026-08-08,General,70,63,7,1,1,95,59,5.37,8.0,97.65,Present,Partial,7.88,52.5,1.59,98.41,1.59,93.65,Yes,100,0,90.0,33735,33922,Backlog Exists,Low,Good,At Risk
REC001543,EMP023,Employee 023,Team C,Application Processing,2026-08-08,Night,109,100,9,2,3,95,95,3.09,8.0,97.93,Present,Partial,12.5,83.33,2.0,98.0,3.0,95.0,No,100,0,91.74,33735,33922,Backlog Exists,Average,Good,Met
REC001544,EMP024,Employee 024,Team C,Application Processing,2026-08-08,Night,69,63,6,4,2,95,59,3.15,8.0,93.3,Present,Partial,7.88,52.5,6.35,93.65,3.17,93.65,Yes,100,0,91.3,33735,33922,Backlog Exists,Low,Average,At Risk
REC001545,EMP025,Employee 025,Team C,Application Processing,2026-08-08,Afternoon,84,77,7,4,2,95,68,6.47,8.0,95.15,Present,Partial,9.62,64.17,5.19,94.81,2.6,88.31,Yes,100,0,91.67,33735,33922,Backlog Exists,Low,Good,Breached
REC001546,EMP026,Employee 026,Team C,Application Processing,2026-08-08,Afternoon,99,90,9,2,1,95,86,2.77,8.0,98.0,Present,Partial,11.25,75.0,2.22,97.78,1.11,95.56,No,100,0,90.91,33735,33922,Backlog Exists,Average,Excellent,Met
REC001547,EMP027,Employee 027,Team C,Application Processing,2026-08-08,Afternoon,96,87,9,2,2,95,76,5.83,8.0,97.34,Present,Partial,10.88,72.5,2.3,97.7,2.3,87.36,Yes,100,0,90.62,33735,33922,Backlog Exists,Low,Good,Breached
REC001548,EMP028,Employee 028,Team C,Application Processing,2026-08-08,Morning,40,37,3,2,1,95,30,7.66,8.0,94.25,Present,Partial,4.62,30.83,5.41,94.59,2.7,81.08,Yes,100,0,92.5,33735,33922,Backlog Exists,Low,Average,Breached
REC001549,EMP029,Employee 029,Team C,Application Processing,2026-08-08,Morning,133,121,12,3,1,95,120,3.56,8.0,97.45,Present,Partial,15.12,100.0,2.48,97.52,0.83,99.17,No,100,0,90.98,33735,33922,Backlog Exists,High,Good,Met
REC001550,EMP030,Employee 030,Team C,Application Processing,2026-08-08,General,48,43,5,5,0,95,33,5.7,8.0,89.12,Present,Partial,5.38,35.83,11.63,88.37,0.0,76.74,Yes,100,0,89.58,33735,33922,Backlog Exists,Low,Needs Improvement,Breached
REC001551,EMP031,Employee 031,Team D,Quality Review,2026-08-08,General,56,68,0,1,1,95,64,4.74,8.0,97.83,Present,Completed,8.5,56.67,1.47,98.53,1.47,94.12,Yes,100,0,121.43,33735,33922,Backlog Exists,Low,Good,At Risk
REC001552,EMP032,Employee 032,Team D,Quality Review,2026-08-08,Afternoon,57,69,0,6,2,95,52,7.16,8.0,91.91,Present,Completed,8.62,57.5,8.7,91.3,2.9,75.36,Yes,100,0,121.05,33735,33922,Backlog Exists,Low,Average,Breached
REC001553,EMP033,Employee 033,Team D,Quality Review,2026-08-08,Morning,62,76,0,5,1,95,70,6.64,8.0,93.46,Present,Completed,9.5,63.33,6.58,93.42,1.32,92.11,Yes,100,0,122.58,33735,33922,Backlog Exists,Low,Average,At Risk
REC001554,EMP034,Employee 034,Team D,Quality Review,2026-08-08,Night,75,91,0,11,3,95,79,3.8,8.0,87.52,Present,Completed,11.38,75.83,12.09,87.91,3.3,86.81,Yes,100,0,121.33,33735,33922,Backlog Exists,Average,Needs Improvement,Breached
REC001555,EMP035,Employee 035,Team D,Quality Review,2026-08-08,Morning,72,88,0,3,2,95,85,6.36,8.0,96.93,Present,Completed,11.0,73.33,3.41,96.59,2.27,96.59,No,100,0,122.22,33735,33922,Backlog Exists,Low,Good,Met
REC001556,EMP036,Employee 036,Team D,Quality Review,2026-08-08,Night,77,93,0,3,3,95,87,6.37,8.0,96.7,Present,Completed,11.62,77.5,3.23,96.77,3.23,93.55,Yes,100,0,120.78,33735,33922,Backlog Exists,Average,Good,At Risk
REC001557,EMP037,Employee 037,Team D,Quality Review,2026-08-08,Afternoon,90,109,0,2,1,95,103,4.3,8.0,97.78,Present,Completed,13.62,90.83,1.83,98.17,0.92,94.5,Yes,100,0,121.11,33735,33922,Backlog Exists,High,Good,At Risk
REC001558,EMP038,Employee 038,Team D,Quality Review,2026-08-08,General,78,95,0,5,2,95,83,6.88,8.0,94.81,Present,Completed,11.88,79.17,5.26,94.74,2.11,87.37,Yes,100,0,121.79,33735,33922,Backlog Exists,Average,Average,Breached
REC001559,EMP039,Employee 039,Team D,Quality Review,2026-08-08,Morning,77,93,0,2,3,95,84,5.13,8.0,97.62,Present,Completed,11.62,77.5,2.15,97.85,3.23,90.32,Yes,100,0,120.78,33735,33922,Backlog Exists,Average,Good,At Risk
REC001560,EMP040,Employee 040,Team D,Quality Review,2026-08-08,Night,58,69,0,4,2,95,61,5.69,8.0,94.68,Present,Completed,8.62,57.5,5.8,94.2,2.9,88.41,Yes,100,0,118.97,33735,33922,Backlog Exists,Low,Average,Breached
REC001561,EMP001,Employee 001,Team A,Document Verification,2026-08-09,General,97,89,8,2,3,95,85,4.77,8.0,97.25,Present,Partial,11.12,74.17,2.25,97.75,3.37,95.51,No,100,0,91.75,33922,34142,Backlog Exists,Low,Good,Met
REC001562,EMP002,Employee 002,Team A,Document Verification,2026-08-09,General,101,92,9,3,2,95,83,4.78,8.0,96.22,Present,Partial,11.5,76.67,3.26,96.74,2.17,90.22,Yes,100,0,91.09,33922,34142,Backlog Exists,Average,Good,At Risk
REC001563,EMP003,Employee 003,Team A,Document Verification,2026-08-09,General,95,87,8,6,2,95,78,4.84,8.0,93.32,Present,Partial,10.88,72.5,6.9,93.1,2.3,89.66,Yes,100,0,91.58,33922,34142,Backlog Exists,Low,Average,Breached
REC001564,EMP004,Employee 004,Team A,Document Verification,2026-08-09,Night,46,42,4,2,1,95,40,5.77,4.0,95.4,Half Day,Partial,10.5,70.0,4.76,95.24,2.38,95.24,No,50,0,91.3,33922,34142,Backlog Exists,Low,Good,Met
REC001565,EMP005,Employee 005,Team A,Document Verification,2026-08-09,Night,128,117,11,1,3,95,111,4.03,8.0,98.99,Present,Partial,14.62,97.5,0.85,99.15,2.56,94.87,Yes,100,0,91.41,33922,34142,Backlog Exists,High,Excellent,At Risk
REC001566,EMP006,Employee 006,Team A,Document Verification,2026-08-09,Afternoon,89,82,7,2,2,95,71,4.66,8.0,97.98,Present,Partial,10.25,68.33,2.44,97.56,2.44,86.59,Yes,100,0,92.13,33922,34142,Backlog Exists,Low,Good,Breached
REC001567,EMP007,Employee 007,Team A,Document Verification,2026-08-09,General,42,39,3,2,1,95,35,6.09,8.0,94.0,Present,Partial,4.88,32.5,5.13,94.87,2.56,89.74,Yes,100,0,92.86,33922,34142,Backlog Exists,Low,Average,Breached
REC001568,EMP008,Employee 008,Team A,Document Verification,2026-08-09,General,73,67,6,4,0,95,62,3.97,8.0,93.57,Present,Partial,8.38,55.83,5.97,94.03,0.0,92.54,Yes,100,0,91.78,33922,34142,Backlog Exists,Low,Average,At Risk
REC001569,EMP009,Employee 009,Team A,Document Verification,2026-08-09,General,52,48,4,3,1,95,38,4.31,8.0,93.14,Present,Partial,6.0,40.0,6.25,93.75,2.08,79.17,Yes,100,0,92.31,33922,34142,Backlog Exists,Low,Average,Breached
REC001570,EMP010,Employee 010,Team A,Document Verification,2026-08-09,General,110,100,10,1,2,95,96,5.99,8.0,99.21,Present,Partial,12.5,83.33,1.0,99.0,2.0,96.0,No,100,0,90.91,33922,34142,Backlog Exists,Average,Excellent,Met
REC001571,EMP011,Employee 011,Team B,Data Entry,2026-08-09,General,132,102,30,7,3,95,93,3.18,8.0,93.44,Present,Partial,12.75,85.0,6.86,93.14,2.94,91.18,Yes,100,0,77.27,33922,34142,Backlog Exists,Average,Average,At Risk
REC001572,EMP012,Employee 012,Team B,Data Entry,2026-08-09,Afternoon,150,116,34,3,1,95,108,5.75,8.0,97.47,Present,Partial,14.5,96.67,2.59,97.41,0.86,93.1,Yes,100,0,77.33,33922,34142,Backlog Exists,High,Good,At Risk
REC001573,EMP013,Employee 013,Team B,Data Entry,2026-08-09,Night,122,94,28,5,2,95,86,3.98,8.0,95.11,Present,Partial,11.75,78.33,5.32,94.68,2.13,91.49,Yes,100,0,77.05,33922,34142,Backlog Exists,Average,Good,At Risk
REC001574,EMP014,Employee 014,Team B,Data Entry,2026-08-09,Morning,143,111,32,4,4,95,101,6.37,8.0,96.4,Present,Partial,13.88,92.5,3.6,96.4,3.6,90.99,Yes,100,0,77.62,33922,34142,Backlog Exists,High,Good,At Risk
REC001575,EMP015,Employee 015,Team B,Data Entry,2026-08-09,Night,56,43,13,4,0,95,32,7.09,8.0,91.02,Present,Partial,5.38,35.83,9.3,90.7,0.0,74.42,Yes,100,0,76.79,33922,34142,Backlog Exists,Low,Average,Breached
REC001576,EMP016,Employee 016,Team B,Data Entry,2026-08-09,Night,133,103,30,1,1,95,98,4.93,8.0,98.99,Present,Partial,12.88,85.83,0.97,99.03,0.97,95.15,No,100,0,77.44,33922,34142,Backlog Exists,Average,Excellent,Met
REC001577,EMP017,Employee 017,Team B,Data Entry,2026-08-09,Afternoon,102,79,23,9,4,95,66,6.35,8.0,88.24,Present,Partial,9.88,65.83,11.39,88.61,5.06,83.54,Yes,100,0,77.45,33922,34142,Backlog Exists,Low,Needs Improvement,Breached
REC001578,EMP018,Employee 018,Team B,Data Entry,2026-08-09,Morning,94,73,21,3,1,95,64,6.87,8.0,96.54,Present,Partial,9.12,60.83,4.11,95.89,1.37,87.67,Yes,100,0,77.66,33922,34142,Backlog Exists,Low,Good,Breached
REC001579,EMP019,Employee 019,Team B,Data Entry,2026-08-09,Night,126,97,29,0,2,95,92,4.61,8.0,99.96,Present,Partial,12.12,80.83,0.0,100.0,2.06,94.85,Yes,100,0,76.98,33922,34142,Backlog Exists,Average,Excellent,At Risk
REC001580,EMP020,Employee 020,Team B,Data Entry,2026-08-09,Afternoon,71,58,13,4,1,95,42,4.91,8.0,92.76,Present,Partial,7.25,48.33,6.9,93.1,1.72,72.41,Yes,100,0,81.69,33922,34142,Backlog Exists,Low,Average,Breached
REC001581,EMP021,Employee 021,Team C,Application Processing,2026-08-09,Afternoon,117,101,16,1,3,95,94,5.19,8.0,99.36,Present,Partial,12.62,84.17,0.99,99.01,2.97,93.07,Yes,100,0,86.32,33922,34142,Backlog Exists,Average,Excellent,At Risk
REC001582,EMP022,Employee 022,Team C,Application Processing,2026-08-09,General,0,0,0,0,0,95,0,5.92,0.0,96.96,Leave,Pending,0.0,0.0,0.0,100.0,0.0,0.0,Yes,0,100,0.0,33922,34142,Backlog Exists,Low,Good,Breached
REC001583,EMP023,Employee 023,Team C,Application Processing,2026-08-09,Night,147,126,21,0,3,95,121,2.98,8.0,99.98,Present,Partial,15.75,100.0,0.0,100.0,2.38,96.03,No,100,0,85.71,33922,34142,Backlog Exists,High,Excellent,Met
REC001584,EMP024,Employee 024,Team C,Application Processing,2026-08-09,Night,86,74,12,3,2,95,69,5.04,8.0,95.62,Present,Partial,9.25,61.67,4.05,95.95,2.7,93.24,Yes,100,0,86.05,33922,34142,Backlog Exists,Low,Good,At Risk
REC001585,EMP025,Employee 025,Team C,Application Processing,2026-08-09,Afternoon,0,0,0,0,0,95,0,5.3,0.0,95.02,Leave,Pending,0.0,0.0,0.0,100.0,0.0,0.0,Yes,0,100,0.0,33922,34142,Backlog Exists,Low,Good,Breached
REC001586,EMP026,Employee 026,Team C,Application Processing,2026-08-09,Afternoon,149,127,22,3,2,95,118,2.66,8.0,97.64,Present,Partial,15.88,100.0,2.36,97.64,1.57,92.91,Yes,100,0,85.23,33922,34142,Backlog Exists,High,Good,At Risk
REC001587,EMP027,Employee 027,Team C,Application Processing,2026-08-09,Afternoon,90,77,13,4,2,95,68,3.27,8.0,95.01,Present,Partial,9.62,64.17,5.19,94.81,2.6,88.31,Yes,100,0,85.56,33922,34142,Backlog Exists,Low,Good,Breached
REC001588,EMP028,Employee 028,Team C,Application Processing,2026-08-09,Morning,77,66,11,6,1,95,54,7.91,8.0,90.93,Present,Partial,8.25,55.0,9.09,90.91,1.52,81.82,Yes,100,0,85.71,33922,34142,Backlog Exists,Low,Average,Breached
REC001589,EMP029,Employee 029,Team C,Application Processing,2026-08-09,Morning,152,130,22,1,3,95,127,2.7,8.0,98.99,Present,Partial,16.25,100.0,0.77,99.23,2.31,97.69,No,100,0,85.53,33922,34142,Backlog Exists,High,Excellent,Met
REC001590,EMP030,Employee 030,Team C,Application Processing,2026-08-09,General,48,42,6,3,0,95,32,6.78,7.5,91.88,Late,Partial,5.6,37.33,7.14,92.86,0.0,76.19,Yes,100,0,87.5,33922,34142,Backlog Exists,Low,Average,Breached
REC001591,EMP031,Employee 031,Team D,Quality Review,2026-08-09,General,55,75,0,2,1,95,68,6.01,8.0,97.48,Present,Completed,9.38,62.5,2.67,97.33,1.33,90.67,Yes,100,0,136.36,33922,34142,Backlog Exists,Low,Good,At Risk
REC001592,EMP032,Employee 032,Team D,Quality Review,2026-08-09,Afternoon,47,64,0,6,2,95,55,6.95,8.0,90.97,Present,Completed,8.0,53.33,9.38,90.62,3.12,85.94,Yes,100,0,136.17,33922,34142,Backlog Exists,Low,Average,Breached
REC001593,EMP033,Employee 033,Team D,Quality Review,2026-08-09,Morning,59,81,0,4,2,95,72,5.32,8.0,94.67,Present,Completed,10.12,67.5,4.94,95.06,2.47,88.89,Yes,100,0,137.29,33922,34142,Backlog Exists,Low,Average,Breached
REC001594,EMP034,Employee 034,Team D,Quality Review,2026-08-09,Night,54,74,0,6,4,95,66,6.52,8.0,91.27,Present,Completed,9.25,61.67,8.11,91.89,5.41,89.19,Yes,100,0,137.04,33922,34142,Backlog Exists,Low,Average,Breached
REC001595,EMP035,Employee 035,Team D,Quality Review,2026-08-09,Morning,49,66,0,2,1,95,58,6.22,8.0,97.18,Present,Completed,8.25,55.0,3.03,96.97,1.52,87.88,Yes,100,0,134.69,33922,34142,Backlog Exists,Low,Good,Breached
REC001596,EMP036,Employee 036,Team D,Quality Review,2026-08-09,Night,43,58,0,2,0,95,54,4.81,8.0,96.08,Present,Completed,7.25,48.33,3.45,96.55,0.0,93.1,Yes,100,0,134.88,33922,34142,Backlog Exists,Low,Good,At Risk
REC001597,EMP037,Employee 037,Team D,Quality Review,2026-08-09,Afternoon,93,127,0,1,2,95,120,6.32,8.0,99.32,Present,Completed,15.88,100.0,0.79,99.21,1.57,94.49,Yes,100,0,136.56,33922,34142,Backlog Exists,High,Excellent,At Risk
REC001598,EMP038,Employee 038,Team D,Quality Review,2026-08-09,General,76,103,0,3,3,95,94,6.69,8.0,96.68,Present,Completed,12.88,85.83,2.91,97.09,2.91,91.26,Yes,100,0,135.53,33922,34142,Backlog Exists,Average,Good,At Risk
REC001599,EMP039,Employee 039,Team D,Quality Review,2026-08-09,Morning,83,114,0,8,3,95,102,4.3,8.0,93.36,Present,Completed,14.25,95.0,7.02,92.98,2.63,89.47,Yes,100,0,137.35,33922,34142,Backlog Exists,High,Average,Breached
REC001600,EMP040,Employee 040,Team D,Quality Review,2026-08-09,Night,57,80,0,7,2,95,71,6.24,8.0,91.64,Present,Completed,10.0,66.67,8.75,91.25,2.5,88.75,Yes,100,0,140.35,33922,34142,Backlog Exists,Low,Average,Breached
REC001601,EMP001,Employee 001,Team A,Document Verification,2026-08-10,General,155,108,47,7,4,95,96,4.03,8.0,93.3,Present,Partial,13.5,90.0,6.48,93.52,3.7,88.89,Yes,100,0,69.68,34142,35931,Backlog Exists,High,Average,Breached
REC001602,EMP002,Employee 002,Team A,Document Verification,2026-08-10,General,124,86,38,6,3,95,82,6.65,8.0,93.27,Present,Partial,10.75,71.67,6.98,93.02,3.49,95.35,No,100,0,69.35,34142,35931,Backlog Exists,Low,Average,Met
REC001603,EMP003,Employee 003,Team A,Document Verification,2026-08-10,General,129,90,39,2,2,95,86,6.88,8.0,97.24,Present,Partial,11.25,75.0,2.22,97.78,2.22,95.56,No,100,0,69.77,34142,35931,Backlog Exists,Average,Good,Met
REC001604,EMP004,Employee 004,Team A,Document Verification,2026-08-10,Night,94,65,29,3,0,95,61,6.9,8.0,95.51,Present,Partial,8.12,54.17,4.62,95.38,0.0,93.85,Yes,100,0,69.15,34142,35931,Backlog Exists,Low,Good,At Risk
REC001605,EMP005,Employee 005,Team A,Document Verification,2026-08-10,Night,184,127,57,0,4,95,126,6.07,8.0,99.62,Present,Partial,15.88,100.0,0.0,100.0,3.15,99.21,No,100,0,69.02,34142,35931,Backlog Exists,High,Excellent,Met
REC001606,EMP006,Employee 006,Team A,Document Verification,2026-08-10,Afternoon,127,88,39,3,1,95,79,6.45,8.0,96.59,Present,Partial,11.0,73.33,3.41,96.59,1.14,89.77,Yes,100,0,69.29,34142,35931,Backlog Exists,Low,Good,Breached
REC001607,EMP007,Employee 007,Team A,Document Verification,2026-08-10,General,91,63,28,5,0,95,47,6.76,8.0,91.44,Present,Partial,7.88,52.5,7.94,92.06,0.0,74.6,Yes,100,0,69.23,34142,35931,Backlog Exists,Low,Average,Breached
REC001608,EMP008,Employee 008,Team A,Document Verification,2026-08-10,General,137,95,42,5,1,95,87,3.4,8.0,94.65,Present,Partial,11.88,79.17,5.26,94.74,1.05,91.58,Yes,100,0,69.34,34142,35931,Backlog Exists,Average,Average,At Risk
REC001609,EMP009,Employee 009,Team A,Document Verification,2026-08-10,General,92,64,28,6,1,95,53,5.62,8.0,90.35,Present,Partial,8.0,53.33,9.38,90.62,1.56,82.81,Yes,100,0,69.57,34142,35931,Backlog Exists,Low,Average,Breached
REC001610,EMP010,Employee 010,Team A,Document Verification,2026-08-10,General,182,128,54,1,2,95,123,3.37,8.0,99.55,Present,Partial,16.0,100.0,0.78,99.22,1.56,96.09,No,100,0,70.33,34142,35931,Backlog Exists,High,Excellent,Met
REC001611,EMP011,Employee 011,Team B,Data Entry,2026-08-10,General,169,95,74,4,1,95,87,5.96,8.0,96.16,Present,Partial,11.88,79.17,4.21,95.79,1.05,91.58,Yes,100,0,56.21,34142,35931,Backlog Exists,Average,Good,At Risk
REC001612,EMP012,Employee 012,Team B,Data Entry,2026-08-10,Afternoon,221,124,97,2,1,95,113,5.17,8.0,98.34,Present,Partial,15.5,100.0,1.61,98.39,0.81,91.13,Yes,100,0,56.11,34142,35931,Backlog Exists,High,Excellent,At Risk
REC001613,EMP013,Employee 013,Team B,Data Entry,2026-08-10,Night,117,65,52,4,2,95,62,3.16,8.0,93.84,Present,Partial,8.12,54.17,6.15,93.85,3.08,95.38,No,100,0,55.56,34142,35931,Backlog Exists,Low,Average,Met
REC001614,EMP014,Employee 014,Team B,Data Entry,2026-08-10,Morning,176,99,77,7,3,95,94,5.47,8.0,93.39,Present,Partial,12.38,82.5,7.07,92.93,3.03,94.95,Yes,100,0,56.25,34142,35931,Backlog Exists,Average,Average,At Risk
REC001615,EMP015,Employee 015,Team B,Data Entry,2026-08-10,Night,99,56,43,3,1,95,44,7.06,8.0,94.61,Present,Partial,7.0,46.67,5.36,94.64,1.79,78.57,Yes,100,0,56.57,34142,35931,Backlog Exists,Low,Average,Breached
REC001616,EMP016,Employee 016,Team B,Data Entry,2026-08-10,Night,169,94,75,0,1,95,92,5.79,8.0,99.96,Present,Partial,11.75,78.33,0.0,100.0,1.06,97.87,No,100,0,55.62,34142,35931,Backlog Exists,Average,Excellent,Met
REC001617,EMP017,Employee 017,Team B,Data Entry,2026-08-10,Afternoon,135,75,60,9,4,95,67,5.81,8.0,88.23,Present,Partial,9.38,62.5,12.0,88.0,5.33,89.33,Yes,100,0,55.56,34142,35931,Backlog Exists,Low,Needs Improvement,Breached
REC001618,EMP018,Employee 018,Team B,Data Entry,2026-08-10,Morning,121,68,53,3,1,95,65,3.82,8.0,95.48,Present,Partial,8.5,56.67,4.41,95.59,1.47,95.59,No,100,0,56.2,34142,35931,Backlog Exists,Low,Good,Met
REC001619,EMP019,Employee 019,Team B,Data Entry,2026-08-10,Night,219,123,96,3,2,95,118,4.28,8.0,97.94,Present,Partial,15.38,100.0,2.44,97.56,1.63,95.93,No,100,0,56.16,34142,35931,Backlog Exists,High,Good,Met
REC001620,EMP020,Employee 020,Team B,Data Entry,2026-08-10,Afternoon,149,85,64,5,1,95,66,4.39,8.0,94.22,Present,Partial,10.62,70.83,5.88,94.12,1.18,77.65,Yes,100,0,57.05,34142,35931,Backlog Exists,Low,Average,Breached
REC001621,EMP021,Employee 021,Team C,Application Processing,2026-08-10,Afternoon,176,123,53,3,4,95,113,6.24,8.0,97.6,Present,Partial,15.38,100.0,2.44,97.56,3.25,91.87,Yes,100,0,69.89,34142,35931,Backlog Exists,High,Good,At Risk
REC001622,EMP022,Employee 022,Team C,Application Processing,2026-08-10,General,99,69,30,5,2,95,61,3.02,8.0,93.34,Present,Partial,8.62,57.5,7.25,92.75,2.9,88.41,Yes,100,0,69.7,34142,35931,Backlog Exists,Low,Average,Breached
REC001623,EMP023,Employee 023,Team C,Application Processing,2026-08-10,Night,177,124,53,4,4,95,123,3.48,8.0,97.16,Present,Partial,15.5,100.0,3.23,96.77,3.23,99.19,No,100,0,70.06,34142,35931,Backlog Exists,High,Good,Met
REC001624,EMP024,Employee 024,Team C,Application Processing,2026-08-10,Night,165,116,49,3,2,95,106,4.93,8.0,97.78,Present,Partial,14.5,96.67,2.59,97.41,1.72,91.38,Yes,100,0,70.3,34142,35931,Backlog Exists,High,Good,At Risk
REC001625,EMP025,Employee 025,Team C,Application Processing,2026-08-10,Afternoon,146,102,44,3,2,95,93,4.01,8.0,96.95,Present,Partial,12.75,85.0,2.94,97.06,1.96,91.18,Yes,100,0,69.86,34142,35931,Backlog Exists,Average,Good,At Risk
REC001626,EMP026,Employee 026,Team C,Application Processing,2026-08-10,Afternoon,168,118,50,2,1,95,112,5.88,8.0,97.98,Present,Partial,14.75,98.33,1.69,98.31,0.85,94.92,Yes,100,0,70.24,34142,35931,Backlog Exists,High,Good,At Risk
REC001627,EMP027,Employee 027,Team C,Application Processing,2026-08-10,Afternoon,151,105,46,3,4,95,95,5.27,8.0,96.83,Present,Partial,13.12,87.5,2.86,97.14,3.81,90.48,Yes,100,0,69.54,34142,35931,Backlog Exists,Average,Good,At Risk
REC001628,EMP028,Employee 028,Team C,Application Processing,2026-08-10,Morning,65,45,20,5,1,95,40,7.65,8.0,89.16,Present,Partial,5.62,37.5,11.11,88.89,2.22,88.89,Yes,100,0,69.23,34142,35931,Backlog Exists,Low,Needs Improvement,Breached
REC001629,EMP029,Employee 029,Team C,Application Processing,2026-08-10,Morning,156,109,47,1,1,95,107,3.06,8.0,98.87,Present,Partial,13.62,90.83,0.92,99.08,0.92,98.17,No,100,0,69.87,34142,35931,Backlog Exists,High,Excellent,Met
REC001630,EMP030,Employee 030,Team C,Application Processing,2026-08-10,General,119,84,35,7,1,95,63,7.67,8.0,91.86,Present,Partial,10.5,70.0,8.33,91.67,1.19,75.0,Yes,100,0,70.59,34142,35931,Backlog Exists,Low,Average,Breached
REC001631,EMP031,Employee 031,Team D,Quality Review,2026-08-10,General,141,105,36,7,3,95,99,5.76,8.0,93.01,Present,Partial,13.12,87.5,6.67,93.33,2.86,94.29,Yes,100,0,74.47,34142,35931,Backlog Exists,Average,Average,At Risk
REC001632,EMP032,Employee 032,Team D,Quality Review,2026-08-10,Afternoon,89,66,23,5,2,95,57,5.13,8.0,91.83,Present,Partial,8.25,55.0,7.58,92.42,3.03,86.36,Yes,100,0,74.16,34142,35931,Backlog Exists,Low,Average,Breached
REC001633,EMP033,Employee 033,Team D,Quality Review,2026-08-10,Morning,108,81,27,4,2,95,75,6.44,8.0,95.21,Present,Partial,10.12,67.5,4.94,95.06,2.47,92.59,Yes,100,0,75.0,34142,35931,Backlog Exists,Low,Good,At Risk
REC001634,EMP034,Employee 034,Team D,Quality Review,2026-08-10,Night,75,56,19,5,2,95,48,4.47,8.0,91.69,Present,Partial,7.0,46.67,8.93,91.07,3.57,85.71,Yes,100,0,74.67,34142,35931,Backlog Exists,Low,Average,Breached
REC001635,EMP035,Employee 035,Team D,Quality Review,2026-08-10,Morning,118,88,30,5,3,95,79,4.06,8.0,94.88,Present,Partial,11.0,73.33,5.68,94.32,3.41,89.77,Yes,100,0,74.58,34142,35931,Backlog Exists,Low,Average,Breached
REC001636,EMP036,Employee 036,Team D,Quality Review,2026-08-10,Night,105,79,26,5,2,95,70,5.47,8.0,93.65,Present,Partial,9.88,65.83,6.33,93.67,2.53,88.61,Yes,100,0,75.24,34142,35931,Backlog Exists,Low,Average,Breached
REC001637,EMP037,Employee 037,Team D,Quality Review,2026-08-10,Afternoon,158,118,40,3,3,95,114,4.29,8.0,97.47,Present,Partial,14.75,98.33,2.54,97.46,2.54,96.61,No,100,0,74.68,34142,35931,Backlog Exists,High,Good,Met
REC001638,EMP038,Employee 038,Team D,Quality Review,2026-08-10,General,89,67,22,2,1,95,62,6.16,8.0,96.96,Present,Partial,8.38,55.83,2.99,97.01,1.49,92.54,Yes,100,0,75.28,34142,35931,Backlog Exists,Low,Good,At Risk
REC001639,EMP039,Employee 039,Team D,Quality Review,2026-08-10,Morning,118,88,30,4,1,95,78,5.92,8.0,95.8,Present,Partial,11.0,73.33,4.55,95.45,1.14,88.64,Yes,100,0,74.58,34142,35931,Backlog Exists,Low,Good,Breached
REC001640,EMP040,Employee 040,Team D,Quality Review,2026-08-10,Night,71,54,17,3,2,95,49,7.33,8.0,94.1,Present,Partial,6.75,45.0,5.56,94.44,3.7,90.74,Yes,100,0,76.06,34142,35931,Backlog Exists,Low,Average,At Risk
